city,month,day,fajr,sunrise,dhuhr,asr,maghrib,isha
azizayah,1,1,6:40,8:09,13:15,15:54,18:17,19:42
azizayah,1,2,6:40,8:09,13:15,15:55,18:17,19:43
azizayah,1,3,6:40,8:10,13:16,15:56,18:18,19:44
azizayah,1,4,6:40,8:10,13:16,15:56,18:19,19:44
azizayah,1,5,6:41,8:10,13:17,15:57,18:20,19:45
azizayah,1,6,6:41,8:10,13:17,15:58,18:20,19:46
azizayah,1,7,6:41,8:10,13:18,15:59,18:21,19:46
azizayah,1,8,6:41,8:10,13:18,15:59,18:22,19:47
azizayah,1,9,6:41,8:10,13:18,16:00,18:23,19:48
azizayah,1,10,6:41,8:10,13:19,16:01,18:24,19:49
azizayah,1,11,6:41,8:10,13:19,16:02,18:25,19:49
azizayah,1,12,6:41,8:10,13:20,16:03,18:25,19:50
azizayah,1,13,6:41,8:10,13:20,16:03,18:26,19:51
azizayah,1,14,6:41,8:10,13:20,16:04,18:27,19:52
azizayah,1,15,6:41,8:09,13:21,16:05,18:28,19:52
azizayah,1,16,6:41,8:09,13:21,16:06,18:29,19:53
azizayah,1,17,6:41,8:09,13:21,16:07,18:30,19:54
azizayah,1,18,6:41,8:09,13:22,16:07,18:31,19:55
azizayah,1,19,6:41,8:08,13:22,16:08,18:32,19:56
azizayah,1,20,6:40,8:08,13:22,16:09,18:33,19:56
azizayah,1,21,6:40,8:08,13:23,16:10,18:34,19:57
azizayah,1,22,6:40,8:07,13:23,16:11,18:35,19:58
azizayah,1,23,6:40,8:07,13:23,16:12,18:36,19:59
azizayah,1,24,6:39,8:07,13:24,16:12,18:37,20:00
azizayah,1,25,6:39,8:06,13:24,16:13,18:38,20:01
azizayah,1,26,6:39,8:06,13:24,16:14,18:38,20:01
azizayah,1,27,6:38,8:05,13:24,16:15,18:39,20:02
azizayah,1,28,6:38,8:05,13:24,16:16,18:40,20:03
azizayah,1,29,6:38,8:04,13:25,16:16,18:41,20:04
azizayah,1,30,6:37,8:03,13:25,16:17,18:42,20:05
azizayah,1,31,6:37,8:03,13:25,16:18,18:43,20:05
azizayah,2,1,6:36,8:02,13:25,16:19,18:44,20:06
azizayah,2,2,6:36,8:02,13:25,16:20,18:45,20:07
azizayah,2,3,6:35,8:01,13:25,16:20,18:46,20:08
azizayah,2,4,6:34,8:00,13:26,16:21,18:47,20:09
azizayah,2,5,6:34,7:59,13:26,16:22,18:48,20:09
azizayah,2,6,6:33,7:59,13:26,16:23,18:49,20:10
azizayah,2,7,6:33,7:58,13:26,16:23,18:50,20:11
azizayah,2,8,6:32,7:57,13:26,16:24,18:51,20:12
azizayah,2,9,6:31,7:56,13:26,16:25,18:52,20:13
azizayah,2,10,6:30,7:55,13:26,16:26,18:53,20:13
azizayah,2,11,6:30,7:54,13:26,16:26,18:54,20:14
azizayah,2,12,6:29,7:54,13:26,16:27,18:54,20:15
azizayah,2,13,6:28,7:53,13:26,16:28,18:55,20:16
azizayah,2,14,6:27,7:52,13:26,16:28,18:56,20:17
azizayah,2,15,6:26,7:51,13:26,16:29,18:57,20:17
azizayah,2,16,6:26,7:50,13:26,16:29,18:58,20:18
azizayah,2,17,6:25,7:49,13:26,16:30,18:59,20:19
azizayah,2,18,6:24,7:48,13:26,16:31,19:00,20:20
azizayah,2,19,6:23,7:47,13:26,16:31,19:01,20:21
azizayah,2,20,6:22,7:46,13:26,16:32,19:01,20:21
azizayah,2,21,6:21,7:45,13:25,16:32,19:02,20:22
azizayah,2,22,6:20,7:44,13:25,16:33,19:03,20:23
azizayah,2,23,6:19,7:42,13:25,16:33,19:04,20:24
azizayah,2,24,6:18,7:41,13:25,16:34,19:05,20:24
azizayah,2,25,6:17,7:40,13:25,16:34,19:06,20:25
azizayah,2,26,6:16,7:39,13:25,16:35,19:06,20:26
azizayah,2,27,6:15,7:38,13:25,16:35,19:07,20:27
azizayah,2,28,6:13,7:37,13:24,16:36,19:08,20:27
azizayah,2,29,6:13,7:37,13:24,16:36,19:08,20:27
azizayah,3,1,6:12,7:36,13:24,16:36,19:09,20:28
azizayah,3,2,6:11,7:34,13:24,16:37,19:10,20:29
azizayah,3,3,6:10,7:33,13:24,16:37,19:10,20:30
azizayah,3,4,6:09,7:32,13:24,16:38,19:11,20:30
azizayah,3,5,6:08,7:31,13:23,16:38,19:12,20:31
azizayah,3,6,6:06,7:30,13:23,16:38,19:13,20:32
azizayah,3,7,6:05,7:28,13:23,16:39,19:13,20:33
azizayah,3,8,6:04,7:27,13:23,16:39,19:14,20:33
azizayah,3,9,6:03,7:26,13:22,16:39,19:15,20:34
azizayah,3,10,6:01,7:25,13:22,16:40,19:16,20:35
azizayah,3,11,6:00,7:23,13:22,16:40,19:16,20:35
azizayah,3,12,5:59,7:22,13:21,16:40,19:17,20:36
azizayah,3,13,5:57,7:21,13:21,16:41,19:18,20:37
azizayah,3,14,5:56,7:19,13:21,16:41,19:18,20:38
azizayah,3,15,5:55,7:18,13:21,16:41,19:19,20:38
azizayah,3,16,5:53,7:17,13:20,16:41,19:20,20:39
azizayah,3,17,5:52,7:15,13:20,16:42,19:21,20:40
azizayah,3,18,5:51,7:14,13:20,16:42,19:21,20:41
azizayah,3,19,5:49,7:13,13:19,16:42,19:22,20:41
azizayah,3,20,5:48,7:11,13:19,16:42,19:23,20:42
azizayah,3,21,5:47,7:10,13:19,16:42,19:23,20:43
azizayah,3,22,5:45,7:09,13:18,16:43,19:24,20:44
azizayah,3,23,5:44,7:07,13:18,16:43,19:25,20:45
azizayah,3,24,5:42,7:06,13:18,16:43,19:25,20:45
azizayah,3,25,5:41,7:05,13:17,16:43,19:26,20:46
azizayah,3,26,5:39,7:04,13:17,16:43,19:27,20:47
azizayah,3,27,5:38,7:02,13:17,16:43,19:27,20:48
azizayah,3,28,5:37,7:01,13:17,16:43,19:28,20:48
azizayah,3,29,5:35,7:00,13:16,16:44,19:29,20:49
azizayah,3,30,5:34,6:58,13:16,16:44,19:30,20:50
azizayah,3,31,5:32,6:57,13:16,16:44,19:30,20:51
azizayah,4,1,5:31,6:56,13:15,16:44,19:31,20:52
azizayah,4,2,5:29,6:54,13:15,16:44,19:32,20:53
azizayah,4,3,5:28,6:53,13:15,16:44,19:32,20:53
azizayah,4,4,5:26,6:52,13:14,16:44,19:33,20:54
azizayah,4,5,5:25,6:50,13:14,16:44,19:34,20:55
azizayah,4,6,5:24,6:49,13:14,16:44,19:34,20:56
azizayah,4,7,5:22,6:48,13:13,16:44,19:35,20:57
azizayah,4,8,5:21,6:47,13:13,16:44,19:36,20:58
azizayah,4,9,5:19,6:45,13:13,16:44,19:36,20:59
azizayah,4,10,5:18,6:44,13:13,16:44,19:37,20:59
azizayah,4,11,5:16,6:43,13:12,16:44,19:38,21:00
azizayah,4,12,5:15,6:42,13:12,16:44,19:38,21:01
azizayah,4,13,5:13,6:40,13:12,16:45,19:39,21:02
azizayah,4,14,5:12,6:39,13:12,16:45,19:40,21:03
azizayah,4,15,5:11,6:38,13:11,16:45,19:41,21:04
azizayah,4,16,5:09,6:37,13:11,16:45,19:41,21:05
azizayah,4,17,5:08,6:36,13:11,16:45,19:42,21:06
azizayah,4,18,5:06,6:34,13:11,16:45,19:43,21:07
azizayah,4,19,5:05,6:33,13:10,16:45,19:43,21:08
azizayah,4,20,5:04,6:32,13:10,16:45,19:44,21:09
azizayah,4,21,5:02,6:31,13:10,16:45,19:45,21:10
azizayah,4,22,5:01,6:30,13:10,16:45,19:46,21:11
azizayah,4,23,4:59,6:29,13:10,16:45,19:46,21:12
azizayah,4,24,4:58,6:28,13:09,16:45,19:47,21:13
azizayah,4,25,4:57,6:27,13:09,16:45,19:48,21:14
azizayah,4,26,4:55,6:26,13:09,16:45,19:49,21:15
azizayah,4,27,4:54,6:25,13:09,16:45,19:49,21:16
azizayah,4,28,4:53,6:24,13:09,16:45,19:50,21:17
azizayah,4,29,4:52,6:23,13:09,16:45,19:51,21:18
azizayah,4,30,4:50,6:22,13:08,16:45,19:51,21:19
azizayah,5,1,4:49,6:21,13:08,16:45,19:52,21:20
azizayah,5,2,4:48,6:20,13:08,16:45,19:53,21:21
azizayah,5,3,4:47,6:19,13:08,16:45,19:54,21:22
azizayah,5,4,4:45,6:18,13:08,16:45,19:54,21:23
azizayah,5,5,4:44,6:17,13:08,16:45,19:55,21:24
azizayah,5,6,4:43,6:16,13:08,16:45,19:56,21:25
azizayah,5,7,4:42,6:15,13:08,16:45,19:57,21:26
azizayah,5,8,4:41,6:14,13:08,16:45,19:57,21:27
azizayah,5,9,4:40,6:14,13:08,16:45,19:58,21:28
azizayah,5,10,4:39,6:13,13:08,16:45,19:59,21:29
azizayah,5,11,4:37,6:12,13:08,16:45,20:00,21:30
azizayah,5,12,4:36,6:11,13:08,16:45,20:00,21:31
azizayah,5,13,4:35,6:10,13:08,16:45,20:01,21:32
azizayah,5,14,4:34,6:10,13:08,16:45,20:02,21:33
azizayah,5,15,4:33,6:09,13:08,16:45,20:02,21:34
azizayah,5,16,4:32,6:08,13:08,16:45,20:03,21:35
azizayah,5,17,4:31,6:08,13:08,16:46,20:04,21:36
azizayah,5,18,4:31,6:07,13:08,16:46,20:05,21:37
azizayah,5,19,4:30,6:07,13:08,16:46,20:05,21:38
azizayah,5,20,4:29,6:06,13:08,16:46,20:06,21:39
azizayah,5,21,4:28,6:05,13:08,16:46,20:07,21:40
azizayah,5,22,4:27,6:05,13:08,16:46,20:07,21:41
azizayah,5,23,4:26,6:04,13:08,16:46,20:08,21:42
azizayah,5,24,4:26,6:04,13:08,16:46,20:09,21:43
azizayah,5,25,4:25,6:03,13:08,16:46,20:09,21:44
azizayah,5,26,4:24,6:03,13:08,16:46,20:10,21:45
azizayah,5,27,4:24,6:03,13:09,16:46,20:11,21:46
azizayah,5,28,4:23,6:02,13:09,16:47,20:11,21:47
azizayah,5,29,4:22,6:02,13:09,16:47,20:12,21:47
azizayah,5,30,4:22,6:02,13:09,16:47,20:12,21:48
azizayah,5,31,4:21,6:01,13:09,16:47,20:13,21:49
azizayah,6,1,4:21,6:01,13:09,16:47,20:14,21:50
azizayah,6,2,4:20,6:01,13:09,16:47,20:14,21:51
azizayah,6,3,4:20,6:00,13:10,16:47,20:15,21:51
azizayah,6,4,4:19,6:00,13:10,16:48,20:15,21:52
azizayah,6,5,4:19,6:00,13:10,16:48,20:16,21:53
azizayah,6,6,4:19,6:00,13:10,16:48,20:16,21:54
azizayah,6,7,4:18,6:00,13:10,16:48,20:17,21:54
azizayah,6,8,4:18,6:00,13:10,16:48,20:17,21:55
azizayah,6,9,4:18,6:00,13:11,16:48,20:18,21:55
azizayah,6,10,4:18,5:59,13:11,16:49,20:18,21:56
azizayah,6,11,4:17,5:59,13:11,16:49,20:19,21:57
azizayah,6,12,4:17,5:59,13:11,16:49,20:19,21:57
azizayah,6,13,4:17,5:59,13:11,16:49,20:19,21:58
azizayah,6,14,4:17,5:59,13:12,16:49,20:20,21:58
azizayah,6,15,4:17,5:59,13:12,16:49,20:20,21:58
azizayah,6,16,4:17,6:00,13:12,16:50,20:20,21:59
azizayah,6,17,4:17,6:00,13:12,16:50,20:21,21:59
azizayah,6,18,4:17,6:00,13:12,16:50,20:21,22:00
azizayah,6,19,4:17,6:00,13:13,16:50,20:21,22:00
azizayah,6,20,4:18,6:00,13:13,16:50,20:22,22:00
azizayah,6,21,4:18,6:00,13:13,16:51,20:22,22:00
azizayah,6,22,4:18,6:01,13:13,16:51,20:22,22:01
azizayah,6,23,4:18,6:01,13:13,16:51,20:22,22:01
azizayah,6,24,4:18,6:01,13:14,16:51,20:22,22:01
azizayah,6,25,4:19,6:01,13:14,16:52,20:22,22:01
azizayah,6,26,4:19,6:02,13:14,16:52,20:22,22:01
azizayah,6,27,4:19,6:02,13:14,16:52,20:23,22:01
azizayah,6,28,4:20,6:02,13:14,16:52,20:23,22:01
azizayah,6,29,4:20,6:03,13:15,16:52,20:23,22:01
azizayah,6,30,4:21,6:03,13:15,16:53,20:23,22:01
azizayah,7,1,4:21,6:03,13:15,16:53,20:23,22:01
azizayah,7,2,4:22,6:04,13:15,16:53,20:23,22:00
azizayah,7,3,4:22,6:04,13:15,16:53,20:23,22:00
azizayah,7,4,4:23,6:05,13: 16,16:53,20:22,22:00
azizayah,7,5,4:24,6:05,13:16,16:53,20:22,22:00
azizayah,7,6,4:24,6:06,13:16,16:54,20:22,21:59
azizayah,7,7,4:25,6:06,13:16,16:54,20:22,21:59
azizayah,7,8,4:26,6:07,13:16,16:54,20:22,21:59
azizayah,7,9,4:26,6:07,13:16,16:54,20:22,21:58
azizayah,7,10,4:27,6:08,13:16,16:54,20:21,21:58
azizayah,7,11,4:28,6:08,13:17,16:54,20:21,21:57
azizayah,7,12,4:29,6:09,13:17,16:55,20:21,21:57
azizayah,7,13,4:29,6:09,13:17,16:55,20:20,21:56
azizayah,7,14,4:30,6:10,13:17,16:55,20:20,21:56
azizayah,7,15,4:31,6:10,13:17,16:55,20:20,21:55
azizayah,7,16,4:32,6:11,13:17,16:55,20:19,21:54
azizayah,7,17,4:33,6:12,13:17,16:55,20:19,21:54
azizayah,7,18,4:34,6:12,13:17,16:55,20:18,21:53
azizayah,7,19,4:34,6:13,13:17,16:55,20:18,21:52
azizayah,7,20,4:35,6:13,13:17,16:55,20:17,21:52
azizayah,7,21,4:36,6:14,13:18,16:55,20:17,21:51
azizayah,7,22,4:37,6:15,13:18,16:55,20:16,21:50
azizayah,7,23,4:38,6:15,13:18,16:55,20:16,21:49
azizayah,7,24,4:39,6:16,13:18,16:55,20:15,21:48
azizayah,7,25,4:40,6:17,13:18,16:55,20:15,21:47
azizayah,7,26,4:41,6:17,13:18,16:55,20:14,21:46
azizayah,7,27,4:42,6:18,13:18,16:55,20:13,21:45
azizayah,7,28,4:43,6:19,13:18,16:55,20:13,21:44
azizayah,7,29,4:44,6:19,13:18,16:55,20:12,21:43
azizayah,7,30,4:45,6:20,13:18,16:55,20:11,21:42
azizayah,7,31,4:46,6:21,13:18,16:55,20:11,21:41
azizayah,8,1,4:47,6:21,13:18,16:55,20:10,21:40
azizayah,8,2,4:48,6:22,13:18,16:55,20:09,21:39
azizayah,8,3,4:49,6:23,13:18,16:55,20:08,21:38
azizayah,8,4,4:50,6:24,13:17,16:55,20:07,21:37
azizayah,8,5,4:51,6:24,13:17,16:55,20:06,21:36
azizayah,8,6,4:52,6:25,13:17,16:54,20:06,21:35
azizayah,8,7,4:53,6:26,13:17,16:54,20:05,21:34
azizayah,8,8,4:54,6:26,13:17,16:54,20:04,21:32
azizayah,8,9,4:55,6:27,13:17,16:54,20:03,21:31
azizayah,8,10,4:56,6:28,13:17,16:53,20:02,21:30
azizayah,8,11,4:57,6:28,13:17,16:53,20:01,21:29
azizayah,8,12,4:58,6:29,13:17,16:53,20:00,21:27
azizayah,8,13,4:59,6:30,13:16,16:53,19:59,21:26
azizayah,8,14,5:00,6:30,13:16,16:52,19:58,21:25
azizayah,8,15,5:01,6:31,13:16,16:52,19:57,21:23
azizayah,8,16,5:02,6:32,13:16,16:52,19:56,21:22
azizayah,8,17,5:03,6:33,13:16,16:51,19:55,21:21
azizayah,8,18,5:03,6:33,13:15,16:51,19:54,21:19
azizayah,8,19,5:04,6:34,13:15,16:50,19:53,21:18
azizayah,8,20,5:05,6:35,13:15,16:50,19:51,21:17
azizayah,8,21,5:06,6:35,13:15,16:50,19:50,21:15
azizayah,8,22,5:07,6:36,13:15,16:49,19:49,21:14
azizayah,8,23,5:08,6:37,13:14,16:49,19:48,21:12
azizayah,8,24,5:09,6:37,13:14,16:48,19:47,21:11
azizayah,8,25,5:10,6:38,13:14,16:48,19:46,21:10
azizayah,8,26,5:11,6:39,13:13,16:47,19:44,21:08
azizayah,8,27,5:12,6:39,13:13,16:47,19:43,21:07
azizayah,8,28,5:12,6:40,13:13,16:46,19:42,21:05
azizayah,8,29,5:13,6:40,13:13,16:46,19:41,21:04
azizayah,8,30,5:14,6:41,13:12,16:45,19:39,21:02
azizayah,8,31,5:15,6:42,13:12,16:44,19:38,21:01
azizayah,9,1,5:16,6:42,13:12,16:44,19:37,20:59
azizayah,9,2,5:17,6:43,13:11,16:43,19:36,20:58
azizayah,9,3,5:18,6:44,13:11,16:42,19:34,20:57
azizayah,9,4,5:18,6:44,13:11,16:42,19:33,20:55
azizayah,9,5,5:19,6:45,13:10,16:41,19:32,20:54
azizayah,9,6,5:20,6:46,13:10,16:40,19:30,20:52
azizayah,9,7,5:21,6:46,13:10,16:40,19:29,20:51
azizayah,9,8,5:22,6:47,13:09,16:39,19:28,20:49
azizayah,9,9,5:22,6:47,13:09,16:38,19:27,20:48
azizayah,9,10,5:23,6:48,13:09,16:38,19:25,20:46
azizayah,9,11,5:24,6:49,13:08,16:37,19:24,20:45
azizayah,9,12,5:25,6:49,13:08,16:36,19:22,20:43
azizayah,9,13,5:25,6:50,13:08,16:35,19:21,20:42
azizayah,9,14,5:26,6:50,13:07,16:34,19:20,20:40
azizayah,9,15,5:27,6:51,13:07,16:34,19:18,20:39
azizayah,9,16,5:28,6:52,13:06,16:33,19:17,20:37
azizayah,9,17,5:28,6:52,13:06,16:32,19:16,20:36
azizayah,9,18,5:29,6:53,13:06,16:31,19:14,20:34
azizayah,9,19,5:30,6:54,13:05,16:30,19:13,20:33
azizayah,9,20,5:30,6:54,13:05,16:30,19:12,20:31
azizayah,9,21,5:31,6:55,13:05,16:29,19:10,20:30
azizayah,9,22,5:32,6:55,13:04,16:28,19:09,20:29
azizayah,9,23,5:33,6:56,13:04,16:27,19:08,20:27
azizayah,9,24,5:33,6:57,13:03,16:26,19:06,20:26
azizayah,9,25,5:34,6:57,13:03,16:25,19:05,20:24
azizayah,9,26,5:35,6:58,13:03,16:24,19:03,20:23
azizayah,9,27,5:35,6:59,13:02,16:23,19:02,20:21
azizayah,9,28,5:36,6:59,13:02,16:23,19:01,20:20
azizayah,9,29,5:37,7:00,13:02,16:22,18:59,20:19
azizayah,9,30,5:37,7:01,13:01,16:21,18:58,20:17
azizayah,10,1,5:38,7:01,13:01,16:20,18:57,20:16
azizayah,10,2,5:39,7:02,13:01,16:19,18:55,20:15
azizayah,10,3,5:39,7:03,13:00,16:18,18:54,20:13
azizayah,10,4,5:40,7:03,13:00,16:17,18:53,20:12
azizayah,10,5,5:41,7:04,13:00,16:16,18:52,20:11
azizayah,10,6,5:41,7:05,12:59,16:15,18:50,20:09
azizayah,10,7,5:42,7:05,12:59,16:15,18:49,20:08
azizayah,10,8,5:43,7:06,12:59,16:14,18:48,20:07
azizayah,10,9,5:43,7:07,12:59,16:13,18:46,20:06
azizayah,10,10,5:44,7:07,12:58,16:12,18:45,20:04
azizayah,10,11,5:45,7:08,12:58,16:11,18:44,20:03
azizayah,10,12,5:45,7:09,12:58,16:10,18:43,20:02
azizayah,10,13,5:46,7:09,12:57,16:09,18:41,20:01
azizayah,10,14,5:47,7:10,12:57,16:08,18:40,20:00
azizayah,10,15,5:48,7:11,12:57,16:07,18:39,19:58
azizayah,10,16,5:48,7:12,12:57,16:07,18:38,19:57
azizayah,10,17,5:49,7:12,12:57,16:06,18:37,19:56
azizayah,10,18,5:50,7:13,12:56,16:05,18:36,19:55
azizayah,10,19,5:50,7:14,12:56,16:04,18:34,19:54
azizayah,10,20,5:51,7:15,12:56,16:03,18:33,19:53
azizayah,10,21,5:52,7:16,12:56,16:02,18:32,19:52
azizayah,10,22,5:52,7:16,12:56,16:02,18:31,19:51
azizayah,10,23,5:53,7:17,12:56,16:01,18:30,19:50
azizayah,10,24,5:54,7:18,12:55,16:00,18:29,19:49
azizayah,10,25,5:55,7:19,12:55,15:59,18:28,19:48
azizayah,10,26,5:55,7:20,12:55,15:58,18:27,19:47
azizayah,10,27,5:56,7:20,12:55,15:58,18:26,19:46
azizayah,10,28,5:57,7:21,12:55,15:57,18:25,19:45
azizayah,10,29,5:57,7:22,12:55,15:56,18:24,19:45
azizayah,10,30,5:58,7:23,12:55,15:56,18:23,19:44
azizayah,10,31,5:59,7:24,12:55,15:55,18:22,19:43
azizayah,11,1,6:00,7:25,12:55,15:54,18:21,19:42
azizayah,11,2,6:00,7:25,12:55,15:54,18:20,19:41
azizayah,11,3,6:01,7:26,12:55,15:53,18:19,19:41
azizayah,11,4,6:02,7:27,12:55,15:52,18:19,19:40
azizayah,11,5,6:03,7:28,12:55,15:52,18:18,19:39
azizayah,11,6,6:03,7:29,12:55,15:51,18:17,19:39
azizayah,11,7,6:04,7:30,12:55,15:50,18:16,19:38
azizayah,11,8,6:05,7:31,12:55,15:50,18:16,19:37
azizayah,11,9,6:06,7:32,12:55,15:49,18:15,19:37
azizayah,11,10,6:06,7:33,12:55,15:49,18:14,19:36
azizayah,11,11,6:07,7:33,12:55,15:48,18:13,19:36
azizayah,11,12,6:08,7:34,12:56,15:48,18:13,19:35
azizayah,11,13,6:09,7:35,12:56,15:47,18:12,19:35
azizayah,11,14,6:10,7:36,12:56,15:47,18:12,19:34
azizayah,11,15,6:10,7:37,12:56,15:47,18:11,19:34
azizayah,11,16,6:11,7:38,12:56,15:46,18:11,19:33
azizayah,11,17,6:12,7:39,12:56,15:46,18:10,19:33
azizayah,11,18,6:13,7:40,12:57,15:45,18:10,19:33
azizayah,11,19,6:13,7:41,12:57,15:45,18:09,19:32
azizayah,11,20,6:14,7:42,12:57,15:45,18:09,19:32
azizayah,11,21,6:15,7:43,12:57,15:45,18:08,19:32
azizayah,11,22,6:16,7:43,12:58,15:44,18:08,19:32
azizayah,11,23,6:17,7:44,12:58,15:44,18:08,19:31
azizayah,11,24,6:17,7:45,12:58,15:44,18:07,19:31
azizayah,11,25,6:18,7:46,12:59,15:44,18:07,19:31
azizayah,11,26,6:19,7:47,12:59,15:43,18:07,19:31
azizayah,11,27,6:20,7:48,12:59,15:43,18:07,19:31
azizayah,11,28,6:20,7:49,13:00,15:43,18:06,19:31
azizayah,11,29,6:21,7:50,13:00,15:43,18:06,19:31
azizayah,11,30,6:22,7:51,13:00,15:43,18:06,19:31
azizayah,12,1,6:23,7:51,13:01,15:43,18:06,19:31
azizayah,12,2,6:23,7:52,13:01,15:43,18:06,19:31
azizayah,12,3,6:24,7:53,13:01,15:43,18:06,19:31
azizayah,12,4,6:25,7:54,13:02,15:43,18:06,19:31
azizayah,12,5,6:25,7:55,13:02,15:43,18:06,19:31
azizayah,12,6,6:26,7:55,13:03,15:43,18:06,19:31
azizayah,12,7,6:27,7:56,13:03,15:43,18:06,19:31
azizayah,12,8,6:28,7:57,13:03,15:44,18:06,19:31
azizayah,12,9,6:28,7:58,13:04,15:44,18:06,19:32
azizayah,12,10,6:29,7:58,13:04,15:44,18:06,19:32
azizayah,12,11,6:30,7:59,13:05,15:44,18:06,19:32
azizayah,12,12,6:30,8:00,13:05,15:44,18:07,19:32
azizayah,12,13,6:31,8:01,13:06,15:45,18:07,19:33
azizayah,12,14,6:31,8:01,13:06,15:45,18:07,19:33
azizayah,12,15,6:32,8:02,13:07,15:45,18:07,19:33
azizayah,12,16,6:33,8:02,13:07,15:46,18:08,19:34
azizayah,12,17,6:33,8:03,13:08,15:46,18:08,19:34
azizayah,12,18,6:34,8:04,13:08,15:46,18:09,19:34
azizayah,12,19,6:34,8:04,13:09,15:47,18:09,19:35
azizayah,12,20,6:35,8:05,13:09,15:47,18:09,19:35
azizayah,12,21,6:35,8:05,13:10,15:48,18:10,19:36
azizayah,12,22,6:36,8:06,13:10,15:48,18:10,19:36
azizayah,12,23,6:36,8:06,13:11,15:49,18:11,19:37
azizayah,12,24,6:37,8:07,13:11,15:49,18:11,19:37
azizayah,12,25,6:37,8:07,13:11,15:50,18:12,19:38
azizayah,12,26,6:38,8:07,13:12,15:50,18:12,19:38
azizayah,12,27,6:38,8:08,13:12,15:51,18:13,19:39
azizayah,12,28,6:38,8:08,13:13,15:52,18:14,19:40
azizayah,12,29,6:39,8:08,13:13,15:52,18:14,19:40
azizayah,12,30,6:39,8:09,13:14,15:53,18:15,19:41
azizayah,12,31,6:39,8:09,13:14,15:53,18:16,19:41
baida,1,1,06:04,07:34,12:39,15:18,17:40,19:06
baida,1,2,06:04,07:34,12:39,15:19,17:41,19:07
baida,1,3,06:04,07:34,12:40,15:19,17:42,19:07
baida,1,4,06:05,07:34,12:40,15:20,17:42,19:08
baida,1,5,06:05,07:34,12:41,15:21,17:43,19:09
baida,1,6,06:05,07:35,12:41,15:21,17:44,19:09
baida,1,7,06:05,07:35,12:42,15:22,17:45,19:10
baida,1,8,06:05,07:35,12:42,15:23,17:46,19:11
baida,1,9,06:05,07:35,12:43,15:24,17:46,19:12
baida,1,10,06:05,07:35,12:43,15:25,17:47,19:12
baida,1,11,06:06,07:35,12:43,15:25,17:48,19:13
baida,1,12,06:06,07:34,12:44,15:26,17:49,19:14
baida,1,13,06:06,07:34,12:44,15:27,17:50,19:15
baida,1,14,06:05,07:34,12:44,15:28,17:51,19:15
baida,1,15,06:05,07:34,12:45,15:29,17:52,19:16
baida,1,16,06:05,07:34,12:45,15:29,17:53,19:17
baida,1,17,06:05,07:34,12:46,15:30,17:54,19:18
baida,1,18,06:05,07:33,12:46,15:31,17:55,19:19
baida,1,19,06:05,07:33,12:46,15:32,17:55,19:19
baida,1,20,06:05,07:33,12:47,15:33,17:56,19:20
baida,1,21,06:05,07:32,12:47,15:34,17:57,19:21
baida,1,22,06:04,07:32,12:47,15:34,17:58,19:22
baida,1,23,06:04,07:31,12:47,15:35,17:59,19:23
baida,1,24,06:04,07:31,12:48,15:36,18:00,19:24
baida,1,25,06:03,07:31,12:48,15:37,18:01,19:24
baida,1,26,06:03,07:30,12:48,15:38,18:02,19:25
baida,1,27,06:03,07:30,12:48,15:39,18:03,19:26
baida,1,28,06:02,07:29,12:49,15:39,18:04,19:27
baida,1,29,06:02,07:28,12:49,15:40,18:05,19:28
baida,1,30,06:01,07:28,12:49,15:41,18:06,19:28
baida,1,31,06:01,07:27,12:49,15:42,18:07,19:29
baida,2,1,06:00,07:27,12:49,15:43,18:08,19:30
baida,2,2,06:00,07:26,12:49,15:43,18:09,19:31
baida,2,3,05:59,07:25,12:50,15:44,18:10,19:32
baida,2,4,05:59,07:25,12:50,15:45,18:11,19:33
baida,2,5,05:58,07:24,12:50,15:46,18:12,19:33
baida,2,6,05:57,07:23,12:50,15:46,18:13,19:34
baida,2,7,05:57,07:22,12:50,15:47,18:14,19:35
baida,2,8,05:56,07:21,12:50,15:48,18:15,19:36
baida,2,9,05:55,07:21,12:50,15:49,18:15,19:37
baida,2,10,05:55,07:20,12:50,15:49,18:16,19:37
baida,2,11,05:54,07:19,12:50,15:50,18:17,19:38
baida,2,12,05:53,07:18,12:50,15:51,18:18,19:39
baida,2,13,05:52,07:17,12:50,15:51,18:19,19:40
baida,2,14,05:51,07:16,12:50,15:52,18:20,19:41
baida,2,15,05:51,07:15,12:50,15:53,18:21,19:41
baida,2,16,05:50,07:14,12:50,15:53,18:22,19:42
baida,2,17,05:49,07:13,12:50,15:54,18:23,19:43
baida,2,18,05:48,07:12,12:50,15:54,18:24,19:44
baida,2,19,05:47,07:11,12:50,15:55,18:24,19:45
baida,2,20,05:46,07:10,12:50,15:56,18:25,19:45
baida,2,21,05:45,07:09,12:50,15:56,18:26,19:46
baida,2,22,05:44,07:08,12:49,15:57,18:27,19:47
baida,2,23,05:43,07:07,12:49,15:57,18:28,19:48
baida,2,24,05:42,07:06,12:49,15:58,18:29,19:48
baida,2,25,05:41,07:05,12:49,15:58,18:29,19:49
baida,2,26,05:40,07:03,12:49,15:59,18:30,19:50
baida,2,27,05:39,07:02,12:49,15:59,18:31,19:51
baida,2,28,05:37,07:01,12:48,16:00,18:32,19:51
baida,2,29,05:37,07:01,12:48,16:00,18:32,19:51
baida,3,1,05:36,07:00,12:48,16:00,18:33,19:52
baida,3,2,05:35,06:59,12:48,16:01,18:33,19:53
baida,3,3,05:34,06:57,12:48,16:01,18:34,19:54
baida,3,4,05:33,06:56,12:48,16:01,18:35,19:54
baida,3,5,05:32,06:55,12:47,16:02,18:36,19:55
baida,3,6,05:30,06:54,12:47,16:02,18:37,19:56
baida,3,7,05:29,06:52,12:47,16:03,18:37,19:57
baida,3,8,05:28,06:51,12:47,16:03,18:38,19:57
baida,3,9,05:27,06:50,12:46,16:03,18:39,19:58
baida,3,10,05:25,06:49,12:46,16:04,18:40,19:59
baida,3,11,05:24,06:47,12:46,16:04,18:40,20:00
baida,3,12,05:23,06:46,12:46,16:04,18:41,20:00
baida,3,13,05:21,06:45,12:45,16:05,18:42,20:01
baida,3,14,05:20,06:43,12:45,16:05,18:42,20:02
baida,3,15,05:19,06:42,12:45,16:05,18:43,20:03
baida,3,16,05:17,06:41,12:44,16:05,18:44,20:03
baida,3,17,05:16,06:40,12:44,16:06,18:45,20:04
baida,3,18,05:15,06:38,12:44,16:06,18:45,20:05
baida,3,19,05:13,06:37,12:43,16:06,18:46,20:06
baida,3,20,05:12,06:36,12:43,16:06,18:47,20:07
baida,3,21,05:10,06:34,12:43,16:06,18:47,20:07
baida,3,22,05:09,06:33,12:43,16:07,18:48,20:08
baida,3,23,05:08,06:32,12:42,16:07,18:49,20:09
baida,3,24,05:06,06:30,12:42,16:07,18:50,20:10
baida,3,25,05:05,06:29,12:42,16:07,18:50,20:10
baida,3,26,05:03,06:28,12:41,16:07,18:51,20:11
baida,3,27,05:02,06:26,12:41,16:07,18:52,20:12
baida,3,28,05:00,06:25,12:41,16:08,18:52,20:13
baida,3,29,04:59,06:24,12:40,16:08,18:53,20:14
baida,3,30,04:57,06:22,12:40,16:08,18:54,20:14
baida,3,31,04:56,06:21,12:40,16:08,18:54,20:15
baida,4,1,04:55,06:20,12:39,16:08,18:55,20:16
baida,4,2,04:53,06:18,12:39,16:08,18:56,20:17
baida,4,3,04:52,06:17,12:39,16:08,18:56,20:18
baida,4,4,04:50,06:16,12:38,16:08,18:57,20:19
baida,4,5,04:49,06:14,12:38,16:08,18:58,20:20
baida,4,6,04:47,06:13,12:38,16:08,18:59,20:20
baida,4,7,04:46,06:12,12:38,16:08,18:59,20:21
baida,4,8,04:44,06:10,12:37,16:09,19:00,20:22
baida,4,9,04:43,06:09,12:37,16:09,19:01,20:23
baida,4,10,04:41,06:08,12:37,16:09,19:01,20:24
baida,4,11,04:40,06:07,12:36,16:09,19:02,20:25
baida,4,12,04:38,06:05,12:36,16:09,19:03,20:26
baida,4,13,04:37,06:04,12:36,16:09,19:03,20:27
baida,4,14,04:36,06:03,12:36,16:09,19:04,20:28
baida,4,15,04:34,06:02,12:35,16:09,19:05,20:29
baida,4,16,04:33,06:01,12:35,16:09,19:06,20:29
baida,4,17,04:31,05:59,12:35,16:09,19:06,20:30
baida,4,18,04:30,05:58,12:35,16:09,19:07,20:31
baida,4,19,04:29,05:57,12:34,16:09,19:08,20:32
baida,4,20,04:27,05:56,12:34,16:09,19:08,20:33
baida,4,21,04:26,05:55,12:34,16:09,19:09,20:34
baida,4,22,04:24,05:54,12:34,16:09,19:10,20:35
baida,4,23,04:23,05:53,12:34,16:09,19:11,20:36
baida,4,24,04:22,05:51,12:33,16:09,19:11,20:37
baida,4,25,04:20,05:50,12:33,16:09,19:12,20:38
baida,4,26,04:19,05:49,12:33,16:09,19:13,20:39
baida,4,27,04:18,05:48,12:33,16:09,19:14,20:40
baida,4,28,04:16,05:47,12:33,16:09,19:14,20:41
baida,4,29,04:15,05:46,12:33,16:09,19:15,20:42
baida,4,30,04:14,05:45,12:33,16:09,19:16,20:43
baida,5,1,04:12,05:44,12:32,16:09,19:17,20:44
baida,5,2,04:11,05:43,12:32,16:09,19:17,20:45
baida,5,3,04:10,05:42,12:32,16:09,19:18,20:46
baida,5,4,04:09,05:41,12:32,16:09,19:19,20:48
baida,5,5,04:08,05:41,12:32,16:09,19:20,20:49
baida,5,6,04:06,05:40,12:32,16:09,19:20,20:50
baida,5,7,04:05,05:39,12:32,16:09,19:21,20:51
baida,5,8,04:04,05:38,12:32,16:09,19:22,20:52
baida,5,9,04:03,05:37,12:32,16:10,19:23,20:53
baida,5,10,04:02,05:36,12:32,16:10,19:23,20:54
baida,5,11,04:01,05:36,12:32,16:10,19:24,20:55
baida,5,12,04:00,05:35,12:32,16:10,19:25,20:56
baida,5,13,03:59,05:34,12:32,16:10,19:25,20:57
baida,5,14,03:58,05:33,12:32,16:10,19:26,20:58
baida,5,15,03:57,05:33,12:32,16:10,19:27,20:59
baida,5,16,03:56,05:32,12:32,16:10,19:28,21:00
baida,5,17,03:55,05:31,12:32,16:10,19:28,21:01
baida,5,18,03:54,05:31,12:32,16:10,19:29,21:02
baida,5,19,03:53,05:30,12:32,16:10,19:30,21:03
baida,5,20,03:52,05:30,12:32,16:10,19:31,21:04
baida,5,21,03:51,05:29,12:32,16:10,19:31,21:05
baida,5,22,03:50,05:28,12:32,16:10,19:32,21:06
baida,5,23,03:50,05:28,12:32,16:11,19:33,21:07
baida,5,24,03:49,05:27,12:32,16:11,19:33,21:08
baida,5,25,03:48,05:27,12:32,16:11,19:34,21:09
baida,5,26,03:47,05:27,12:33,16:11,19:35,21:10
baida,5,27,03:47,05:26,12:33,16:11,19:35,21:11
baida,5,28,03:46,05:26,12:33,16:11,19:36,21:12
baida,5,29,03:45,05:25,12:33,16:11,19:36,21:12
baida,5,30,03:45,05:25,12:33,16:11,19:37,21:13
baida,5,31,03:44,05:25,12:33,16:12,19:38,21:14
baida,6,1,03:44,05:24,12:33,16:12,19:38,21:15
baida,6,2,03:43,05:24,12:33,16:12,19:39,21:16
baida,6,3,03:43,05:24,12:34,16:12,19:39,21:16
baida,6,4,03:42,05:24,12:34,16:12,19:40,21:17
baida,6,5,03:42,05:24,12:34,16:12,19:40,21:18
baida,6,6,03:42,05:23,12:34,16:12,19:41,21:19
baida,6,7,03:41,05:23,12:34,16:13,19:41,21:19
baida,6,8,03:41,05:23,12:35,16:13,19:42,21:20
baida,6,9,03:41,05:23,12:35,16:13,19:42,21:20
baida,6,10,03:41,05:23,12:35,16:13,19:43,21:21
baida,6,11,03:41,05:23,12:35,16:13,19:43,21:22
baida,6,12,03:40,05:23,12:35,16:14,19:44,21:22
baida,6,13,03:40,05:23,12:35,16:14,19:44,21:23
baida,6,14,03:40,05:23,12:36,16:14,19:44,21:23
baida,6,15,03:40,05:23,12:36,16:14,19:45,21:24
baida,6,16,03:40,05:23,12:36,16:14,19:45,21:24
baida,6,17,03:40,05:23,12:36,16:14,19:45,21:24
baida,6,18,03:40,05:23,12:36,16:15,19:46,21:25
baida,6,19,03:40,05:23,12:37,16:15,19:46,21:25
baida,6,20,03:41,05:24,12:37,16:15,19:46,21:25
baida,6,21,03:41,05:24,12:37,16:15,19:46,21:25
baida,6,22,03:41,05:24,12:37,16:15,19:47,21:26
baida,6,23,03:41,05:24,12:37,16:16,19:47,21:26
baida,6,24,03:42,05:25,12:38,16:16,19:47,21:26
baida,6,25,03:42,05:25,12:38,16:16,19:47,21:26
baida,6,26,03:42,05:25,12:38,16:16,19:47,21:26
baida,6,27,03:43,05:25,12:38,16:17,19:47,21:26
baida,6,28,03:43,05:26,12:38,16:17,19:47,21:26
baida,6,29,03:43,05:26,12:39,16:17,19:47,21:26
baida,6,30,03:44,05:26,12:39,16:17,19:47,21:26
baida,7,1,03:44,05:27,12:39,16:17,19:47,21:26
baida,7,2,03:45,05:27,12:39,16:17,19:47,21:26
baida,7,3,03:46,05:28,12:39,16:18,19:47,21:25
baida,7,4,03:46,05:28,12:40,16:18,19:47,21:25
baida,7,5,03:47,05:29,12:40,16:18,19:47,21:25
baida,7,6,03:47,05:29,12:40,16:18,19:47,21:24
baida,7,7,03:48,05:30,12:40,16:18,19:47,21:24
baida,7,8,03:49,05:30,12:40,16:19,19:46,21:24
baida,7,9,03:49,05:31,12:40,16:19,19:46,21:23
baida,7,10,03:50,05:31,12:41,16:19,19:46,21:23
baida,7,11,03:51,05:32,12:41,16:19,19:46,21:22
baida,7,12,03:52,05:32,12:41,16:19,19:45,21:22
baida,7,13,03:53,05:33,12:41,16:19,19:45,21:21
baida,7,14,03:53,05:33,12:41,16:19,19:45,21:21
baida,7,15,03:54,05:34,12:41,16:19,19:44,21:20
baida,7,16,03:55,05:35,12:41,16:20,19:44,21:19
baida,7,17,03:56,05:35,12:41,16:20,19:43,21:19
baida,7,18,03:57,05:36,12:41,16:20,19:43,21:18
baida,7,19,03:58,05:36,12:41,16:20,19:43,21:17
baida,7,20,03:59,05:37,12:42,16:20,19:42,21:17
baida,7,21,04:00,05:38,12:42,16:20,19:42,21:16
baida,7,22,04:00,05:38,12:42,16:20,19:41,21:15
baida,7,23,04:01,05:39,12:42,16:20,19:40,21:14
baida,7,24,04:02,05:40,12:42,16:20,19:40,21:13
baida,7,25,04:03,05:40,12:42,16:20,19:39,21:12
baida,7,26,04:04,05:41,12:42,16:20,19:39,21:11
baida,7,27,04:05,05:42,12:42,16:20,19:38,21:10
baida,7,28,04:06,05:42,12:42,16:20,19:37,21:09
baida,7,29,04:07,05:43,12:42,16:20,19:36,21:08
baida,7,30,04:08,05:44,12:42,16:20,19:36,21:07
baida,7,31,04:09,05:44,12:42,16:20,19:35,21:06
baida,8,1,04:10,05:45,12:42,16:20,19:34,21:05
baida,8,2,04:11,05:46,12:42,16:19,19:33,21:04
baida,8,3,04:12,05:47,12:42,16:19,19:33,21:03
baida,8,4,04:13,05:47,12:42,16:19,19:32,21:02
baida,8,5,04:14,05:48,12:41,16:19,19:31,21:01
baida,8,6,04:15,05:49,12:41,16:19,19:30,20:59
baida,8,7,04:16,05:49,12:41,16:19,19:29,20:58
baida,8,8,04:17,05:50,12:41,16:18,19:28,20:57
baida,8,9,04:18,05:51,12:41,16:18,19:27,20:56
baida,8,10,04:19,05:51,12:41,16:18,19:26,20:55
baida,8,11,04:20,05:52,12:41,16:18,19:25,20:53
baida,8,12,04:21,05:53,12:41,16:17,19:24,20:52
baida,8,13,04:22,05:54,12:40,16:17,19:23,20:51
baida,8,14,04:23,05:54,12:40,16:17,19:22,20:49
baida,8,15,04:24,05:55,12:40,16:16,19:21,20:48
baida,8,16,04:25,05:56,12:40,16:16,19:20,20:47
baida,8,17,04:26,05:56,12:40,16:16,19:19,20:45
baida,8,18,04:27,05:57,12:39,16:15,19:18,20:44
baida,8,19,04:28,05:58,12:39,16:15,19:17,20:43
baida,8,20,04:29,05:58,12:39,16:14,19:16,20:41
baida,8,21,04:30,05:59,12:39,16:14,19:15,20:40
baida,8,22,04:31,06:00,12:39,16:13,19:13,20:38
baida,8,23,04:32,06:00,12:38,16:13,19:12,20:37
baida,8,24,04:33,06:01,12:38,16:13,19:11,20:36
baida,8,25,04:33,06:02,12:38,16:12,19:10,20:34
baida,8,26,04:34,06:02,12:38,16:11,19:09,20:33
baida,8,27,04:35,06:03,12:37,16:11,19:07,20:31
baida,8,28,04:36,06:04,12:37,16:10,19:06,20:30
baida,8,29,04:37,06:04,12:37,16:10,19:05,20:28
baida,8,30,04:38,06:05,12:36,16:09,19:04,20:27
baida,8,31,04:39,06:06,12:36,16:09,19:02,20:25
baida,9,1,04:40,06:06,12:36,16:08,19:01,20:24
baida,9,2,04:40,06:07,12:35,16:07,19:00,20:22
baida,9,3,04:41,06:08,12:35,16:07,18:59,20:21
baida,9,4,04:42,06:08,12:35,16:06,18:57,20:20
baida,9,5,04:43,06:09,12:34,16:05,18:56,20:18
baida,9,6,04:44,06:09,12:34,16:05,18:55,20:17
baida,9,7,04:44,06:10,12:34,16:04,18:53,20:15
baida,9,8,04:45,06:11,12:33,16:03,18:52,20:14
baida,9,9,04:46,06:11,12:33,16:02,18:51,20:12
baida,9,10,04:47,06:12,12:33,16:02,18:49,20:11
baida,9,11,04:48,06:13,12:32,16:01,18:48,20:09
baida,9,12,04:48,06:13,12:32,16:00,18:47,20:08
baida,9,13,04:49,06:14,12:32,15:59,18:45,20:06
baida,9,14,04:50,06:14,12:31,15:59,18:44,20:05
baida,9,15,04:51,06:15,12:31,15:58,18:43,20:03
baida,9,16,04:51,06:16,12:30,15:57,18:41,20:02
baida,9,17,04:52,06:16,12:30,15:56,18:40,20:00
baida,9,18,04:53,06:17,12:30,15:55,18:38,19:59
baida,9,19,04:54,06:18,12:29,15:54,18:37,19:57
baida,9,20,04:54,06:18,12:29,15:54,18:36,19:56
baida,9,21,04:55,06:19,12:29,15:53,18:34,19:54
baida,9,22,04:56,06:20,12:28,15:52,18:33,19:53
baida,9,23,04:56,06:20,12:28,15:51,18:32,19:51
baida,9,24,04:57,06:21,12:28,15:50,18:30,19:50
baida,9,25,04:58,06:21,12:27,15:49,18:29,19:49
baida,9,26,04:58,06:22,12:27,15:48,18:28,19:47
baida,9,27,04:59,06:23,12:26,15:48,18:26,19:46
baida,9,28,05:00,06:23,12:26,15:47,18:25,19:44
baida,9,29,05:01,06:24,12:26,15:46,18:23,19:43
baida,9,30,05:01,06:25,12:25,15:45,18:22,19:42
baida,10,1,05:02,06:25,12:25,15:44,18:21,19:40
baida,10,2,05:03,06:26,12:25,15:43,18:19,19:39
baida,10,3,05:03,06:27,12:24,15:42,18:18,19:38
baida,10,4,05:04,06:27,12:24,15:41,18:17,19:36
baida,10,5,05:05,06:28,12:24,15:40,18:15,19:35
baida,10,6,05:05,06:29,12:23,15:39,18:14,19:34
baida,10,7,05:06,06:29,12:23,15:38,18:13,19:32
baida,10,8,05:07,06:30,12:23,15:38,18:12,19:31
baida,10,9,05:07,06:31,12:23,15:37,18:10,19:30
baida,10,10,05:08,06:32,12:22,15:36,18:09,19:29
baida,10,11,05:09,06:32,12:22,15:35,18:08,19:27
baida,10,12,05:09,06:33,12:22,15:34,18:07,19:26
baida,10,13,05:10,06:34,12:22,15:33,18:05,19:25
baida,10,14,05:11,06:34,12:21,15:32,18:04,19:24
baida,10,15,05:12,06:35,12:21,15:31,18:03,19:23
baida,10,16,05:12,06:36,12:21,15:30,18:02,19:21
baida,10,17,05:13,06:37,12:21,15:30,18:01,19:20
baida,10,18,05:14,06:37,12:20,15:29,17:59,19:19
baida,10,19,05:14,06:38,12:20,15:28,17:58,19:18
baida,10,20,05:15,06:39,12:20,15:27,17:57,19:17
baida,10,21,05:16,06:40,12:20,15:26,17:56,19:16
baida,10,22,05:16,06:41,12:20,15:25,17:55,19:15
baida,10,23,05:17,06:41,12:20,15:25,17:54,19:14
baida,10,24,05:18,06:42,12:19,15:24,17:53,19:13
baida,10,25,05:19,06:43,12:19,15:23,17:52,19:12
baida,10,26,05:19,06:44,12:19,15:22,17:51,19:11
baida,10,27,05:20,06:45,12:19,15:22,17:50,19:10
baida,10,28,05:21,06:46,12:19,15:21,17:49,19:09
baida,10,29,05:22,06:46,12:19,15:20,17:48,19:09
baida,10,30,05:22,06:47,12:19,15:19,17:47,19:08
baida,10,31,05:23,06:48,12:19,15:19,17:46,19:07
baida,11,1,05:24,06:49,12:19,15:18,17:45,19:06
baida,11,2,05:25,06:50,12:19,15:17,17:44,19:05
baida,11,3,05:25,06:51,12:19,15:17,17:43,19:05
baida,11,4,05:26,06:52,12:19,15:16,17:42,19:04
baida,11,5,05:27,06:52,12:19,15:15,17:42,19:03
baida,11,6,05:28,06:53,12:19,15:15,17:41,19:03
baida,11,7,05:28,06:54,12:19,15:14,17:40,19:02
baida,11,8,05:29,06:55,12:19,15:14,17:39,19:01
baida,11,9,05:30,06:56,12:19,15:13,17:39,19:01
baida,11,10,05:31,06:57,12:19,15:13,17:38,19:00
baida,11,11,05:31,06:58,12:20,15:12,17:37,19:00
baida,11,12,05:32,06:59,12:20,15:12,17:37,18:59
baida,11,13,05:33,07:00,12:20,15:11,17:36,18:59
baida,11,14,05:34,07:01,12:20,15:11,17:35,18:58
baida,11,15,05:35,07:02,12:20,15:10,17:35,18:58
baida,11,16,05:35,07:03,12:20,15:10,17:34,18:57
baida,11,17,05:36,07:03,12:21,15:09,17:34,18:57
baida,11,18,05:37,07:04,12:21,15:09,17:33,18:57
baida,11,19,05:38,07:05,12:21,15:09,17:33,18:56
baida,11,20,05:39,07:06,12:21,15:08,17:32,18:56
baida,11,21,05:39,07:07,12:22,15:08,17:32,18:56
baida,11,22,05:40,07:08,12:22,15:08,17:32,18:55
baida,11,23,05:41,07:09,12:22,15:08,17:31,18:55
baida,11,24,05:42,07:10,12:22,15:07,17:31,18:55
baida,11,25,05:42,07:11,12:23,15:07,17:31,18:55
baida,11,26,05:43,07:12,12:23,15:07,17:30,18:55
baida,11,27,05:44,07:12,12:23,15:07,17:30,18:55
baida,11,28,05:45,07:13,12:24,15:07,17:30,18:55
baida,11,29,05:45,07:14,12:24,15:07,17:30,18:55
baida,11,30,05:46,07:15,12:24,15:07,17:30,18:54
baida,12,1,05:47,07:16,12:25,15:07,17:29,18:54
baida,12,2,05:48,07:17,12:25,15:07,17:29,18:55
baida,12,3,05:48,07:18,12:25,15:07,17:29,18:55
baida,12,4,05:49,07:18,12:26,15:07,17:29,18:55
baida,12,5,05:50,07:19,12:26,15:07,17:29,18:55
baida,12,6,05:51,07:20,12:27,15:07,17:29,18:55
baida,12,7,05:51,07:21,12:27,15:07,17:29,18:55
baida,12,8,05:52,07:22,12:28,15:07,17:30,18:55
baida,12,9,05:53,07:22,12:28,15:07,17:30,18:55
baida,12,10,05:53,07:23,12:28,15:08,17:30,18:56
baida,12,11,05:54,07:24,12:29,15:08,17:30,18:56
baida,12,12,05:55,07:24,12:29,15:08,17:30,18:56
baida,12,13,05:55,07:25,12:30,15:08,17:30,18:56
baida,12,14,05:56,07:26,12:30,15:09,17:31,18:57
baida,12,15,05:56,07:26,12:31,15:09,17:31,18:57
baida,12,16,05:57,07:27,12:31,15:09,17:31,18:57
baida,12,17,05:58,07:28,12:32,15:10,17:32,18:58
baida,12,18,05:58,07:28,12:32,15:10,17:32,18:58
baida,12,19,05:59,07:29,12:33,15:10,17:32,18:59
baida,12,20,05:59,07:29,12:33,15:11,17:33,18:59
baida,12,21,06:00,07:30,12:34,15:11,17:33,19:00
baida,12,22,06:00,07:30,12:34,15:12,17:34,19:00
baida,12,23,06:01,07:31,12:35,15:12,17:34,19:01
baida,12,24,06:01,07:31,12:35,15:13,17:35,19:01
baida,12,25,06:01,07:32,12:36,15:13,17:35,19:02
baida,12,26,06:02,07:32,12:36,15:14,17:36,19:02
baida,12,27,06:02,07:32,12:37,15:15,17:37,19:03
baida,12,28,06:03,07:33,12:37,15:15,17:37,19:03
baida,12,29,06:03,07:33,12:37,15:16,17:38,19:04
baida,12,30,06:03,07:33,12:38,15:16,17:39,19:05
baida,12,31,06:04,07:34,12:38,15:17,17:39,19:05
banghazi,1,1,06:11,07:40,12:47,15:27,17:49,19:15
banghazi,1,2,06:11,07:40,12:47,15:28,17:50,19:15
banghazi,1,3,06:11,07:40,12:48,15:28,17:51,19:16
banghazi,1,4,06:12,07:41,12:48,15:29,17:52,19:17
banghazi,1,5,06:12,07:41,12:49,15:30,17:52,19:17
banghazi,1,6,06:12,07:41,12:49,15:31,17:53,19:18
banghazi,1,7,06:12,07:41,12:49,15:31,17:54,19:19
banghazi,1,8,06:12,07:41,12:50,15:32,17:55,19:19
banghazi,1,9,06:12,07:41,12:50,15:33,17:56,19:20
banghazi,1,10,06:12,07:41,12:51,15:34,17:56,19:21
banghazi,1,11,06:12,07:41,12:51,15:34,17:57,19:22
banghazi,1,12,06:13,07:41,12:51,15:35,17:58,19:22
banghazi,1,13,06:13,07:41,12:52,15:36,17:59,19:23
banghazi,1,14,06:12,07:40,12:52,15:37,18:00,19:24
banghazi,1,15,06:12,07:40,12:53,15:38,18:01,19:25
banghazi,1,16,06:12,07:40,12:53,15:38,18:02,19:26
banghazi,1,17,06:12,07:40,12:53,15:39,18:03,19:26
banghazi,1,18,06:12,07:40,12:54,15:40,18:04,19:27
banghazi,1,19,06:12,07:39,12:54,15:41,18:05,19:28
banghazi,1,20,06:12,07:39,12:54,15:42,18:05,19:29
banghazi,1,21,06:12,07:39,12:55,15:43,18:06,19:29
banghazi,1,22,06:11,07:38,12:55,15:43,18:07,19:30
banghazi,1,23,06:11,07:38,12:55,15:44,18:08,19:31
banghazi,1,24,06:11,07:38,12:55,15:45,18:09,19:32
banghazi,1,25,06:11,07:37,12:56,15:46,18:10,19:33
banghazi,1,26,06:10,07:37,12:56,15:47,18:11,19:34
banghazi,1,27,06:10,07:36,12:56,15:47,18:12,19:34
banghazi,1,28,06:09,07:36,12:56,15:48,18:13,19:35
banghazi,1,29,06:09,07:35,12:56,15:49,18:14,19:36
banghazi,1,30,06:09,07:34,12:57,15:50,18:15,19:37
banghazi,1,31,06:08,07:34,12:57,15:51,18:16,19:38
banghazi,2,1,06:08,07:33,12:57,15:51,18:17,19:38
banghazi,2,2,06:07,07:33,12:57,15:52,18:18,19:39
banghazi,2,3,06:07,07:32,12:57,15:53,18:19,19:40
banghazi,2,4,06:06,07:31,12:57,15:54,18:20,19:41
banghazi,2,5,06:05,07:31,12:57,15:54,18:20,19:42
banghazi,2,6,06:05,07:30,12:58,15:55,18:21,19:42
banghazi,2,7,06:04,07:29,12:58,15:56,18:22,19:43
banghazi,2,8,06:03,07:28,12:58,15:57,18:23,19:44
banghazi,2,9,06:03,07:27,12:58,15:57,18:24,19:45
banghazi,2,10,06:02,07:27,12:58,15:58,18:25,19:45
banghazi,2,11,06:01,07:26,12:58,15:59,18:26,19:46
banghazi,2,12,06:01,07:25,12:58,15:59,18:27,19:47
banghazi,2,13,06:00,07:24,12:58,16:00,18:28,19:48
banghazi,2,14,05:59,07:23,12:58,16:01,18:29,19:49
banghazi,2,15,05:58,07:22,12:58,16:01,18:29,19:49
banghazi,2,16,05:57,07:21,12:58,16:02,18:30,19:50
banghazi,2,17,05:56,07:20,12:58,16:02,18:31,19:51
banghazi,2,18,05:55,07:19,12:58,16:03,18:32,19:52
banghazi,2,19,05:55,07:18,12:57,16:04,18:33,19:52
banghazi,2,20,05:54,07:17,12:57,16:04,18:34,19:53
banghazi,2,21,05:53,07:16,12:57,16:05,18:34,19:54
banghazi,2,22,05:52,07:15,12:57,16:05,18:35,19:55
banghazi,2,23,05:51,07:14,12:57,16:06,18:36,19:55
banghazi,2,24,05:50,07:13,12:57,16:06,18:37,19:56
banghazi,2,25,05:49,07:12,12:57,16:07,18:38,19:57
banghazi,2,26,05:48,07:11,12:57,16:07,18:39,19:58
banghazi,2,27,05:46,07:09,12:56,16:08,18:39,19:58
banghazi,2,28,05:45,07:08,12:56,16:08,18:40,19:59
banghazi,2,29,05:45,07:08,12:56,16:08,18:40,19:59
banghazi,3,1,05:44,07:07,12:56,16:08,18:41,20:00
banghazi,3,2,05:43,07:06,12:56,16:09,18:42,20:01
banghazi,3,3,05:42,07:05,12:56,16:09,18:42,20:01
banghazi,3,4,05:41,07:04,12:55,16:10,18:43,20:02
banghazi,3,5,05:40,07:02,12:55,16:10,18:44,20:03
banghazi,3,6,05:38,07:01,12:55,16:10,18:45,20:03
banghazi,3,7,05:37,07:00,12:55,16:11,18:45,20:04
banghazi,3,8,05:36,06:59,12:54,16:11,18:46,20:05
banghazi,3,9,05:35,06:57,12:54,16:11,18:47,20:06
banghazi,3,10,05:33,06:56,12:54,16:12,18:48,20:06
banghazi,3,11,05:32,06:55,12:54,16:12,18:48,20:07
banghazi,3,12,05:31,06:54,12:53,16:12,18:49,20:08
banghazi,3,13,05:30,06:52,12:53,16:12,18:50,20:08
banghazi,3,14,05:28,06:51,12:53,16:13,18:50,20:09
banghazi,3,15,05:27,06:50,12:52,16:13,18:51,20:10
banghazi,3,16,05:26,06:48,12:52,16:13,18:52,20:11
banghazi,3,17,05:24,06:47,12:52,16:13,18:52,20:11
banghazi,3,18,05:23,06:46,12:52,16:14,18:53,20:12
banghazi,3,19,05:21,06:45,12:51,16:14,18:54,20:13
banghazi,3,20,05:20,06:43,12:51,16:14,18:54,20:14
banghazi,3,21,05:19,06:42,12:51,16:14,18:55,20:14
banghazi,3,22,05:17,06:41,12:50,16:14,18:56,20:15
banghazi,3,23,05:16,06:39,12:50,16:14,18:56,20:16
banghazi,3,24,05:15,06:38,12:50,16:15,18:57,20:17
banghazi,3,25,05:13,06:37,12:49,16:15,18:58,20:17
banghazi,3,26,05:12,06:35,12:49,16:15,18:59,20:18
banghazi,3,27,05:10,06:34,12:49,16:15,18:59,20:19
banghazi,3,28,05:09,06:33,12:48,16:15,19:00,20:20
banghazi,3,29,05:07,06:32,12:48,16:15,19:01,20:21
banghazi,3,30,05:06,06:30,12:48,16:15,19:01,20:21
banghazi,3,31,05:05,06:29,12:47,16:15,19:02,20:22
banghazi,4,1,05:03,06:28,12:47,16:15,19:03,20:23
banghazi,4,2,05:02,06:26,12:47,16:16,19:03,20:24
banghazi,4,3,05:00,06:25,12:46,16:16,19:04,20:25
banghazi,4,4,04:59,06:24,12:46,16:16,19:05,20:25
banghazi,4,5,04:57,06:22,12:46,16:16,19:05,20:26
banghazi,4,6,04:56,06:21,12:46,16:16,19:06,20:27
banghazi,4,7,04:55,06:20,12:45,16:16,19:07,20:28
banghazi,4,8,04:53,06:19,12:45,16:16,19:07,20:29
banghazi,4,9,04:52,06:17,12:45,16:16,19:08,20:30
banghazi,4,10,04:50,06:16,12:44,16:16,19:09,20:30
banghazi,4,11,04:49,06:15,12:44,16:16,19:09,20:31
banghazi,4,12,04:48,06:14,12:44,16:16,19:10,20:32
banghazi,4,13,04:46,06:13,12:44,16:16,19:11,20:33
banghazi,4,14,04:45,06:11,12:43,16:16,19:11,20:34
banghazi,4,15,04:43,06:10,12:43,16:16,19:12,20:35
banghazi,4,16,04:42,06:09,12:43,16:16,19:13,20:36
banghazi,4,17,04:41,06:08,12:43,16:16,19:13,20:37
banghazi,4,18,04:39,06:07,12:42,16:16,19:14,20:38
banghazi,4,19,04:38,06:06,12:42,16:16,19:15,20:39
banghazi,4,20,04:36,06:04,12:42,16:16,19:15,20:40
banghazi,4,21,04:35,06:03,12:42,16:16,19:16,20:40
banghazi,4,22,04:34,06:02,12:42,16:16,19:17,20:41
banghazi,4,23,04:32,06:01,12:41,16:16,19:18,20:42
banghazi,4,24,04:31,06:00,12:41,16:16,19:18,20:43
banghazi,4,25,04:30,05:59,12:41,16:16,19:19,20:44
banghazi,4,26,04:28,05:58,12:41,16:16,19:20,20:45
banghazi,4,27,04:27,05:57,12:41,16:16,19:20,20:46
banghazi,4,28,04:26,05:56,12:41,16:16,19:21,20:47
banghazi,4,29,04:25,05:55,12:40,16:16,19:22,20:48
banghazi,4,30,04:23,05:54,12:40,16:16,19:23,20:49
banghazi,5,1,04:22,05:53,12:40,16:16,19:23,20:50
banghazi,5,2,04:21,05:52,12:40,16:16,19:24,20:51
banghazi,5,3,04:20,05:51,12:40,16:16,19:25,20:52
banghazi,5,4,04:18,05:50,12:40,16:16,19:25,20:53
banghazi,5,5,04:17,05:49,12:40,16:16,19:26,20:54
banghazi,5,6,04:16,05:49,12:40,16:16,19:27,20:55
banghazi,5,7,04:15,05:48,12:40,16:16,19:28,20:56
banghazi,5,8,04:14,05:47,12:40,16:16,19:28,20:57
banghazi,5,9,04:13,05:46,12:40,16:16,19:29,20:58
banghazi,5,10,04:12,05:45,12:40,16:16,19:30,20:59
banghazi,5,11,04:11,05:45,12:40,16:16,19:31,21:00
banghazi,5,12,04:10,05:44,12:40,16:16,19:31,21:01
banghazi,5,13,04:09,05:43,12:40,16:16,19:32,21:02
banghazi,5,14,04:08,05:42,12:40,16:16,19:33,21:03
banghazi,5,15,04:07,05:42,12:40,16:16,19:33,21:04
banghazi,5,16,04:06,05:41,12:40,16:16,19:34,21:05
banghazi,5,17,04:05,05:40,12:40,16:17,19:35,21:06
banghazi,5,18,04:04,05:40,12:40,16:17,19:36,21:07
banghazi,5,19,04:03,05:39,12:40,16:17,19:36,21:08
banghazi,5,20,04:02,05:39,12:40,16:17,19:37,21:09
banghazi,5,21,04:01,05:38,12:40,16:17,19:38,21:10
banghazi,5,22,04:01,05:38,12:40,16:17,19:38,21:11
banghazi,5,23,04:00,05:37,12:40,16:17,19:39,21:12
banghazi,5,24,03:59,05:37,12:40,16:17,19:40,21:13
banghazi,5,25,03:58,05:36,12:40,16:17,19:40,21:14
banghazi,5,26,03:58,05:36,12:40,16:17,19:41,21:15
banghazi,5,27,03:57,05:35,12:40,16:17,19:41,21:16
banghazi,5,28,03:56,05:35,12:41,16:17,19:42,21:17
banghazi,5,29,03:56,05:35,12:41,16:18,19:43,21:17
banghazi,5,30,03:55,05:34,12:41,16:18,19:43,21:18
banghazi,5,31,03:55,05:34,12:41,16:18,19:44,21:19
banghazi,6,1,03:54,05:34,12:41,16:18,19:44,21:20
banghazi,6,2,03:54,05:33,12:41,16:18,19:45,21:21
banghazi,6,3,03:53,05:33,12:41,16:18,19:46,21:21
banghazi,6,4,03:53,05:33,12:42,16:18,19:46,21:22
banghazi,6,5,03:53,05:33,12:42,16:19,19:47,21:23
banghazi,6,6,03:52,05:33,12:42,16:19,19:47,21:23
banghazi,6,7,03:52,05:33,12:42,16:19,19:48,21:24
banghazi,6,8,03:52,05:32,12:42,16:19,19:48,21:25
banghazi,6,9,03:51,05:32,12:42,16:19,19:48,21:25
banghazi,6,10,03:51,05:32,12:43,16:19,19:49,21:26
banghazi,6,11,03:51,05:32,12:43,16:20,19:49,21:26
banghazi,6,12,03:51,05:32,12:43,16:20,19:50,21:27
banghazi,6,13,03:51,05:32,12:43,16:20,19:50,21:27
banghazi,6,14,03:51,05:32,12:43,16:20,19:50,21:28
banghazi,6,15,03:51,05:32,12:44,16:20,19:51,21:28
banghazi,6,16,03:51,05:32,12:44,16:20,19:51,21:29
banghazi,6,17,03:51,05:33,12:44,16:21,19:51,21:29
banghazi,6,18,03:51,05:33,12:44,16:21,19:52,21:29
banghazi,6,19,03:51,05:33,12:44,16:21,19:52,21:30
banghazi,6,20,03:51,05:33,12:45,16:21,19:52,21:30
banghazi,6,21,03:51,05:33,12:45,16:21,19:52,21:30
banghazi,6,22,03:52,05:33,12:45,16:22,19:53,21:30
banghazi,6,23,03:52,05:34,12:45,16:22,19:53,21:31
banghazi,6,24,03:52,05:34,12:45,16:22,19:53,21:31
banghazi,6,25,03:52,05:34,12:46,16:22,19:53,21:31
banghazi,6,26,03:53,05:34,12:46,16:23,19:53,21:31
banghazi,6,27,03:53,05:35,12:46,16:23,19:53,21:31
banghazi,6,28,03:54,05:35,12:46,16:23,19:53,21:31
banghazi,6,29,03:54,05:35,12:46,16:23,19:53,21:31
banghazi,6,30,03:55,05:36,12:47,16:23,19:53,21:31
banghazi,7,1,03:55,05:36,12:47,16:24,19:53,21:31
banghazi,7,2,03:56,05:37,12:47,16:24,19:53,21:30
banghazi,7,3,03:56,05:37,12:47,16:24,19:53,21:30
banghazi,7,4,03:57,05:37,12:47,16:24,19:53,21:30
banghazi,7,5,03:57,05:38,12:47,16:24,19:53,21:30
banghazi,7,6,03:58,05:38,12:48,16:24,19:53,21:29
banghazi,7,7,03:59,05:39,12:48,16:25,19:53,21:29
banghazi,7,8,03:59,05:39,12:48,16:25,19:53,21:28
banghazi,7,9,04:00,05:40,12:48,16:25,19:52,21:28
banghazi,7,10,04:01,05:40,12:48,16:25,19:52,21:28
banghazi,7,11,04:01,05:41,12:48,16:25,19:52,21:27
banghazi,7,12,04:02,05:41,12:49,16:25,19:52,21:27
banghazi,7,13,04:03,05:42,12:49,16:26,19:51,21:26
banghazi,7,14,04:04,05:43,12:49,16:26,19:51,21:26
banghazi,7,15,04:05,05:43,12:49,16:26,19:51,21:25
banghazi,7,16,04:05,05:44,12:49,16:26,19:50,21:25
banghazi,7,17,04:06,05:44,12:49,16:26,19:50,21:24
banghazi,7,18,04:07,05:45,12:49,16:26,19:49,21:23
banghazi,7,19,04:08,05:46,12:49,16:26,19:49,21:22
banghazi,7,20,04:09,05:46,12:49,16:26,19:48,21:22
banghazi,7,21,04:10,05:47,12:49,16:26,19:48,21:21
banghazi,7,22,04:11,05:47,12:49,16:26,19:47,21:20
banghazi,7,23,04:12,05:48,12:49,16:26,19:47,21:19
banghazi,7,24,04:12,05:49,12:49,16:26,19:46,21:18
banghazi,7,25,04:13,05:49,12:50,16:26,19:46,21:18
banghazi,7,26,04:14,05:50,12:50,16:26,19:45,21:17
banghazi,7,27,04:15,05:51,12:50,16:26,19:44,21:16
banghazi,7,28,04:16,05:51,12:50,16:26,19:44,21:15
banghazi,7,29,04:17,05:52,12:50,16:26,19:43,21:14
banghazi,7,30,04:18,05:53,12:49,16:26,19:42,21:13
banghazi,7,31,04:19,05:53,12:49,16:26,19:42,21:12
banghazi,8,1,04:20,05:54,12:49,16:26,19:41,21:11
banghazi,8,2,04:21,05:55,12:49,16:26,19:40,21:10
banghazi,8,3,04:22,05:55,12:49,16:26,19:39,21:09
banghazi,8,4,04:23,05:56,12:49,16:26,19:38,21:07
banghazi,8,5,04:24,05:57,12:49,16:26,19:38,21:06
banghazi,8,6,04:25,05:57,12:49,16:25,19:37,21:05
banghazi,8,7,04:26,05:58,12:49,16:25,19:36,21:04
banghazi,8,8,04:27,05:59,12:49,16:25,19:35,21:03
banghazi,8,9,04:28,06:00,12:49,16:25,19:34,21:02
banghazi,8,10,04:29,06:00,12:49,16:25,19:33,21:00
banghazi,8,11,04:30,06:01,12:48,16:24,19:32,20:59
banghazi,8,12,04:31,06:02,12:48,16:24,19:31,20:58
banghazi,8,13,04:32,06:02,12:48,16:24,19:30,20:57
banghazi,8,14,04:33,06:03,12:48,16:24,19:29,20:55
banghazi,8,15,04:34,06:04,12:48,16:23,19:28,20:54
banghazi,8,16,04:35,06:04,12:48,16:23,19:27,20:53
banghazi,8,17,04:35,06:05,12:47,16:23,19:26,20:51
banghazi,8,18,04:36,06:06,12:47,16:22,19:25,20:50
banghazi,8,19,04:37,06:06,12:47,16:22,19:24,20:49
banghazi,8,20,04:38,06:07,12:47,16:21,19:23,20:47
banghazi,8,21,04:39,06:08,12:47,16:21,19:22,20:46
banghazi,8,22,04:40,06:08,12:46,16:21,19:20,20:45
banghazi,8,23,04:41,06:09,12:46,16:20,19:19,20:43
banghazi,8,24,04:42,06:09,12:46,16:20,19:18,20:42
banghazi,8,25,04:43,06:10,12:46,16:19,19:17,20:40
banghazi,8,26,04:43,06:11,12:45,16:19,19:16,20:39
banghazi,8,27,04:44,06:11,12:45,16:18,19:15,20:38
banghazi,8,28,04:45,06:12,12:45,16:18,19:13,20:36
banghazi,8,29,04:46,06:13,12:44,16:17,19:12,20:35
banghazi,8,30,04:47,06:13,12:44,16:16,19:11,20:33
banghazi,8,31,04:48,06:14,12:44,16:16,19:10,20:32
banghazi,9,1,04:48,06:15,12:43,16:15,19:08,20:30
banghazi,9,2,04:49,06:15,12:43,16:15,19:07,20:29
banghazi,9,3,04:50,06:16,12:43,16:14,19:06,20:28
banghazi,9,4,04:51,06:16,12:42,16:13,19:05,20:26
banghazi,9,5,04:52,06:17,12:42,16:13,19:03,20:25
banghazi,9,6,04:52,06:18,12:42,16:12,19:02,20:23
banghazi,9,7,04:53,06:18,12:41,16:11,19:01,20:22
banghazi,9,8,04:54,06:19,12:41,16:11,18:59,20:20
banghazi,9,9,04:55,06:19,12:41,16:10,18:58,20:19
banghazi,9,10,04:56,06:20,12:40,16:09,18:57,20:17
banghazi,9,11,04:56,06:21,12:40,16:08,18:55,20:16
banghazi,9,12,04:57,06:21,12:40,16:08,18:54,20:14
banghazi,9,13,04:58,06:22,12:39,16:07,18:53,20:13
banghazi,9,14,04:58,06:22,12:39,16:06,18:51,20:11
banghazi,9,15,04:59,06:23,12:39,16:05,18:50,20:10
banghazi,9,16,05:00,06:24,12:38,16:05,18:49,20:09
banghazi,9,17,05:01,06:24,12:38,16:04,18:47,20:07
banghazi,9,18,05:01,06:25,12:37,16:03,18:46,20:06
banghazi,9,19,05:02,06:25,12:37,16:02,18:45,20:04
banghazi,9,20,05:03,06:26,12:37,16:01,18:43,20:03
banghazi,9,21,05:03,06:27,12:36,16:00,18:42,20:01
banghazi,9,22,05:04,06:27,12:36,16:00,18:41,20:00
banghazi,9,23,05:05,06:28,12:36,15:59,18:39,19:59
banghazi,9,24,05:05,06:29,12:35,15:58,18:38,19:57
banghazi,9,25,05:06,06:29,12:35,15:57,18:37,19:56
banghazi,9,26,05:07,06:30,12:35,15:56,18:35,19:54
banghazi,9,27,05:07,06:30,12:34,15:55,18:34,19:53
banghazi,9,28,05:08,06:31,12:34,15:54,18:33,19:52
banghazi,9,29,05:09,06:32,12:33,15:54,18:31,19:50
banghazi,9,30,05:09,06:32,12:33,15:53,18:30,19:49
banghazi,10,1,05:10,06:33,12:33,15:52,18:29,19:48
banghazi,10,2,05:11,06:34,12:32,15:51,18:27,19:46
banghazi,10,3,05:11,06:34,12:32,15:50,18:26,19:45
banghazi,10,4,05:12,06:35,12:32,15:49,18:25,19:44
banghazi,10,5,05:13,06:36,12:31,15:48,18:23,19:42
banghazi,10,6,05:13,06:36,12:31,15:47,18:22,19:41
banghazi,10,7,05:14,06:37,12:31,15:47,18:21,19:40
banghazi,10,8,05:15,06:38,12:31,15:46,18:20,19:38
banghazi,10,9,05:15,06:38,12:30,15:45,18:18,19:37
banghazi,10,10,05:16,06:39,12:30,15:44,18:17,19:36
banghazi,10,11,05:17,06:40,12:30,15:43,18:16,19:35
banghazi,10,12,05:17,06:40,12:30,15:42,18:15,19:34
banghazi,10,13,05:18,06:41,12:29,15:41,18:14,19:32
banghazi,10,14,05:19,06:42,12:29,15:40,18:12,19:31
banghazi,10,15,05:19,06:42,12:29,15:40,18:11,19:30
banghazi,10,16,05:20,06:43,12:29,15:39,18:10,19:29
banghazi,10,17,05:21,06:44,12:28,15:38,18:09,19:28
banghazi,10,18,05:21,06:45,12:28,15:37,18:08,19:27
banghazi,10,19,05:22,06:45,12:28,15:36,18:07,19:26
banghazi,10,20,05:23,06:46,12:28,15:35,18:05,19:25
banghazi,10,21,05:23,06:47,12:28,15:35,18:04,19:24
banghazi,10,22,05:24,06:48,12:27,15:34,18:03,19:23
banghazi,10,23,05:25,06:48,12:27,15:33,18:02,19:22
banghazi,10,24,05:26,06:49,12:27,15:32,18:01,19:21
banghazi,10,25,05:26,06:50,12:27,15:32,18:00,19:20
banghazi,10,26,05:27,06:51,12:27,15:31,17:59,19:19
banghazi,10,27,05:28,06:52,12:27,15:30,17:58,19:18
banghazi,10,28,05:28,06:52,12:27,15:29,17:57,19:17
banghazi,10,29,05:29,06:53,12:27,15:29,17:56,19:16
banghazi,10,30,05:30,06:54,12:27,15:28,17:55,19:16
banghazi,10,31,05:31,06:55,12:27,15:27,17:54,19:15
banghazi,11,1,05:31,06:56,12:27,15:27,17:54,19:14
banghazi,11,2,05:32,06:57,12:27,15:26,17:53,19:13
banghazi,11,3,05:33,06:58,12:27,15:25,17:52,19:13
banghazi,11,4,05:33,06:58,12:27,15:25,17:51,19:12
banghazi,11,5,05:34,06:59,12:27,15:24,17:50,19:11
banghazi,11,6,05:35,07:00,12:27,15:23,17:49,19:11
banghazi,11,7,05:36,07:01,12:27,15:23,17:49,19:10
banghazi,11,8,05:36,07:02,12:27,15:22,17:48,19:09
banghazi,11,9,05:37,07:03,12:27,15:22,17:47,19:09
banghazi,11,10,05:38,07:04,12:27,15:21,17:47,19:08
banghazi,11,11,05:39,07:05,12:27,15:21,17:46,19:08
banghazi,11,12,05:40,07:05,12:27,15:20,17:45,19:07
banghazi,11,13,05:40,07:06,12:28,15:20,17:45,19:07
banghazi,11,14,05:41,07:07,12:28,15:20,17:44,19:06
banghazi,11,15,05:42,07:08,12:28,15:19,17:44,19:06
banghazi,11,16,05:43,07:09,12:28,15:19,17:43,19:06
banghazi,11,17,05:43,07:10,12:28,15:18,17:43,19:05
banghazi,11,18,05:44,07:11,12:29,15:18,17:42,19:05
banghazi,11,19,05:45,07:12,12:29,15:18,17:42,19:05
banghazi,11,20,05:46,07:13,12:29,15:17,17:41,19:04
banghazi,11,21,05:46,07:14,12:29,15:17,17:41,19:04
banghazi,11,22,05:47,07:14,12:30,15:17,17:41,19:04
banghazi,11,23,05:48,07:15,12:30,15:17,17:40,19:04
banghazi,11,24,05:49,07:16,12:30,15:16,17:40,19:03
banghazi,11,25,05:49,07:17,12:30,15:16,17:40,19:03
banghazi,11,26,05:50,07:18,12:31,15:16,17:39,19:03
banghazi,11,27,05:51,07:19,12:31,15:16,17:39,19:03
banghazi,11,28,05:52,07:20,12:31,15:16,17:39,19:03
banghazi,11,29,05:52,07:21,12:32,15:16,17:39,19:03
banghazi,11,30,05:53,07:21,12:32,15:16,17:39,19:03
banghazi,12,1,05:54,07:22,12:32,15:16,17:39,19:03
banghazi,12,2,05:55,07:23,12:33,15:16,17:39,19:03
banghazi,12,3,05:55,07:24,12:33,15:16,17:39,19:03
banghazi,12,4,05:56,07:25,12:34,15:16,17:39,19:03
banghazi,12,5,05:57,07:26,12:34,15:16,17:39,19:03
banghazi,12,6,05:57,07:26,12:34,15:16,17:39,19:03
banghazi,12,7,05:58,07:27,12:35,15:16,17:39,19:04
banghazi,12,8,05:59,07:28,12:35,15:16,17:39,19:04
banghazi,12,9,05:59,07:29,12:36,15:16,17:39,19:04
banghazi,12,10,06:00,07:29,12:36,15:17,17:39,19:04
banghazi,12,11,06:01,07:30,12:37,15:17,17:39,19:04
banghazi,12,12,06:01,07:31,12:37,15:17,17:39,19:05
banghazi,12,13,06:02,07:31,12:38,15:17,17:40,19:05
banghazi,12,14,06:03,07:32,12:38,15:18,17:40,19:05
banghazi,12,15,06:03,07:33,12:38,15:18,17:40,19:06
banghazi,12,16,06:04,07:33,12:39,15:18,17:41,19:06
banghazi,12,17,06:04,07:34,12:39,15:19,17:41,19:06
banghazi,12,18,06:05,07:34,12:40,15:19,17:41,19:07
banghazi,12,19,06:05,07:35,12:40,15:20,17:42,19:07
banghazi,12,20,06:06,07:36,12:41,15:20,17:42,19:08
banghazi,12,21,06:06,07:36,12:41,15:21,17:43,19:08
banghazi,12,22,06:07,07:37,12:42,15:21,17:43,19:09
banghazi,12,23,06:07,07:37,12:42,15:22,17:44,19:09
banghazi,12,24,06:08,07:37,12:43,15:22,17:44,19:10
banghazi,12,25,06:08,07:38,12:43,15:23,17:45,19:10
banghazi,12,26,06:09,07:38,12:44,15:23,17:45,19:11
banghazi,12,27,06:09,07:39,12:44,15:24,17:46,19:11
banghazi,12,28,06:10,07:39,12:45,15:24,17:47,19:12
banghazi,12,29,06:10,07:39,12:45,15:25,17:47,19:13
banghazi,12,30,06:10,07:40,12:46,15:26,17:48,19:13
banghazi,12,31,06:11,07:40,12:46,15:26,17:49,19:14
drna,1,1,06:01,07:31,12:36,15:15,17:37,19:03
drna,1,2,06:02,07:32,12:37,15:16,17:38,19:04
drna,1,3,06:02,07:32,12:37,15:17,17:39,19:05
drna,1,4,06:02,07:32,12:38,15:17,17:40,19:05
drna,1,5,06:02,07:32,12:38,15:18,17:41,19:06
drna,1,6,06:02,07:32,12:39,15:19,17:41,19:07
drna,1,7,06:03,07:32,12:39,15:20,17:42,19:08
drna,1,8,06:03,07:32,12:40,15:20,17:43,19:08
drna,1,9,06:03,07:32,12:40,15:21,17:44,19:09
drna,1,10,06:03,07:32,12:40,15:22,17:45,19:10
drna,1,11,06:03,07:32,12:41,15:23,17:46,19:11
drna,1,12,06:03,07:32,12:41,15:24,17:46,19:11
drna,1,13,06:03,07:32,12:42,15:24,17:47,19:12
drna,1,14,06:03,07:32,12:42,15:25,17:48,19:13
drna,1,15,06:03,07:31,12:42,15:26,17:49,19:14
drna,1,16,06:03,07:31,12:43,15:27,17:50,19:14
drna,1,17,06:03,07:31,12:43,15:28,17:51,19:15
drna,1,18,06:03,07:31,12:43,15:28,17:52,19:16
drna,1,19,06:02,07:30,12:44,15:29,17:53,19:17
drna,1,20,06:02,07:30,12:44,15:30,17:54,19:18
drna,1,21,06:02,07:30,12:44,15:31,17:55,19:18
drna,1,22,06:02,07:29,12:44,15:32,17:56,19:19
drna,1,23,06:01,07:29,12:45,15:33,17:57,19:20
drna,1,24,06:01,07:28,12:45,15:33,17:58,19:21
drna,1,25,06:01,07:28,12:45,15:34,17:59,19:22
drna,1,26,06:00,07:28,12:46,15:35,17:59,19:23
drna,1,27,06:00,07:27,12:46,15:36,18:00,19:23
drna,1,28,06:00,07:26,12:46,15:37,18:01,19:24
drna,1,29,05:59,07:26,12:46,15:38,18:02,19:25
drna,1,30,05:59,07:25,12:46,15:38,18:03,19:26
drna,1,31,05:58,07:25,12:46,15:39,18:04,19:27
drna,2,1,05:58,07:24,12:47,15:40,18:05,19:28
drna,2,2,05:57,07:23,12:47,15:41,18:06,19:28
drna,2,3,05:57,07:23,12:47,15:41,18:07,19:29
drna,2,4,05:56,07:22,12:47,15:42,18:08,19:30
drna,2,5,05:55,07:21,12:47,15:43,18:09,19:31
drna,2,6,05:55,07:20,12:47,15:44,18:10,19:32
drna,2,7,05:54,07:20,12:47,15:45,18:11,19:32
drna,2,8,05:53,07:19,12:47,15:45,18:12,19:33
drna,2,9,05:53,07:18,12:47,15:46,18:13,19:34
drna,2,10,05:52,07:17,12:47,15:47,18:14,19:35
drna,2,11,05:51,07:16,12:47,15:47,18:15,19:36
drna,2,12,05:50,07:15,12:47,15:48,18:16,19:36
drna,2,13,05:50,07:14,12:47,15:49,18:16,19:37
drna,2,14,05:49,07:13,12:47,15:49,18:17,19:38
drna,2,15,05:48,07:13,12:47,15:50,18:18,19:39
drna,2,16,05:47,07:12,12:47,15:51,18:19,19:40
drna,2,17,05:46,07:11,12:47,15:51,18:20,19:40
drna,2,18,05:45,07:10,12:47,15:52,18:21,19:41
drna,2,19,05:44,07:08,12:47,15:52,18:22,19:42
drna,2,20,05:43,07:07,12:47,15:53,18:23,19:43
drna,2,21,05:42,07:06,12:47,15:54,18:24,19:44
drna,2,22,05:41,07:05,12:47,15:54,18:24,19:44
drna,2,23,05:40,07:04,12:47,15:55,18:25,19:45
drna,2,24,05:39,07:03,12:47,15:55,18:26,19:46
drna,2,25,05:38,07:02,12:46,15:56,18:27,19:47
drna,2,26,05:37,07:01,12:46,15:56,18:28,19:47
drna,2,27,05:36,07:00,12:46,15:57,18:28,19:48
drna,2,28,05:35,06:58,12:46,15:57,18:29,19:49
drna,2,29,05:35,06:58,12:46,15:57,18:29,19:49
drna,3,1,05:34,06:57,12:46,15:58,18:30,19:50
drna,3,2,05:33,06:56,12:45,15:58,18:31,19:50
drna,3,3,05:31,06:55,12:45,15:58,18:32,19:51
drna,3,4,05:30,06:54,12:45,15:59,18:32,19:52
drna,3,5,05:29,06:52,12:45,15:59,18:33,19:53
drna,3,6,05:28,06:51,12:45,16:00,18:34,19:53
drna,3,7,05:26,06:50,12:44,16:00,18:35,19:54
drna,3,8,05:25,06:49,12:44,16:00,18:35,19:55
drna,3,9,05:24,06:47,12:44,16:01,18:36,19:56
drna,3,10,05:23,06:46,12:44,16:01,18:37,19:56
drna,3,11,05:21,06:45,12:43,16:01,18:38,19:57
drna,3,12,05:20,06:43,12:43,16:02,18:38,19:58
drna,3,13,05:19,06:42,12:43,16:02,18:39,19:59
drna,3,14,05:17,06:41,12:42,16:02,18:40,19:59
drna,3,15,05:16,06:40,12:42,16:02,18:41,20:00
drna,3,16,05:15,06:38,12:42,16:03,18:41,20:01
drna,3,17,05:13,06:37,12:41,16:03,18:42,20:02
drna,3,18,05:12,06:36,12:41,16:03,18:43,20:02
drna,3,19,05:11,06:34,12:41,16:03,18:43,20:03
drna,3,20,05:09,06:33,12:41,16:04,18:44,20:04
drna,3,21,05:08,06:32,12:40,16:04,18:45,20:05
drna,3,22,05:06,06:30,12:40,16:04,18:46,20:06
drna,3,23,05:05,06:29,12:40,16:04,18:46,20:06
drna,3,24,05:03,06:28,12:39,16:04,18:47,20:07
drna,3,25,05:02,06:26,12:39,16:05,18:48,20:08
drna,3,26,05:01,06:25,12:39,16:05,18:48,20:09
drna,3,27,04:59,06:24,12:38,16:05,18:49,20:09
drna,3,28,04:58,06:22,12:38,16:05,18:50,20:10
drna,3,29,04:56,06:21,12:38,16:05,18:50,20:11
drna,3,30,04:55,06:20,12:37,16:05,18:51,20:12
drna,3,31,04:53,06:18,12:37,16:05,18:52,20:13
drna,4,1,04:52,06:17,12:37,16:05,18:52,20:14
drna,4,2,04:50,06:16,12:36,16:05,18:53,20:14
drna,4,3,04:49,06:14,12:36,16:06,18:54,20:15
drna,4,4,04:47,06:13,12:36,16:06,18:55,20:16
drna,4,5,04:46,06:12,12:35,16:06,18:55,20:17
drna,4,6,04:45,06:10,12:35,16:06,18:56,20:18
drna,4,7,04:43,06:09,12:35,16:06,18:57,20:19
drna,4,8,04:42,06:08,12:35,16:06,18:57,20:20
drna,4,9,04:40,06:07,12:34,16:06,18:58,20:20
drna,4,10,04:39,06:05,12:34,16:06,18:59,20:21
drna,4,11,04:37,06:04,12:34,16:06,18:59,20:22
drna,4,12,04:36,06:03,12:34,16:06,19:00,20:23
drna,4,13,04:34,06:02,12:33,16:06,19:01,20:24
drna,4,14,04:33,06:00,12:33,16:06,19:02,20:25
drna,4,15,04:32,05:59,12:33,16:06,19:02,20:26
drna,4,16,04:30,05:58,12:33,16:06,19:03,20:27
drna,4,17,04:29,05:57,12:32,16:06,19:04,20:28
drna,4,18,04:27,05:56,12:32,16:06,19:04,20:29
drna,4,19,04:26,05:54,12:32,16:06,19:05,20:30
drna,4,20,04:24,05:53,12:32,16:06,19:06,20:31
drna,4,21,04:23,05:52,12:31,16:06,19:07,20:32
drna,4,22,04:22,05:51,12:31,16:06,19:07,20:33
drna,4,23,04:20,05:50,12:31,16:06,19:08,20:34
drna,4,24,04:19,05:49,12:31,16:06,19:09,20:35
drna,4,25,04:18,05:48,12:31,16:06,19:10,20:36
drna,4,26,04:16,05:47,12:31,16:07,19:10,20:37
drna,4,27,04:15,05:46,12:30,16:07,19:11,20:38
drna,4,28,04:14,05:45,12:30,16:07,19:12,20:39
drna,4,29,04:12,05:44,12:30,16:07,19:13,20:40
drna,4,30,04:11,05:43,12:30,16:07,19:13,20:41
drna,5,1,04:10,05:42,12:30,16:07,19:14,20:42
drna,5,2,04:09,05:41,12:30,16:07,19:15,20:43
drna,5,3,04:07,05:40,12:30,16:07,19:16,20:44
drna,5,4,04:06,05:39,12:30,16:07,19:16,20:45
drna,5,5,04:05,05:38,12:29,16:07,19:17,20:46
drna,5,6,04:04,05:37,12:29,16:07,19:18,20:47
drna,5,7,04:03,05:36,12:29,16:07,19:18,20:48
drna,5,8,04:01,05:35,12:29,16:07,19:19,20:49
drna,5,9,04:00,05:35,12:29,16:07,19:20,20:50
drna,5,10,03:59,05:34,12:29,16:07,19:21,20:51
drna,5,11,03:58,05:33,12:29,16:07,19:21,20:52
drna,5,12,03:57,05:32,12:29,16:07,19:22,20:53
drna,5,13,03:56,05:31,12:29,16:07,19:23,20:54
drna,5,14,03:55,05:31,12:29,16:07,19:24,20:55
drna,5,15,03:54,05:30,12:29,16:07,19:24,20:56
drna,5,16,03:53,05:29,12:29,16:07,19:25,20:57
drna,5,17,03:52,05:29,12:29,16:07,19:26,20:58
drna,5,18,03:51,05:28,12:29,16:08,19:27,21:00
drna,5,19,03:50,05:27,12:29,16:08,19:27,21:01
drna,5,20,03:49,05:27,12:29,16:08,19:28,21:01
drna,5,21,03:49,05:26,12:29,16:08,19:29,21:02
drna,5,22,03:48,05:26,12:30,16:08,19:29,21:03
drna,5,23,03:47,05:25,12:30,16:08,19:30,21:04
drna,5,24,03:46,05:25,12:30,16:08,19:31,21:05
drna,5,25,03:45,05:24,12:30,16:08,19:31,21:06
drna,5,26,03:45,05:24,12:30,16:08,19:32,21:07
drna,5,27,03:44,05:24,12:30,16:08,19:33,21:08
drna,5,28,03:43,05:23,12:30,16:09,19:33,21:09
drna,5,29,03:43,05:23,12:30,16:09,19:34,21:10
drna,5,30,03:42,05:22,12:30,16:09,19:34,21:11
drna,5,31,03:42,05:22,12:31,16:09,19:35,21:12
drna,6,1,03:41,05:22,12:31,16:09,19:36,21:12
drna,6,2,03:41,05:22,12:31,16:09,19:36,21:13
drna,6,3,03:40,05:21,12:31,16:09,19:37,21:14
drna,6,4,03:40,05:21,12:31,16:10,19:37,21:15
drna,6,5,03:39,05:21,12:31,16:10,19:38,21:15
drna,6,6,03:39,05:21,12:32,16:10,19:38,21:16
drna,6,7,03:39,05:21,12:32,16:10,19:39,21:17
drna,6,8,03:38,05:20,12:32,16:10,19:39,21:17
drna,6,9,03:38,05:20,12:32,16:10,19:40,21:18
drna,6,10,03:38,05:20,12:32,16:11,19:40,21:19
drna,6,11,03:38,05:20,12:32,16:11,19:41,21:19
drna,6,12,03:38,05:20,12:33,16:11,19:41,21:20
drna,6,13,03:38,05:20,12:33,16:11,19:41,21:20
drna,6,14,03:38,05:20,12:33,16:11,19:42,21:21
drna,6,15,03:37,05:20,12:33,16:12,19:42,21:21
drna,6,16,03:38,05:20,12:33,16:12,19:42,21:21
drna,6,17,03:38,05:21,12:34,16:12,19:43,21:22
drna,6,18,03:38,05:21,12:34,16:12,19:43,21:22
drna,6,19,03:38,05:21,12:34,16:12,19:43,21:22
drna,6,20,03:38,05:21,12:34,16:13,19:44,21:23
drna,6,21,03:38,05:21,12:34,16:13,19:44,21:23
drna,6,22,03:38,05:21,12:35,16:13,19:44,21:23
drna,6,23,03:39,05:22,12:35,16:13,19:44,21:23
drna,6,24,03:39,05:22,12:35,16:13,19:44,21:23
drna,6,25,03:39,05:22,12:35,16:14,19:44,21:23
drna,6,26,03:39,05:22,12:35,16:14,19:45,21:23
drna,6,27,03:40,05:23,12:36,16:14,19:45,21:23
drna,6,28,03:40,05:23,12:36,16:14,19:45,21:23
drna,6,29,03:41,05:23,12:36,16:14,19:45,21:23
drna,6,30,03:41,05:24,12:36,16:15,19:45,21:23
drna,7,1,03:42,05:24,12:36,16:15,19:45,21:23
drna,7,2,03:42,05:25,12:37,16:15,19:45,21:23
drna,7,3,03:43,05:25,12:37,16:15,19:45,21:23
drna,7,4,03:43,05:25,12:37,16:15,19:44,21:23
drna,7,5,03:44,05:26,12:37,16:15,19:44,21:22
drna,7,6,03:45,05:26,12:37,16:16,19:44,21:22
drna,7,7,03:45,05:27,12:37,16:16,19:44,21:22
drna,7,8,03:46,05:27,12:38,16:16,19:44,21:21
drna,7,9,03:47,05:28,12:38,16:16,19:44,21:21
drna,7,10,03:47,05:28,12:38,16:16,19:43,21:20
drna,7,11,03:48,05:29,12:38,16:16,19:43,21:20
drna,7,12,03:49,05:30,12:38,16:17,19:43,21:19
drna,7,13,03:50,05:30,12:38,16:17,19:42,21:19
drna,7,14,03:51,05:31,12:38,16:17,19:42,21:18
drna,7,15,03:51,05:31,12:39,16:17,19:42,21:18
drna,7,16,03:52,05:32,12:39,16:17,19:41,21:17
drna,7,17,03:53,05:33,12:39,16:17,19:41,21:16
drna,7,18,03:54,05:33,12:39,16:17,19:40,21:16
drna,7,19,03:55,05:34,12:39,16:17,19:40,21:15
drna,7,20,03:56,05:34,12:39,16:17,19:39,21:14
drna,7,21,03:57,05:35,12:39,16:17,19:39,21:13
drna,7,22,03:58,05:36,12:39,16:17,19:38,21:12
drna,7,23,03:59,05:36,12:39,16:17,19:38,21:12
drna,7,24,04:00,05:37,12:39,16:17,19:37,21:11
drna,7,25,04:01,05:38,12:39,16:17,19:37,21:10
drna,7,26,04:02,05:38,12:39,16:17,19:36,21:09
drna,7,27,04:03,05:39,12:39,16:17,19:35,21:08
drna,7,28,04:04,05:40,12:39,16:17,19:35,21:07
drna,7,29,04:05,05:40,12:39,16:17,19:34,21:06
drna,7,30,04:06,05:41,12:39,16:17,19:33,21:05
drna,7,31,04:07,05:42,12:39,16:17,19:32,21:04
drna,8,1,04:08,05:43,12:39,16:17,19:32,21:03
drna,8,2,04:09,05:43,12:39,16:17,19:31,21:02
drna,8,3,04:10,05:44,12:39,16:17,19:30,21:00
drna,8,4,04:11,05:45,12:39,16:17,19:29,20:59
drna,8,5,04:12,05:45,12:39,16:16,19:28,20:58
drna,8,6,04:13,05:46,12:39,16:16,19:27,20:57
drna,8,7,04:14,05:47,12:39,16:16,19:27,20:56
drna,8,8,04:15,05:47,12:39,16:16,19:26,20:55
drna,8,9,04:16,05:48,12:38,16:16,19:25,20:53
drna,8,10,04:17,05:49,12:38,16:15,19:24,20:52
drna,8,11,04:18,05:50,12:38,16:15,19:23,20:51
drna,8,12,04:18,05:50,12:38,16:15,19:22,20:49
drna,8,13,04:19,05:51,12:38,16:14,19:21,20:48
drna,8,14,04:20,05:52,12:38,16:14,19:20,20:47
drna,8,15,04:21,05:52,12:37,16:14,19:19,20:46
drna,8,16,04:22,05:53,12:37,16:13,19:18,20:44
drna,8,17,04:23,05:54,12:37,16:13,19:17,20:43
drna,8,18,04:24,05:54,12:37,16:13,19:15,20:41
drna,8,19,04:25,05:55,12:37,16:12,19:14,20:40
drna,8,20,04:26,05:56,12:36,16:12,19:13,20:39
drna,8,21,04:27,05:56,12:36,16:11,19:12,20:37
drna,8,22,04:28,05:57,12:36,16:11,19:11,20:36
drna,8,23,04:29,05:58,12:36,16:10,19:10,20:34
drna,8,24,04:30,05:58,12:35,16:10,19:09,20:33
drna,8,25,04:31,05:59,12:35,16:09,19:07,20:32
drna,8,26,04:32,06:00,12:35,16:09,19:06,20:30
drna,8,27,04:33,06:00,12:35,16:08,19:05,20:29
drna,8,28,04:33,06:01,12:34,16:08,19:04,20:27
drna,8,29,04:34,06:02,12:34,16:07,19:02,20:26
drna,8,30,04:35,06:02,12:34,16:07,19:01,20:24
drna,8,31,04:36,06:03,12:33,16:06,19:00,20:23
drna,9,1,04:37,06:04,12:33,16:05,18:59,20:21
drna,9,2,04:38,06:04,12:33,16:05,18:57,20:20
drna,9,3,04:39,06:05,12:32,16:04,18:56,20:18
drna,9,4,04:39,06:06,12:32,16:03,18:55,20:17
drna,9,5,04:40,06:06,12:32,16:03,18:53,20:15
drna,9,6,04:41,06:07,12:31,16:02,18:52,20:14
drna,9,7,04:42,06:07,12:31,16:01,18:51,20:12
drna,9,8,04:43,06:08,12:31,16:01,18:49,20:11
drna,9,9,04:43,06:09,12:30,16:00,18:48,20:09
drna,9,10,04:44,06:09,12:30,15:59,18:47,20:08
drna,9,11,04:45,06:10,12:30,15:58,18:45,20:06
drna,9,12,04:46,06:11,12:29,15:58,18:44,20:05
drna,9,13,04:46,06:11,12:29,15:57,18:43,20:04
drna,9,14,04:47,06:12,12:29,15:56,18:41,20:02
drna,9,15,04:48,06:12,12:28,15:55,18:40,20:01
drna,9,16,04:49,06:13,12:28,15:54,18:39,19:59
drna,9,17,04:49,06:14,12:27,15:54,18:37,19:58
drna,9,18,04:50,06:14,12:27,15:53,18:36,19:56
drna,9,19,04:51,06:15,12:27,15:52,18:35,19:55
drna,9,20,04:52,06:16,12:26,15:51,18:33,19:53
drna,9,21,04:52,06:16,12:26,15:50,18:32,19:52
drna,9,22,04:53,06:17,12:26,15:49,18:30,19:50
drna,9,23,04:54,06:18,12:25,15:48,18:29,19:49
drna,9,24,04:54,06:18,12:25,15:48,18:28,19:47
drna,9,25,04:55,06:19,12:25,15:47,18:26,19:46
drna,9,26,04:56,06:19,12:24,15:46,18:25,19:45
drna,9,27,04:57,06:20,12:24,15:45,18:24,19:43
drna,9,28,04:57,06:21,12:23,15:44,18:22,19:42
drna,9,29,04:58,06:21,12:23,15:43,18:21,19:40
drna,9,30,04:59,06:22,12:23,15:42,18:20,19:39
drna,10,1,04:59,06:23,12:22,15:41,18:18,19:38
drna,10,2,05:00,06:23,12:22,15:40,18:17,19:36
drna,10,3,05:01,06:24,12:22,15:40,18:16,19:35
drna,10,4,05:01,06:25,12:21,15:39,18:14,19:34
drna,10,5,05:02,06:25,12:21,15:38,18:13,19:32
drna,10,6,05:03,06:26,12:21,15:37,18:12,19:31
drna,10,7,05:03,06:27,12:21,15:36,18:10,19:30
drna,10,8,05:04,06:28,12:20,15:35,18:09,19:28
drna,10,9,05:05,06:28,12:20,15:34,18:08,19:27
drna,10,10,05:05,06:29,12:20,15:33,18:06,19:26
drna,10,11,05:06,06:30,12:19,15:32,18:05,19:25
drna,10,12,05:07,06:30,12:19,15:31,18:04,19:23
drna,10,13,05:08,06:31,12:19,15:31,18:03,19:22
drna,10,14,05:08,06:32,12:19,15:30,18:02,19:21
drna,10,15,05:09,06:33,12:18,15:29,18:00,19:20
drna,10,16,05:10,06:33,12:18,15:28,17:59,19:19
drna,10,17,05:10,06:34,12:18,15:27,17:58,19:18
drna,10,18,05:11,06:35,12:18,15:26,17:57,19:17
drna,10,19,05:12,06:36,12:18,15:25,17:56,19:16
drna,10,20,05:12,06:36,12:17,15:24,17:55,19:14
drna,10,21,05:13,06:37,12:17,15:24,17:53,19:13
drna,10,22,05:14,06:38,12:17,15:23,17:52,19:12
drna,10,23,05:15,06:39,12:17,15:22,17:51,19:11
drna,10,24,05:15,06:40,12:17,15:21,17:50,19:10
drna,10,25,05:16,06:40,12:17,15:20,17:49,19:09
drna,10,26,05:17,06:41,12:17,15:20,17:48,19:09
drna,10,27,05:18,06:42,12:17,15:19,17:47,19:08
drna,10,28,05:18,06:43,12:17,15:18,17:46,19:07
drna,10,29,05:19,06:44,12:16,15:17,17:45,19:06
drna,10,30,05:20,06:45,12:16,15:17,17:44,19:05
drna,10,31,05:20,06:46,12:16,15:16,17:43,19:04
drna,11,1,05:21,06:46,12:16,15:15,17:42,19:03
drna,11,2,05:22,06:47,12:16,15:15,17:41,19:03
drna,11,3,05:23,06:48,12:16,15:14,17:41,19:02
drna,11,4,05:24,06:49,12:16,15:13,17:40,19:01
drna,11,5,05:24,06:50,12:16,15:13,17:39,19:01
drna,11,6,05:25,06:51,12:16,15:12,17:38,19:00
drna,11,7,05:26,06:52,12:17,15:12,17:37,18:59
drna,11,8,05:27,06:53,12:17,15:11,17:37,18:59
drna,11,9,05:27,06:54,12:17,15:10,17:36,18:58
drna,11,10,05:28,06:54,12:17,15:10,17:35,18:57
drna,11,11,05:29,06:55,12:17,15:09,17:35,18:57
drna,11,12,05:30,06:56,12:17,15:09,17:34,18:56
drna,11,13,05:30,06:57,12:17,15:08,17:33,18:56
drna,11,14,05:31,06:58,12:17,15:08,17:33,18:56
drna,11,15,05:32,06:59,12:18,15:08,17:32,18:55
drna,11,16,05:33,07:00,12:18,15:07,17:32,18:55
drna,11,17,05:34,07:01,12:18,15:07,17:31,18:54
drna,11,18,05:34,07:02,12:18,15:06,17:31,18:54
drna,11,19,05:35,07:03,12:18,15:06,17:30,18:54
drna,11,20,05:36,07:04,12:19,15:06,17:30,18:53
drna,11,21,05:37,07:05,12:19,15:06,17:29,18:53
drna,11,22,05:38,07:05,12:19,15:05,17:29,18:53
drna,11,23,05:38,07:06,12:19,15:05,17:29,18:53
drna,11,24,05:39,07:07,12:20,15:05,17:28,18:52
drna,11,25,05:40,07:08,12:20,15:05,17:28,18:52
drna,11,26,05:41,07:09,12:20,15:04,17:28,18:52
drna,11,27,05:41,07:10,12:21,15:04,17:27,18:52
drna,11,28,05:42,07:11,12:21,15:04,17:27,18:52
drna,11,29,05:43,07:12,12:21,15:04,17:27,18:52
drna,11,30,05:44,07:13,12:22,15:04,17:27,18:52
drna,12,1,05:44,07:13,12:22,15:04,17:27,18:52
drna,12,2,05:45,07:14,12:22,15:04,17:27,18:52
drna,12,3,05:46,07:15,12:23,15:04,17:27,18:52
drna,12,4,05:47,07:16,12:23,15:04,17:27,18:52
drna,12,5,05:47,07:17,12:24,15:04,17:27,18:52
drna,12,6,05:48,07:17,12:24,15:04,17:27,18:52
drna,12,7,05:49,07:18,12:25,15:04,17:27,18:52
drna,12,8,05:49,07:19,12:25,15:05,17:27,18:53
drna,12,9,05:50,07:20,12:25,15:05,17:27,18:53
drna,12,10,05:51,07:21,12:26,15:05,17:27,18:53
drna,12,11,05:51,07:21,12:26,15:05,17:27,18:53
drna,12,12,05:52,07:22,12:27,15:05,17:28,18:54
drna,12,13,05:53,07:23,12:27,15:06,17:28,18:54
drna,12,14,05:53,07:23,12:28,15:06,17:28,18:54
drna,12,15,05:54,07:24,12:28,15:06,17:28,18:54
drna,12,16,05:54,07:25,12:29,15:07,17:29,18:55
drna,12,17,05:55,07:25,12:29,15:07,17:29,18:55
drna,12,18,05:56,07:26,12:30,15:07,17:29,18:56
drna,12,19,05:56,07:26,12:30,15:08,17:30,18:56
drna,12,20,05:57,07:27,12:31,15:08,17:30,18:57
drna,12,21,05:57,07:27,12:31,15:09,17:31,18:57
drna,12,22,05:58,07:28,12:32,15:09,17:31,18:57
drna,12,23,05:58,07:28,12:32,15:10,17:32,18:58
drna,12,24,05:58,07:29,12:32,15:10,17:32,18:58
drna,12,25,05:59,07:29,12:33,15:11,17:33,18:59
drna,12,26,05:59,07:29,12:33,15:11,17:33,19:00
drna,12,27,06:00,07:30,12:34,15:12,17:34,19:00
drna,12,28,06:00,07:30,12:34,15:12,17:35,19:01
drna,12,29,06:00,07:31,12:35,15:13,17:35,19:01
drna,12,30,06:01,07:31,12:35,15:14,17:36,19:02
drna,12,31,06:01,07:31,12:36,15:14,17:37,19:03
ghaat,1,1,6:41,8:04,13:26,16:21,18:45,20:04
ghaat,1,2,6:41,8:04,13:27,16:22,18:46,20:05
ghaat,1,3,6:41,8:04,13:27,16:22,18:46,20:05
ghaat,1,4,6:42,8:05,13:28,16:23,18:47,20:06
ghaat,1,5,6:42,8:05,13:28,16:24,18:48,20:06
ghaat,1,6,6:42,8:05,13:29,16:24,18:48,20:07
ghaat,1,7,6:42,8:05,13:29,16:25,18:49,20:08
ghaat,1,8,6:43,8:05,13:29,16:26,18:50,20:08
ghaat,1,9,6:43,8:05,13:30,16:26,18:50,20:09
ghaat,1,10,6:43,8:05,13:30,16:27,18:51,20:09
ghaat,1,11,6:43,8:06,13:31,16:28,18:52,20:10
ghaat,1,12,6:43,8:06,13:31,16:28,18:53,20:11
ghaat,1,13,6:43,8:06,13:31,16:29,18:53,20:11
ghaat,1,14,6:44,8:06,13:32,16:30,18:54,20:12
ghaat,1,15,6:44,8:06,13:32,16:30,18:55,20:13
ghaat,1,16,6:44,8:06,13:33,16:31,18:56,20:13
ghaat,1,17,6:44,8:05,13:33,16:32,18:56,20:14
ghaat,1,18,6:44,8:05,13:33,16:32,18:57,20:15
ghaat,1,19,6:44,8:05,13:34,16:33,18:58,20:15
ghaat,1,20,6:44,8:05,13:34,16:34,18:59,20:16
ghaat,1,21,6:44,8:05,13:34,16:34,18:59,20:17
ghaat,1,22,6:44,8:05,13:34,16:35,19:00,20:17
ghaat,1,23,6:44,8:05,13:35,16:36,19:01,20:18
ghaat,1,24,6:43,8:04,13:35,16:36,19:02,20:19
ghaat,1,25,6:43,8:04,13:35,16:37,19:02,20:19
ghaat,1,26,6:43,8:04,13:35,16:38,19:03,20:20
ghaat,1,27,6:43,8:03,13:36,16:38,19:04,20:20
ghaat,1,28,6:43,8:03,13:36,16:39,19:05,20:21
ghaat,1,29,6:42,8:03,13:36,16:39,19:05,20:22
ghaat,1,30,6:42,8:02,13:36,16:40,19:06,20:22
ghaat,1,31,6:42,8:02,13:36,16:41,19:07,20:23
ghaat,2,1,6:42,8:02,13:37,16:41,19:08,20:24
ghaat,2,2,6:41,8:01,13:37,16:42,19:08,20:24
ghaat,2,3,6:41,8:01,13:37,16:42,19:09,20:25
ghaat,2,4,6:41,8:00,13:37,16:43,19:10,20:25
ghaat,2,5,6:40,8:00,13:37,16:43,19:10,20:26
ghaat,2,6,6:40,7:59,13:37,16:44,19:11,20:27
ghaat,2,7,6:39,7:59,13:37,16:44,19:12,20:27
ghaat,2,8,6:39,7:58,13:37,16:45,19:13,20:28
ghaat,2,9,6:38,7:57,13:37,16:45,19:13,20:28
ghaat,2,10,6:38,7:57,13:37,16:46,19:14,20:29
ghaat,2,11,6:37,7:56,13:37,16:46,19:15,20:29
ghaat,2,12,6:37,7:56,13:37,16:47,19:15,20:30
ghaat,2,13,6:36,7:55,13:37,16:47,19:16,20:31
ghaat,2,14,6:36,7:54,13:37,16:48,19:17,20:31
ghaat,2,15,6:35,7:54,13:37,16:48,19:17,20:32
ghaat,2,16,6:34,7:53,13:37,16:48,19:18,20:32
ghaat,2,17,6:34,7:52,13:37,16:49,19:18,20:33
ghaat,2,18,6:33,7:51,13:37,16:49,19:19,20:33
ghaat,2,19,6:32,7:51,13:37,16:49,19:20,20:34
ghaat,2,20,6:32,7:50,13:37,16:50,19:20,20:34
ghaat,2,21,6:31,7:49,13:37,16:50,19:21,20:35
ghaat,2,22,6:30,7:48,13:37,16:50,19:21,20:35
ghaat,2,23,6:30,7:47,13:37,16:51,19:22,20:36
ghaat,2,24,6:29,7:46,13:36,16:51,19:22,20:36
ghaat,2,25,6:28,7:46,13:36,16:51,19:23,20:37
ghaat,2,26,6:27,7:45,13:36,16:51,19:24,20:37
ghaat,2,27,6:26,7:44,13:36,16:52,19:24,20:38
ghaat,2,28,6:25,7:43,13:36,16:52,19:25,20:38
ghaat,2,29,6:25,7:43,13:36,16:52,19:25,20:38
ghaat,3,1,6:25,7:42,13:36,16:52,19:25,20:39
ghaat,3,2,6:24,7:41,13:35,16:52,19:26,20:39
ghaat,3,3,6:23,7:40,13:35,16:52,19:26,20:40
ghaat,3,4,6:22,7:39,13:35,16:52,19:27,20:40
ghaat,3,5,6:21,7:38,13:35,16:52,19:27,20:41
ghaat,3,6,6:20,7:37,13:34,16:53,19:28,20:41
ghaat,3,7,6:19,7:36,13:34,16:53,19:28,20:41
ghaat,3,8,6:18,7:35,13:34,16:53,19:29,20:42
ghaat,3,9,6:17,7:34,13:34,16:53,19:29,20:42
ghaat,3,10,6:16,7:33,13:33,16:53,19:30,20:43
ghaat,3,11,6:15,7:32,13:33,16:53,19:30,20:43
ghaat,3,12,6:14,7:31,13:33,16:53,19:30,20:44
ghaat,3,13,6:13,7:30,13:33,16:53,19:31,20:44
ghaat,3,14,6:12,7:29,13:32,16:53,19:31,20:45
ghaat,3,15,6:11,7:28,13:32,16:53,19:32,20:45
ghaat,3,16,6:10,7:27,13:32,16:53,19:32,20:46
ghaat,3,17,6:09,7:26,13:31,16:53,19:33,20:46
ghaat,3,18,6:08,7:25,13:31,16:53,19:33,20:46
ghaat,3,19,6:07,7:24,13:31,16:53,19:33,20:47
ghaat,3,20,6:06,7:23,13:30,16:53,19:34,20:47
ghaat,3,21,6:04,7:22,13:30,16:53,19:34,20:48
ghaat,3,22,6:03,7:21,13:30,16:52,19:35,20:48
ghaat,3,23,6:02,7:20,13:30,16:52,19:35,20:49
ghaat,3,24,6:01,7:19,13:29,16:52,19:36,20:49
ghaat,3,25,6:00,7:18,13:29,16:52,19:36,20:50
ghaat,3,26,5:59,7:17,13:29,16:52,19:36,20:50
ghaat,3,27,5:58,7:16,13:28,16:52,19:37,20:51
ghaat,3,28,5:57,7:15,13:28,16:52,19:37,20:51
ghaat,3,29,5:56,7:14,13:28,16:51,19:38,20:52
ghaat,3,30,5:54,7:13,13:27,16:51,19:38,20:52
ghaat,3,31,5:53,7:11,13:27,16:51,19:38,20:53
ghaat,4,1,5:52,7:10,13:27,16:51,19:39,20:53
ghaat,4,2,5:51,7:09,13:26,16:51,19:39,20:54
ghaat,4,3,5:50,7:08,13:26,16:51,19:40,20:54
ghaat,4,4,5:49,7:07,13:26,16:50,19:40,20:55
ghaat,4,5,5:48,7:06,13:25,16:50,19:41,20:55
ghaat,4,6,5:46,7:05,13:25,16:50,19:41,20:56
ghaat,4,7,5:45,7:04,13:25,16:50,19:41,20:56
ghaat,4,8,5:44,7:03,13:25,16:49,19:42,20:57
ghaat,4,9,5:43,7:02,13:24,16:49,19:42,20:57
ghaat,4,10,5:42,7:01,13:24,16:49,19:43,20:58
ghaat,4,11,5:41,7:00,13:24,16:49,19:43,20:59
ghaat,4,12,5:40,6:59,13:23,16:49,19:44,20:59
ghaat,4,13,5:39,6:58,13:23,16:48,19:44,21:00
ghaat,4,14,5:37,6:57,13:23,16:48,19:44,21:00
ghaat,4,15,5:36,6:56,13:23,16:48,19:45,21:01
ghaat,4,16,5:35,6:56,13:22,16:48,19:45,21:02
ghaat,4,17,5:34,6:55,13:22,16:47,19:46,21:02
ghaat,4,18,5:33,6:54,13:22,16:47,19:46,21:03
ghaat,4,19,5:32,6:53,13:22,16:47,19:47,21:03
ghaat,4,20,5:31,6:52,13:22,16:47,19:47,21:04
ghaat,4,21,5:30,6:51,13:21,16:46,19:48,21:05
ghaat,4,22,5:29,6:50,13:21,16:46,19:48,21:05
ghaat,4,23,5:28,6:49,13:21,16:46,19:49,21:06
ghaat,4,24,5:27,6:49,13:21,16:46,19:49,21:07
ghaat,4,25,5:26,6:48,13:21,16:45,19:50,21:07
ghaat,4,26,5:25,6:47,13:20,16:45,19:50,21:08
ghaat,4,27,5:24,6:46,13:20,16:45,19:50,21:09
ghaat,4,28,5:23,6:45,13:20,16:45,19:51,21:09
ghaat,4,29,5:22,6:45,13:20,16:44,19:51,21:10
ghaat,4,30,5:21,6:44,13:20,16:44,19:52,21:11
ghaat,5,1,5:20,6:43,13:20,16:44,19:52,21:12
ghaat,5,2,5:19,6:42,13:20,16:44,19:53,21:12
ghaat,5,3,5:18,6:42,13:20,16:43,19:53,21:13
ghaat,5,4,5:17,6:41,13:19,16:43,19:54,21:14
ghaat,5,5,5:16,6:40,13:19,16:43,19:55,21:14
ghaat,5,6,5:16,6:40,13:19,16:43,19:55,21:15
ghaat,5,7,5:15,6:39,13:19,16:43,19:56,21:16
ghaat,5,8,5:14,6:38,13:19,16:42,19:56,21:17
ghaat,5,9,5:13,6:38,13:19,16:42,19:57,21:17
ghaat,5,10,5:12,6:37,13:19,16:42,19:57,21:18
ghaat,5,11,5:12,6:37,13:19,16:42,19:58,21:19
ghaat,5,12,5:11,6:36,13:19,16:42,19:58,21:20
ghaat,5,13,5:10,6:36,13:19,16:41,19:59,21:20
ghaat,5,14,5:09,6:35,13:19,16:41,19:59,21:21
ghaat,5,15,5:09,6:35,13:19,16:41,20:00,21:22
ghaat,5,16,5:08,6:34,13:19,16:41,20:00,21:22
ghaat,5,17,5:07,6:34,13:19,16:41,20:01,21:23
ghaat,5,18,5:07,6:33,13:19,16:41,20:01,21:24
ghaat,5,19,5:06,6:33,13:19,16:41,20:02,21:25
ghaat,5,20,5:05,6:32,13:19,16:41,20:02,21:25
ghaat,5,21,5:05,6:32,13:19,16:40,20:03,21:26
ghaat,5,22,5:04,6:32,13:20,16:40,20:03,21:27
ghaat,5,23,5:04,6:31,13:20,16:40,20:04,21:27
ghaat,5,24,5:03,6:31,13:20,16:40,20:04,21:28
ghaat,5,25,5:03,6:31,13:20,16:40,20:05,21:29
ghaat,5,26,5:02,6:30,13:20,16:40,20:05,21:29
ghaat,5,27,5:02,6:30,13:20,16:40,20:06,21:30
ghaat,5,28,5:01,6:30,13:20,16:40,20:06,21:31
ghaat,5,29,5:01,6:30,13:20,16:40,20:07,21:31
ghaat,5,30,5:01,6:29,13:20,16:40,20:07,21:32
ghaat,5,31,5:00,6:29,13:21,16:40,20:08,21:33
ghaat,6,1,5:00,6:29,13:21,16:40,20:08,21:33
ghaat,6,2,5:00,6:29,13:21,16:40,20:09,21:34
ghaat,6,3,5:00,6:29,13:21,16:40,20:09,21:34
ghaat,6,4,4:59,6:29,13:21,16:40,20:10,21:35
ghaat,6,5,4:59,6:29,13:21,16:40,20:10,21:36
ghaat,6,6,4:59,6:29,13:21,16:40,20:10,21:36
ghaat,6,7,4:59,6:29,13:22,16:40,20:11,21:37
ghaat,6,8,4:59,6:29,13:22,16:40,20:11,21:37
ghaat,6,9,4:59,6:28,13:22,16:40,20:12,21:38
ghaat,6,10,4:58,6:29,13:22,16:40,20:12,21:38
ghaat,6,11,4:58,6:29,13:22,16:41,20:12,21:38
ghaat,6,12,4:58,6:29,13:23,16:41,20:13,21:39
ghaat,6,13,4:58,6:29,13:23,16:41,20:13,21:39
ghaat,6,14,4:58,6:29,13:23,16:41,20:13,21:40
ghaat,6,15,4:58,6:29,13:23,16:41,20:14,21:40
ghaat,6,16,4:58,6:29,13:23,16:41,20:14,21:40
ghaat,6,17,4:59,6:29,13:24,16:41,20:14,21:41
ghaat,6,18,4:59,6:29,13:24,16:42,20:14,21:41
ghaat,6,19,4:59,6:29,13:24,16:42,20:15,21:41
ghaat,6,20,4:59,6:30,13:24,16:42,20:15,21:41
ghaat,6,21,4:59,6:30,13:24,16:42,20:15,21:42
ghaat,6,22,4:59,6:30,13:25,16:42,20:15,21:42
ghaat,6,23,5:00,6:30,13:25,16:43,20:15,21:42
ghaat,6,24,5:00,6:30,13:25,16:43,20:16,21:42
ghaat,6,25,5:00,6:31,13:25,16:43,20:16,21:42
ghaat,6,26,5:00,6:31,13:25,16:43,20:16,21:42
ghaat,6,27,5:01,6:31,13:26,16:43,20:16,21:42
ghaat,6,28,5:01,6:32,13:26,16:44,20:16,21:43
ghaat,6,29,5:01,6:32,13:26,16:44,20:16,21:43
ghaat,6,30,5:02,6:32,13:26,16:44,20:16,21:43
ghaat,7,1,5:02,6:32,13:26,16:44,20:16,21:42
ghaat,7,2,5:03,6:33,13:27,16:45,20:16,21:42
ghaat,7,3,5:03,6:33,13:27,16:45,20:16,21:42
ghaat,7,4,5:04,6:34,13:27,16:45,20:16,21:42
ghaat,7,5,5:04,6:34,13:27,16:46,20:16,21:42
ghaat,7,6,5:05,6:34,13:27,16:46,20:16,21:42
ghaat,7,7,5:05,6:35,13:27,16:46,20:16,21:42
ghaat,7,8,5:06,6:35,13:28,16:46,20:16,21:41
ghaat,7,9,5:06,6:36,13:28,16:47,20:16,21:41
ghaat,7,10,5:07,6:36,13:28,16:47,20:16,21:41
ghaat,7,11,5:07,6:36,13:28,16:47,20:16,21:41
ghaat,7,12,5:08,6:37,13:28,16:47,20:15,21:40
ghaat,7,13,5:08,6:37,13:28,16:48,20:15,21:40
ghaat,7,14,5:09,6:38,13:28,16:48,20:15,21:40
ghaat,7,15,5:10,6:38,13:28,16:48,20:15,21:39
ghaat,7,16,5:10,6:39,13:29,16:49,20:15,21:39
ghaat,7,17,5:11,6:39,13:29,16:49,20:14,21:38
ghaat,7,18,5:12,6:40,13:29,16:49,20:14,21:38
ghaat,7,19,5:12,6:40,13:29,16:49,20:14,21:37
ghaat,7,20,5:13,6:40,13:29,16:49,20:13,21:37
ghaat,7,21,5:14,6:41,13:29,16:50,20:13,21:36
ghaat,7,22,5:14,6:41,13:29,16:50,20:13,21:36
ghaat,7,23,5:15,6:42,13:29,16:50,20:12,21:35
ghaat,7,24,5:16,6:42,13:29,16:50,20:12,21:35
ghaat,7,25,5:16,6:43,13:29,16:51,20:11,21:34
ghaat,7,26,5:17,6:43,13:29,16:51,20:11,21:33
ghaat,7,27,5:18,6:44,13:29,16:51,20:10,21:33
ghaat,7,28,5:18,6:44,13:29,16:51,20:10,21:32
ghaat,7,29,5:19,6:45,13:29,16:51,20:09,21:31
ghaat,7,30,5:20,6:45,13:29,16:51,20:09,21:30
ghaat,7,31,5:20,6:46,13:29,16:52,20:08,21:30
ghaat,8,1,5:21,6:46,13:29,16:52,20:08,21:29
ghaat,8,2,5:22,6:47,13:29,16:52,20:07,21:28
ghaat,8,3,5:22,6:47,13:29,16:52,20:07,21:27
ghaat,8,4,5:23,6:48,13:29,16:52,20:06,21:27
ghaat,8,5,5:24,6:48,13:29,16:52,20:05,21:26
ghaat,8,6,5:25,6:49,13:29,16:52,20:05,21:25
ghaat,8,7,5:25,6:49,13:29,16:52,20:04,21:24
ghaat,8,8,5:26,6:50,13:28,16:52,20:03,21:23
ghaat,8,9,5:27,6:50,13:28,16:52,20:03,21:22
ghaat,8,10,5:27,6:51,13:28,16:52,20:02,21:21
ghaat,8,11,5:28,6:51,13:28,16:52,20:01,21:20
ghaat,8,12,5:29,6:51,13:28,16:52,20:00,21:19
ghaat,8,13,5:29,6:52,13:28,16:52,20:00,21:18
ghaat,8,14,5:30,6:52,13:28,16:52,19:59,21:17
ghaat,8,15,5:30,6:53,13:27,16:52,19:58,21:16
ghaat,8,16,5:31,6:53,13:27,16:52,19:57,21:15
ghaat,8,17,5:32,6:54,13:27,16:52,19:56,21:14
ghaat,8,18,5:32,6:54,13:27,16:52,19:55,21:13
ghaat,8,19,5:33,6:55,13:27,16:51,19:55,21:12
ghaat,8,20,5:34,6:55,13:26,16:51,19:54,21:11
ghaat,8,21,5:34,6:55,13:26,16:51,19:53,21:10
ghaat,8,22,5:35,6:56,13:26,16:51,19:52,21:09
ghaat,8,23,5:35,6:56,13:26,16:51,19:51,21:08
ghaat,8,24,5:36,6:57,13:25,16:50,19:50,21:07
ghaat,8,25,5:37,6:57,13:25,16:50,19:49,21:06
ghaat,8,26,5:37,6:57,13:25,16:50,19:48,21:05
ghaat,8,27,5:38,6:58,13:25,16:50,19:47,21:04
ghaat,8,28,5:38,6:58,13:24,16:49,19:46,21:02
ghaat,8,29,5:39,6:59,13:24,16:49,19:45,21:01
ghaat,8,30,5:39,6:59,13:24,16:49,19:44,21:00
ghaat,8,31,5:40,6:59,13:23,16:48,19:43,20:59
ghaat,9,1,5:40,7:00,13:23,16:48,19:42,20:58
ghaat,9,2,5:41,7:00,13:23,16:48,19:41,20:57
ghaat,9,3,5:41,7:01,13:22,16:47,19:40,20:56
ghaat,9,4,5:42,7:01,13:22,16:47,19:39,20:54
ghaat,9,5,5:42,7:01,13:22,16:47,19:38,20:53
ghaat,9,6,5:43,7:02,13:21,16:46,19:37,20:52
ghaat,9,7,5:43,7:02,13:21,16:46,19:36,20:51
ghaat,9,8,5:44,7:02,13:21,16:45,19:35,20:50
ghaat,9,9,5:44,7:03,13:20,16:45,19:34,20:48
ghaat,9,10,5:45,7:03,13:20,16:44,19:33,20:47
ghaat,9,11,5:45,7:03,13:20,16:44,19:32,20:46
ghaat,9,12,5:46,7:04,13:19,16:43,19:31,20:45
ghaat,9,13,5:46,7:04,13:19,16:43,19:30,20:44
ghaat,9,14,5:46,7:05,13:19,16:42,19:29,20:43
ghaat,9,15,5:47,7:05,13:18,16:42,19:27,20:41
ghaat,9,16,5:47,7:05,13:18,16:41,19:26,20:40
ghaat,9,17,5:48,7:06,13:17,16:41,19:25,20:39
ghaat,9,18,5:48,7:06,13:17,16:40,19:24,20:38
ghaat,9,19,5:49,7:06,13:17,16:40,19:23,20:37
ghaat,9,20,5:49,7:07,13:16,16:39,19:22,20:36
ghaat,9,21,5:49,7:07,13:16,16:39,19:21,20:34
ghaat,9,22,5:50,7:07,13:16,16:38,19:20,20:33
ghaat,9,23,5:50,7:08,13:15,16:37,19:19,20:32
ghaat,9,24,5:51,7:08,13:15,16:37,19:18,20:31
ghaat,9,25,5:51,7:08,13:14,16:36,19:17,20:30
ghaat,9,26,5:51,7:09,13:14,16:36,19:15,20:29
ghaat,9,27,5:52,7:09,13:14,16:35,19:14,20:28
ghaat,9,28,5:52,7:10,13:13,16:34,19:13,20:27
ghaat,9,29,5:53,7:10,13:13,16:34,19:12,20:26
ghaat,9,30,5:53,7:10,13:13,16:33,19:11,20:24
ghaat,10,1,5:53,7:11,13:12,16:32,19:10,20:23
ghaat,10,2,5:54,7:11,13:12,16:32,19:09,20:22
ghaat,10,3,5:54,7:11,13:12,16:31,19:08,20:21
ghaat,10,4,5:55,7:12,13:11,16:31,19:07,20:20
ghaat,10,5,5:55,7:12,13:11,16:30,19:06,20:19
ghaat,10,6,5:55,7:13,13:11,16:29,19:05,20:18
ghaat,10,7,5:56,7:13,13:10,16:29,19:04,20:17
ghaat,10,8,5:56,7:14,13:10,16:28,19:03,20:16
ghaat,10,9,5:57,7:14,13:10,16:27,19:02,20:15
ghaat,10,10,5:57,7:14,13:10,16:27,19:01,20:14
ghaat,10,11,5:57,7:15,13:09,16:26,19:00,20:13
ghaat,10,12,5:58,7:15,13:09,16:26,18:59,20:12
ghaat,10,13,5:58,7:16,13:09,16:25,18:58,20:12
ghaat,10,14,5:59,7:16,13:09,16:24,18:57,20:11
ghaat,10,15,5:59,7:17,13:08,16:24,18:56,20:10
ghaat,10,16,5:59,7:17,13:08,16:23,18:55,20:09
ghaat,10,17,6:00,7:18,13:08,16:23,18:54,20:08
ghaat,10,18,6:00,7:18,13:08,16:22,18:53,20:07
ghaat,10,19,6:01,7:19,13:08,16:21,18:53,20:06
ghaat,10,20,6:01,7:19,13:07,16:21,18:52,20:06
ghaat,10,21,6:02,7:20,13:07,16:20,18:51,20:05
ghaat,10,22,6:02,7:20,13:07,16:20,18:50,20:04
ghaat,10,23,6:03,7:21,13:07,16:19,18:49,20:03
ghaat,10,24,6:03,7:21,13:07,16:19,18:48,20:03
ghaat,10,25,6:04,7:22,13:07,16:18,18:48,20:02
ghaat,10,26,6:04,7:22,13:07,16:18,18:47,20:01
ghaat,10,27,6:05,7:23,13:07,16:17,18:46,20:01
ghaat,10,28,6:05,7:24,13:06,16:16,18:45,20:00
ghaat,10,29,6:05,7:24,13:06,16:16,18:45,19:59
ghaat,10,30,6:06,7:25,13:06,16:16,18:44,19:59
ghaat,10,31,6:07,7:25,13:06,16:15,18:43,19:58
ghaat,11,1,6:07,7:26,13:06,16:15,18:43,19:58
ghaat,11,2,6:08,7:27,13:06,16:14,18:42,19:57
ghaat,11,3,6:08,7:27,13:06,16:14,18:41,19:57
ghaat,11,4,6:09,7:28,13:06,16:13,18:41,19:56
ghaat,11,5,6:09,7:29,13:06,16:13,18:40,19:56
ghaat,11,6,6:10,7:29,13:06,16:13,18:40,19:55
ghaat,11,7,6:10,7:30,13:06,16:12,18:39,19:55
ghaat,11,8,6:11,7:31,13:07,16:12,18:39,19:54
ghaat,11,9,6:11,7:31,13:07,16:12,18:38,19:54
ghaat,11,10,6:12,7:32,13:07,16:11,18:38,19:54
ghaat,11,11,6:12,7:33,13:07,16:11,18:37,19:53
ghaat,11,12,6:13,7:33,13:07,16:11,18:37,19:53
ghaat,11,13,6:14,7:34,13:07,16:10,18:36,19:53
ghaat,11,14,6:14,7:35,13:07,16:10,18:36,19:52
ghaat,11,15,6:15,7:35,13:07,16:10,18:36,19:52
ghaat,11,16,6:15,7:36,13:08,16:10,18:35,19:52
ghaat,11,17,6:16,7:37,13:08,16:10,18:35,19:52
ghaat,11,18,6:17,7:38,13:08,16:09,18:35,19:52
ghaat,11,19,6:17,7:38,13:08,16:09,18:34,19:51
ghaat,11,20,6:18,7:39,13:09,16:09,18:34,19:51
ghaat,11,21,6:18,7:40,13:09,16:09,18:34,19:51
ghaat,11,22,6:19,7:40,13:09,16:09,18:34,19:51
ghaat,11,23,6:20,7:41,13:09,16:09,18:34,19:51
ghaat,11,24,6:20,7:42,13:10,16:09,18:33,19:51
ghaat,11,25,6:21,7:43,13:10,16:09,18:33,19:51
ghaat,11,26,6:22,7:43,13:10,16:09,18:33,19:51
ghaat,11,27,6:22,7:44,13:11,16:09,18:33,19:51
ghaat,11,28,6:23,7:45,13:11,16:09,18:33,19:51
ghaat,11,29,6:23,7:46,13:11,16:09,18:33,19:51
ghaat,11,30,6:24,7:46,13:12,16:09,18:33,19:51
ghaat,12,1,6:25,7:47,13:12,16:09,18:33,19:51
ghaat,12,2,6:25,7:48,13:12,16:09,18:33,19:52
ghaat,12,3,6:26,7:48,13:13,16:09,18:33,19:52
ghaat,12,4,6:26,7:49,13:13,16:09,18:33,19:52
ghaat,12,5,6:27,7:50,13:14,16:09,18:33,19:52
ghaat,12,6,6:28,7:50,13:14,16:10,18:34,19:52
ghaat,12,7,6:28,7:51,13:14,16:10,18:34,19:53
ghaat,12,8,6:29,7:52,13:15,16:10,18:34,19:53
ghaat,12,9,6:29,7:52,13:15,16:10,18:34,19:53
ghaat,12,10,6:30,7:53,13:16,16:11,18:34,19:53
ghaat,12,11,6:31,7:54,13:16,16:11,18:35,19:54
ghaat,12,12,6:31,7:54,13:17,16:11,18:35,19:54
ghaat,12,13,6:32,7:55,13:17,16:12,18:35,19:54
ghaat,12,14,6:32,7:56,13:18,16:12,18:36,19:55
ghaat,12,15,6:33,7:56,13:18,16:12,18:36,19:55
ghaat,12,16,6:33,7:57,13:19,16:13,18:36,19:56
ghaat,12,17,6:34,7:57,13:19,16:13,18:37,19:56
ghaat,12,18,6:35,7:58,13:20,16:14,18:37,19:56
ghaat,12,19,6:35,7:58,13:20,16:14,18:38,19:57
ghaat,12,20,6:36,7:59,13:20,16:14,18:38,19:57
ghaat,12,21,6:36,7:59,13:21,16:15,18:38,19:58
ghaat,12,22,6:37,8:00,13:21,16:15,18:39,19:58
ghaat,12,23,6:37,8:00,13:22,16:16,18:39,19:59
ghaat,12,24,6:38,8:01,13:22,16:16,18:40,19:59
ghaat,12,25,6:38,8:01,13:23,16:17,18:41,20:00
ghaat,12,26,6:38,8:02,13:23,16:17,18:41,20:00
ghaat,12,27,6:39,8:02,13:24,16:18,18:42,20:01
ghaat,12,28,6:39,8:02,13:24,16:19,18:42,20:01
ghaat,12,29,6:40,8:03,13:25,16:19,18:43,20:02
ghaat,12,30,6:40,8:03,13:25,16:20,18:43,20:03
ghaat,12,31,6:40,8:03,13:26,16:20,18:44,20:03
ghadames,1,1,06:50,08:18,13:29,16:14,18:36,20:00
ghadames,1,2,06:51,08:18,13:29,16:14,18:37,20:00
ghadames,1,3,06:51,08:18,13:30,16:15,18:38,20:01
ghadames,1,4,06:51,08:18,13:30,16:16,18:38,20:02
ghadames,1,5,06:51,08:18,13:31,16:16,18:39,20:02
ghadames,1,6,06:52,08:19,13:31,16:17,18:40,20:03
ghadames,1,7,06:52,08:19,13:32,16:18,18:41,20:04
ghadames,1,8,06:52,08:19,13:32,16:19,18:42,20:04
ghadames,1,9,06:52,08:19,13:33,16:19,18:42,20:05
ghadames,1,10,06:52,08:19,13:33,16:20,18:43,20:06
ghadames,1,11,06:52,08:19,13:33,16:21,18:44,20:06
ghadames,1,12,06:52,08:19,13:34,16:22,18:45,20:07
ghadames,1,13,06:52,08:19,13:34,16:22,18:46,20:08
ghadames,1,14,06:52,08:19,13:34,16:23,18:46,20:09
ghadames,1,15,06:52,08:18,13:35,16:24,18:47,20:09
ghadames,1,16,06:52,08:18,13:35,16:25,18:48,20:10
ghadames,1,17,06:52,08:18,13:36,16:25,18:49,20:11
ghadames,1,18,06:52,08:18,13:36,16:26,18:50,20:12
ghadames,1,19,06:52,08:18,13:36,16:27,18:51,20:12
ghadames,1,20,06:52,08:17,13:37,16:28,18:52,20:13
ghadames,1,21,06:52,08:17,13:37,16:29,18:53,20:14
ghadames,1,22,06:52,08:17,13:37,16:29,18:53,20:15
ghadames,1,23,06:51,08:16,13:37,16:30,18:54,20:15
ghadames,1,24,06:51,08:16,13:38,16:31,18:55,20:16
ghadames,1,25,06:51,08:16,13:38,16:32,18:56,20:17
ghadames,1,26,06:51,08:15,13:38,16:32,18:57,20:18
ghadames,1,27,06:50,08:15,13:38,16:33,18:58,20:18
ghadames,1,28,06:50,08:14,13:39,16:34,18:59,20:19
ghadames,1,29,06:50,08:14,13:39,16:35,19:00,20:20
ghadames,1,30,06:49,08:13,13:39,16:35,19:01,20:21
ghadames,1,31,06:49,08:13,13:39,16:36,19:01,20:21
ghadames,2,1,06:48,08:12,13:39,16:37,19:02,20:22
ghadames,2,2,06:48,08:12,13:39,16:37,19:03,20:23
ghadames,2,3,06:47,08:11,13:40,16:38,19:04,20:24
ghadames,2,4,06:47,08:10,13:40,16:39,19:05,20:24
ghadames,2,5,06:46,08:10,13:40,16:40,19:06,20:25
ghadames,2,6,06:46,08:09,13:40,16:40,19:07,20:26
ghadames,2,7,06:45,08:08,13:40,16:41,19:07,20:27
ghadames,2,8,06:45,08:08,13:40,16:42,19:08,20:27
ghadames,2,9,06:44,08:07,13:40,16:42,19:09,20:28
ghadames,2,10,06:43,08:06,13:40,16:43,19:10,20:29
ghadames,2,11,06:43,08:05,13:40,16:43,19:11,20:29
ghadames,2,12,06:42,08:05,13:40,16:44,19:12,20:30
ghadames,2,13,06:41,08:04,13:40,16:45,19:12,20:31
ghadames,2,14,06:41,08:03,13:40,16:45,19:13,20:32
ghadames,2,15,06:40,08:02,13:40,16:46,19:14,20:32
ghadames,2,16,06:39,08:01,13:40,16:46,19:15,20:33
ghadames,2,17,06:38,08:00,13:40,16:47,19:16,20:34
ghadames,2,18,06:37,07:59,13:40,16:47,19:16,20:34
ghadames,2,19,06:36,07:58,13:40,16:48,19:17,20:35
ghadames,2,20,06:36,07:57,13:40,16:48,19:18,20:36
ghadames,2,21,06:35,07:56,13:40,16:49,19:19,20:36
ghadames,2,22,06:34,07:55,13:39,16:49,19:19,20:37
ghadames,2,23,06:33,07:54,13:39,16:50,19:20,20:38
ghadames,2,24,06:32,07:53,13:39,16:50,19:21,20:38
ghadames,2,25,06:31,07:52,13:39,16:51,19:22,20:39
ghadames,2,26,06:30,07:51,13:39,16:51,19:22,20:40
ghadames,2,27,06:29,07:50,13:39,16:51,19:23,20:40
ghadames,2,28,06:28,07:49,13:38,16:52,19:24,20:41
ghadames,2,29,06:28,07:49,13:38,16:52,19:24,20:41
ghadames,3,1,06:27,07:48,13:38,16:52,19:24,20:42
ghadames,3,2,06:26,07:47,13:38,16:52,19:25,20:42
ghadames,3,3,06:25,07:46,13:38,16:53,19:26,20:43
ghadames,3,4,06:24,07:45,13:38,16:53,19:27,20:44
ghadames,3,5,06:22,07:44,13:37,16:53,19:27,20:44
ghadames,3,6,06:21,07:42,13:37,16:54,19:28,20:45
ghadames,3,7,06:20,07:41,13:37,16:54,19:29,20:46
ghadames,3,8,06:19,07:40,13:37,16:54,19:29,20:46
ghadames,3,9,06:18,07:39,13:36,16:54,19:30,20:47
ghadames,3,10,06:17,07:38,13:36,16:55,19:30,20:48
ghadames,3,11,06:15,07:37,13:36,16:55,19:31,20:48
ghadames,3,12,06:14,07:35,13:36,16:55,19:32,20:49
ghadames,3,13,06:13,07:34,13:35,16:55,19:32,20:49
ghadames,3,14,06:12,07:33,13:35,16:55,19:33,20:50
ghadames,3,15,06:11,07:32,13:35,16:56,19:34,20:51
ghadames,3,16,06:09,07:31,13:34,16:56,19:34,20:51
ghadames,3,17,06:08,07:29,13:34,16:56,19:35,20:52
ghadames,3,18,06:07,07:28,13:34,16:56,19:35,20:53
ghadames,3,19,06:06,07:27,13:33,16:56,19:36,20:53
ghadames,3,20,06:04,07:26,13:33,16:56,19:37,20:54
ghadames,3,21,06:03,07:24,13:33,16:56,19:37,20:55
ghadames,3,22,06:02,07:23,13:33,16:56,19:38,20:55
ghadames,3,23,06:00,07:22,13:32,16:57,19:38,20:56
ghadames,3,24,05:59,07:21,13:32,16:57,19:39,20:57
ghadames,3,25,05:58,07:19,13:32,16:57,19:40,20:57
ghadames,3,26,05:56,07:18,13:31,16:57,19:40,20:58
ghadames,3,27,05:55,07:17,13:31,16:57,19:41,20:59
ghadames,3,28,05:54,07:16,13:31,16:57,19:41,20:59
ghadames,3,29,05:52,07:14,13:30,16:57,19:42,21:00
ghadames,3,30,05:51,07:13,13:30,16:57,19:43,21:01
ghadames,3,31,05:50,07:12,13:30,16:57,19:43,21:02
ghadames,4,1,05:48,07:11,13:29,16:57,19:44,21:02
ghadames,4,2,05:47,07:10,13:29,16:57,19:44,21:03
ghadames,4,3,05:46,07:08,13:29,16:57,19:45,21:04
ghadames,4,4,05:44,07:07,13:28,16:57,19:46,21:04
ghadames,4,5,05:43,07:06,13:28,16:57,19:46,21:05
ghadames,4,6,05:42,07:05,13:28,16:57,19:47,21:06
ghadames,4,7,05:40,07:04,13:28,16:57,19:47,21:07
ghadames,4,8,05:39,07:02,13:27,16:57,19:48,21:07
ghadames,4,9,05:38,07:01,13:27,16:57,19:49,21:08
ghadames,4,10,05:36,07:00,13:27,16:57,19:49,21:09
ghadames,4,11,05:35,06:59,13:26,16:57,19:50,21:10
ghadames,4,12,05:34,06:58,13:26,16:56,19:50,21:11
ghadames,4,13,05:32,06:57,13:26,16:56,19:51,21:11
ghadames,4,14,05:31,06:56,13:26,16:56,19:52,21:12
ghadames,4,15,05:30,06:54,13:25,16:56,19:52,21:13
ghadames,4,16,05:28,06:53,13:25,16:56,19:53,21:14
ghadames,4,17,05:27,06:52,13:25,16:56,19:54,21:15
ghadames,4,18,05:26,06:51,13:25,16:56,19:54,21:16
ghadames,4,19,05:24,06:50,13:24,16:56,19:55,21:16
ghadames,4,20,05:23,06:49,13:24,16:56,19:55,21:17
ghadames,4,21,05:22,06:48,13:24,16:56,19:56,21:18
ghadames,4,22,05:21,06:47,13:24,16:56,19:57,21:19
ghadames,4,23,05:19,06:46,13:24,16:56,19:57,21:20
ghadames,4,24,05:18,06:45,13:23,16:56,19:58,21:21
ghadames,4,25,05:17,06:44,13:23,16:56,19:59,21:22
ghadames,4,26,05:16,06:43,13:23,16:56,19:59,21:22
ghadames,4,27,05:15,06:42,13:23,16:56,20:00,21:23
ghadames,4,28,05:13,06:41,13:23,16:55,20:01,21:24
ghadames,4,29,05:12,06:40,13:23,16:55,20:01,21:25
ghadames,4,30,05:11,06:39,13:23,16:55,20:02,21:26
ghadames,5,1,05:10,06:38,13:22,16:55,20:03,21:27
ghadames,5,2,05:09,06:37,13:22,16:55,20:03,21:28
ghadames,5,3,05:08,06:37,13:22,16:55,20:04,21:29
ghadames,5,4,05:07,06:36,13:22,16:55,20:05,21:30
ghadames,5,5,05:06,06:35,13:22,16:55,20:05,21:31
ghadames,5,6,05:04,06:34,13:22,16:55,20:06,21:32
ghadames,5,7,05:03,06:33,13:22,16:55,20:07,21:32
ghadames,5,8,05:02,06:33,13:22,16:55,20:07,21:33
ghadames,5,9,05:01,06:32,13:22,16:55,20:08,21:34
ghadames,5,10,05:00,06:31,13:22,16:55,20:08,21:35
ghadames,5,11,04:59,06:30,13:22,16:55,20:09,21:36
ghadames,5,12,04:58,06:30,13:22,16:55,20:10,21:37
ghadames,5,13,04:58,06:29,13:22,16:55,20:10,21:38
ghadames,5,14,04:57,06:28,13:22,16:55,20:11,21:39
ghadames,5,15,04:56,06:28,13:22,16:55,20:12,21:40
ghadames,5,16,04:55,06:27,13:22,16:55,20:12,21:41
ghadames,5,17,04:54,06:27,13:22,16:55,20:13,21:42
ghadames,5,18,04:53,06:26,13:22,16:55,20:14,21:43
ghadames,5,19,04:52,06:26,13:22,16:55,20:14,21:43
ghadames,5,20,04:52,06:25,13:22,16:55,20:15,21:44
ghadames,5,21,04:51,06:25,13:22,16:55,20:16,21:45
ghadames,5,22,04:50,06:24,13:22,16:55,20:16,21:46
ghadames,5,23,04:50,06:24,13:22,16:55,20:17,21:47
ghadames,5,24,04:49,06:23,13:22,16:55,20:17,21:48
ghadames,5,25,04:48,06:23,13:22,16:55,20:18,21:49
ghadames,5,26,04:48,06:22,13:23,16:55,20:19,21:49
ghadames,5,27,04:47,06:22,13:23,16:55,20:19,21:50
ghadames,5,28,04:46,06:22,13:23,16:55,20:20,21:51
ghadames,5,29,04:46,06:21,13:23,16:55,20:20,21:52
ghadames,5,30,04:45,06:21,13:23,16:55,20:21,21:53
ghadames,5,31,04:45,06:21,13:23,16:56,20:22,21:53
ghadames,6,1,04:45,06:21,13:23,16:56,20:22,21:54
ghadames,6,2,04:44,06:20,13:23,16:56,20:23,21:55
ghadames,6,3,04:44,06:20,13:24,16:56,20:23,21:56
ghadames,6,4,04:43,06:20,13:24,16:56,20:24,21:56
ghadames,6,5,04:43,06:20,13:24,16:56,20:24,21:57
ghadames,6,6,04:43,06:20,13:24,16:56,20:25,21:57
ghadames,6,7,04:43,06:20,13:24,16:56,20:25,21:58
ghadames,6,8,04:42,06:20,13:25,16:56,20:25,21:59
ghadames,6,9,04:42,06:19,13:25,16:57,20:26,21:59
ghadames,6,10,04:42,06:19,13:25,16:57,20:26,22:00
ghadames,6,11,04:42,06:19,13:25,16:57,20:27,22:00
ghadames,6,12,04:42,06:19,13:25,16:57,20:27,22:01
ghadames,6,13,04:42,06:19,13:25,16:57,20:27,22:01
ghadames,6,14,04:42,06:20,13:26,16:57,20:28,22:02
ghadames,6,15,04:42,06:20,13:26,16:58,20:28,22:02
ghadames,6,16,04:42,06:20,13:26,16:58,20:28,22:02
ghadames,6,17,04:42,06:20,13:26,16:58,20:29,22:03
ghadames,6,18,04:42,06:20,13:26,16:58,20:29,22:03
ghadames,6,19,04:42,06:20,13:27,16:58,20:29,22:03
ghadames,6,20,04:42,06:20,13:27,16:59,20:30,22:04
ghadames,6,21,04:42,06:20,13:27,16:59,20:30,22:04
ghadames,6,22,04:43,06:21,13:27,16:59,20:30,22:04
ghadames,6,23,04:43,06:21,13:27,16:59,20:30,22:04
ghadames,6,24,04:43,06:21,13:28,16:59,20:30,22:04
ghadames,6,25,04:43,06:21,13:28,17:00,20:30,22:04
ghadames,6,26,04:44,06:22,13:28,17:00,20:30,22:04
ghadames,6,27,04:44,06:22,13:28,17:00,20:31,22:04
ghadames,6,28,04:44,06:22,13:28,17:00,20:31,22:04
ghadames,6,29,04:45,06:23,13:29,17:00,20:31,22:04
ghadames,6,30,04:45,06:23,13:29,17:01,20:31,22:04
ghadames,7,1,04:46,06:23,13:29,17:01,20:31,22:04
ghadames,7,2,04:46,06:24,13:29,17:01,20:31,22:04
ghadames,7,3,04:47,06:24,13:29,17:01,20:31,22:04
ghadames,7,4,04:47,06:25,13:30,17:02,20:31,22:04
ghadames,7,5,04:48,06:25,13:30,17:02,20:30,22:04
ghadames,7,6,04:48,06:25,13:30,17:02,20:30,22:03
ghadames,7,7,04:49,06:26,13:30,17:02,20:30,22:03
ghadames,7,8,04:50,06:26,13:30,17:02,20:30,22:03
ghadames,7,9,04:50,06:27,13:30,17:03,20:30,22:02
ghadames,7,10,04:51,06:27,13:31,17:03,20:30,22:02
ghadames,7,11,04:52,06:28,13:31,17:03,20:29,22:02
ghadames,7,12,04:52,06:28,13:31,17:03,20:29,22:01
ghadames,7,13,04:53,06:29,13:31,17:03,20:29,22:01
ghadames,7,14,04:54,06:29,13:31,17:03,20:29,22:00
ghadames,7,15,04:55,06:30,13:31,17:04,20:28,22:00
ghadames,7,16,04:55,06:31,13:31,17:04,20:28,21:59
ghadames,7,17,04:56,06:31,13:31,17:04,20:28,21:58
ghadames,7,18,04:57,06:32,13:31,17:04,20:27,21:58
ghadames,7,19,04:58,06:32,13:31,17:04,20:27,21:57
ghadames,7,20,04:59,06:33,13:32,17:04,20:26,21:57
ghadames,7,21,04:59,06:33,13:32,17:04,20:26,21:56
ghadames,7,22,05:00,06:34,13:32,17:04,20:25,21:55
ghadames,7,23,05:01,06:35,13:32,17:05,20:25,21:54
ghadames,7,24,05:02,06:35,13:32,17:05,20:24,21:54
ghadames,7,25,05:03,06:36,13:32,17:05,20:24,21:53
ghadames,7,26,05:04,06:36,13:32,17:05,20:23,21:52
ghadames,7,27,05:05,06:37,13:32,17:05,20:23,21:51
ghadames,7,28,05:05,06:38,13:32,17:05,20:22,21:50
ghadames,7,29,05:06,06:38,13:32,17:05,20:21,21:49
ghadames,7,30,05:07,06:39,13:32,17:05,20:21,21:48
ghadames,7,31,05:08,06:39,13:32,17:05,20:20,21:47
ghadames,8,1,05:09,06:40,13:32,17:05,20:19,21:46
ghadames,8,2,05:10,06:41,13:32,17:05,20:19,21:45
ghadames,8,3,05:11,06:41,13:32,17:05,20:18,21:44
ghadames,8,4,05:12,06:42,13:32,17:05,20:17,21:43
ghadames,8,5,05:12,06:43,13:31,17:04,20:16,21:42
ghadames,8,6,05:13,06:43,13:31,17:04,20:16,21:41
ghadames,8,7,05:14,06:44,13:31,17:04,20:15,21:40
ghadames,8,8,05:15,06:44,13:31,17:04,20:14,21:39
ghadames,8,9,05:16,06:45,13:31,17:04,20:13,21:38
ghadames,8,10,05:17,06:46,13:31,17:04,20:12,21:37
ghadames,8,11,05:18,06:46,13:31,17:04,20:11,21:36
ghadames,8,12,05:19,06:47,13:31,17:03,20:10,21:35
ghadames,8,13,05:19,06:47,13:30,17:03,20:09,21:33
ghadames,8,14,05:20,06:48,13:30,17:03,20:08,21:32
ghadames,8,15,05:21,06:49,13:30,17:03,20:07,21:31
ghadames,8,16,05:22,06:49,13:30,17:02,20:07,21:30
ghadames,8,17,05:23,06:50,13:30,17:02,20:06,21:29
ghadames,8,18,05:24,06:50,13:29,17:02,20:05,21:27
ghadames,8,19,05:24,06:51,13:29,17:02,20:03,21:26
ghadames,8,20,05:25,06:52,13:29,17:01,20:02,21:25
ghadames,8,21,05:26,06:52,13:29,17:01,20:01,21:24
ghadames,8,22,05:27,06:53,13:29,17:00,20:00,21:22
ghadames,8,23,05:28,06:53,13:28,17:00,19:59,21:21
ghadames,8,24,05:28,06:54,13:28,17:00,19:58,21:20
ghadames,8,25,05:29,06:55,13:28,16:59,19:57,21:18
ghadames,8,26,05:30,06:55,13:28,16:59,19:56,21:17
ghadames,8,27,05:31,06:56,13:27,16:58,19:55,21:16
ghadames,8,28,05:32,06:56,13:27,16:58,19:54,21:14
ghadames,8,29,05:32,06:57,13:27,16:57,19:53,21:13
ghadames,8,30,05:33,06:57,13:26,16:57,19:51,21:12
ghadames,8,31,05:34,06:58,13:26,16:56,19:50,21:10
ghadames,9,1,05:34,06:58,13:26,16:56,19:49,21:09
ghadames,9,2,05:35,06:59,13:25,16:55,19:48,21:08
ghadames,9,3,05:36,07:00,13:25,16:55,19:47,21:06
ghadames,9,4,05:37,07:00,13:25,16:54,19:45,21:05
ghadames,9,5,05:37,07:01,13:24,16:54,19:44,21:03
ghadames,9,6,05:38,07:01,13:24,16:53,19:43,21:02
ghadames,9,7,05:39,07:02,13:24,16:52,19:42,21:01
ghadames,9,8,05:39,07:02,13:23,16:52,19:40,20:59
ghadames,9,9,05:40,07:03,13:23,16:51,19:39,20:58
ghadames,9,10,05:41,07:03,13:23,16:50,19:38,20:57
ghadames,9,11,05:41,07:04,13:22,16:50,19:37,20:55
ghadames,9,12,05:42,07:04,13:22,16:49,19:35,20:54
ghadames,9,13,05:43,07:05,13:22,16:48,19:34,20:52
ghadames,9,14,05:43,07:05,13:21,16:48,19:33,20:51
ghadames,9,15,05:44,07:06,13:21,16:47,19:32,20:50
ghadames,9,16,05:45,07:06,13:20,16:46,19:30,20:48
ghadames,9,17,05:45,07:07,13:20,16:46,19:29,20:47
ghadames,9,18,05:46,07:08,13:20,16:45,19:28,20:46
ghadames,9,19,05:46,07:08,13:19,16:44,19:27,20:44
ghadames,9,20,05:47,07:09,13:19,16:43,19:25,20:43
ghadames,9,21,05:48,07:09,13:19,16:43,19:24,20:42
ghadames,9,22,05:48,07:10,13:18,16:42,19:23,20:40
ghadames,9,23,05:49,07:10,13:18,16:41,19:22,20:39
ghadames,9,24,05:49,07:11,13:18,16:40,19:20,20:38
ghadames,9,25,05:50,07:11,13:17,16:39,19:19,20:36
ghadames,9,26,05:51,07:12,13:17,16:39,19:18,20:35
ghadames,9,27,05:51,07:12,13:16,16:38,19:16,20:34
ghadames,9,28,05:52,07:13,13:16,16:37,19:15,20:32
ghadames,9,29,05:52,07:14,13:16,16:36,19:14,20:31
ghadames,9,30,05:53,07:14,13:15,16:35,19:13,20:30
ghadames,10,1,05:54,07:15,13:15,16:35,19:11,20:29
ghadames,10,2,05:54,07:15,13:15,16:34,19:10,20:27
ghadames,10,3,05:55,07:16,13:14,16:33,19:09,20:26
ghadames,10,4,05:55,07:16,13:14,16:32,19:08,20:25
ghadames,10,5,05:56,07:17,13:14,16:31,19:07,20:24
ghadames,10,6,05:56,07:18,13:13,16:31,19:05,20:22
ghadames,10,7,05:57,07:18,13:13,16:30,19:04,20:21
ghadames,10,8,05:58,07:19,13:13,16:29,19:03,20:20
ghadames,10,9,05:58,07:19,13:13,16:28,19:02,20:19
ghadames,10,10,05:59,07:20,13:12,16:27,19:01,20:18
ghadames,10,11,05:59,07:21,13:12,16:27,18:59,20:17
ghadames,10,12,06:00,07:21,13:12,16:26,18:58,20:16
ghadames,10,13,06:01,07:22,13:12,16:25,18:57,20:14
ghadames,10,14,06:01,07:22,13:11,16:24,18:56,20:13
ghadames,10,15,06:02,07:23,13:11,16:23,18:55,20:12
ghadames,10,16,06:02,07:24,13:11,16:23,18:54,20:11
ghadames,10,17,06:03,07:24,13:11,16:22,18:53,20:10
ghadames,10,18,06:04,07:25,13:10,16:21,18:52,20:09
ghadames,10,19,06:04,07:26,13:10,16:20,18:51,20:08
ghadames,10,20,06:05,07:26,13:10,16:20,18:50,20:07
ghadames,10,21,06:05,07:27,13:10,16:19,18:49,20:06
ghadames,10,22,06:06,07:28,13:10,16:18,18:48,20:05
ghadames,10,23,06:07,07:29,13:10,16:17,18:47,20:05
ghadames,10,24,06:07,07:29,13:09,16:17,18:46,20:04
ghadames,10,25,06:08,07:30,13:09,16:16,18:45,20:03
ghadames,10,26,06:09,07:31,13:09,16:15,18:44,20:02
ghadames,10,27,06:09,07:32,13:09,16:15,18:43,20:01
ghadames,10,28,06:10,07:32,13:09,16:14,18:42,20:00
ghadames,10,29,06:11,07:33,13:09,16:13,18:41,20:00
ghadames,10,30,06:11,07:34,13:09,16:13,18:40,19:59
ghadames,10,31,06:12,07:35,13:09,16:12,18:39,19:58
ghadames,11,1,06:13,07:35,13:09,16:11,18:39,19:57
ghadames,11,2,06:13,07:36,13:09,16:11,18:38,19:57
ghadames,11,3,06:14,07:37,13:09,16:10,18:37,19:56
ghadames,11,4,06:15,07:38,13:09,16:10,18:36,19:55
ghadames,11,5,06:15,07:39,13:09,16:09,18:36,19:55
ghadames,11,6,06:16,07:39,13:09,16:09,18:35,19:54
ghadames,11,7,06:17,07:40,13:09,16:08,18:34,19:54
ghadames,11,8,06:17,07:41,13:09,16:08,18:33,19:53
ghadames,11,9,06:18,07:42,13:09,16:07,18:33,19:53
ghadames,11,10,06:19,07:43,13:09,16:07,18:32,19:52
ghadames,11,11,06:19,07:43,13:10,16:06,18:32,19:52
ghadames,11,12,06:20,07:44,13:10,16:06,18:31,19:51
ghadames,11,13,06:21,07:45,13:10,16:06,18:31,19:51
ghadames,11,14,06:22,07:46,13:10,16:05,18:30,19:50
ghadames,11,15,06:22,07:47,13:10,16:05,18:30,19:50
ghadames,11,16,06:23,07:48,13:10,16:04,18:29,19:50
ghadames,11,17,06:24,07:48,13:11,16:04,18:29,19:49
ghadames,11,18,06:24,07:49,13:11,16:04,18:28,19:49
ghadames,11,19,06:25,07:50,13:11,16:04,18:28,19:49
ghadames,11,20,06:26,07:51,13:11,16:03,18:27,19:49
ghadames,11,21,06:27,07:52,13:12,16:03,18:27,19:48
ghadames,11,22,06:27,07:53,13:12,16:03,18:27,19:48
ghadames,11,23,06:28,07:54,13:12,16:03,18:27,19:48
ghadames,11,24,06:29,07:54,13:12,16:03,18:26,19:48
ghadames,11,25,06:29,07:55,13:13,16:02,18:26,19:48
ghadames,11,26,06:30,07:56,13:13,16:02,18:26,19:48
ghadames,11,27,06:31,07:57,13:13,16:02,18:26,19:48
ghadames,11,28,06:32,07:58,13:14,16:02,18:26,19:48
ghadames,11,29,06:32,07:59,13:14,16:02,18:25,19:48
ghadames,11,30,06:33,07:59,13:14,16:02,18:25,19:48
ghadames,12,1,06:34,08:00,13:15,16:02,18:25,19:48
ghadames,12,2,06:34,08:01,13:15,16:02,18:25,19:48
ghadames,12,3,06:35,08:02,13:15,16:02,18:25,19:48
ghadames,12,4,06:36,08:03,13:16,16:02,18:25,19:48
ghadames,12,5,06:36,08:03,13:16,16:02,18:25,19:48
ghadames,12,6,06:37,08:04,13:17,16:03,18:25,19:48
ghadames,12,7,06:38,08:05,13:17,16:03,18:25,19:48
ghadames,12,8,06:38,08:06,13:18,16:03,18:26,19:49
ghadames,12,9,06:39,08:06,13:18,16:03,18:26,19:49
ghadames,12,10,06:40,08:07,13:18,16:03,18:26,19:49
ghadames,12,11,06:40,08:08,13:19,16:04,18:26,19:49
ghadames,12,12,06:41,08:08,13:19,16:04,18:26,19:50
ghadames,12,13,06:42,08:09,13:20,16:04,18:27,19:50
ghadames,12,14,06:42,08:10,13:20,16:04,18:27,19:50
ghadames,12,15,06:43,08:10,13:21,16:05,18:27,19:51
ghadames,12,16,06:43,08:11,13:21,16:05,18:28,19:51
ghadames,12,17,06:44,08:11,13:22,16:06,18:28,19:51
ghadames,12,18,06:44,08:12,13:22,16:06,18:28,19:52
ghadames,12,19,06:45,08:13,13:23,16:06,18:29,19:52
ghadames,12,20,06:45,08:13,13:23,16:07,18:29,19:53
ghadames,12,21,06:46,08:14,13:24,16:07,18:30,19:53
ghadames,12,22,06:46,08:14,13:24,16:08,18:30,19:54
ghadames,12,23,06:47,08:15,13:25,16:08,18:31,19:54
ghadames,12,24,06:47,08:15,13:25,16:09,18:31,19:55
ghadames,12,25,06:48,08:15,13:26,16:09,18:32,19:55
ghadames,12,26,06:48,08:16,13:26,16:10,18:32,19:56
ghadames,12,27,06:49,08:16,13:27,16:10,18:33,19:56
ghadames,12,28,06:49,08:16,13:27,16:11,18:34,19:57
ghadames,12,29,06:49,08:17,13:27,16:12,18:34,19:58
ghadames,12,30,06:50,08:17,13:28,16:12,18:35,19:58
ghadames,12,31,06:50,08:17,13:28,16:13,18:35,19:59
hoon,1,1,06:24,07:50,13:04,15:51,18:14,19:36
hoon,1,2,06:24,07:51,13:04,15:52,18:14,19:37
hoon,1,3,06:25,07:51,13:05,15:52,18:15,19:37
hoon,1,4,06:25,07:51,13:05,15:53,18:16,19:38
hoon,1,5,06:25,07:51,13:06,15:54,18:17,19:39
hoon,1,6,06:25,07:51,13:06,15:54,18:17,19:39
hoon,1,7,06:25,07:51,13:07,15:55,18:18,19:40
hoon,1,8,06:26,07:51,13:07,15:56,18:19,19:41
hoon,1,9,06:26,07:51,13:08,15:56,18:20,19:41
hoon,1,10,06:26,07:52,13:08,15:57,18:20,19:42
hoon,1,11,06:26,07:52,13:08,15:58,18:21,19:43
hoon,1,12,06:26,07:51,13:09,15:59,18:22,19:43
hoon,1,13,06:26,07:51,13:09,15:59,18:23,19:44
hoon,1,14,06:26,07:51,13:09,16:00,18:24,19:45
hoon,1,15,06:26,07:51,13:10,16:01,18:24,19:46
hoon,1,16,06:26,07:51,13:10,16:02,18:25,19:46
hoon,1,17,06:26,07:51,13:11,16:02,18:26,19:47
hoon,1,18,06:26,07:51,13:11,16:03,18:27,19:48
hoon,1,19,06:26,07:51,13:11,16:04,18:28,19:48
hoon,1,20,06:26,07:50,13:12,16:05,18:29,19:49
hoon,1,21,06:26,07:50,13:12,16:05,18:30,19:50
hoon,1,22,06:26,07:50,13:12,16:06,18:30,19:51
hoon,1,23,06:25,07:49,13:12,16:07,18:31,19:51
hoon,1,24,06:25,07:49,13:13,16:08,18:32,19:52
hoon,1,25,06:25,07:49,13:13,16:08,18:33,19:53
hoon,1,26,06:25,07:48,13:13,16:09,18:34,19:54
hoon,1,27,06:24,07:48,13:13,16:10,18:35,19:54
hoon,1,28,06:24,07:48,13:14,16:11,18:36,19:55
hoon,1,29,06:24,07:47,13:14,16:11,18:36,19:56
hoon,1,30,06:23,07:47,13:14,16:12,18:37,19:56
hoon,1,31,06:23,07:46,13:14,16:13,18:38,19:57
hoon,2,1,06:23,07:46,13:14,16:13,18:39,19:58
hoon,2,2,06:22,07:45,13:14,16:14,18:40,19:59
hoon,2,3,06:22,07:44,13:15,16:15,18:41,19:59
hoon,2,4,06:21,07:44,13:15,16:15,18:41,20:00
hoon,2,5,06:21,07:43,13:15,16:16,18:42,20:01
hoon,2,6,06:20,07:43,13:15,16:17,18:43,20:01
hoon,2,7,06:20,07:42,13:15,16:17,18:44,20:02
hoon,2,8,06:19,07:41,13:15,16:18,18:45,20:03
hoon,2,9,06:18,07:40,13:15,16:18,18:46,20:04
hoon,2,10,06:18,07:40,13:15,16:19,18:46,20:04
hoon,2,11,06:17,07:39,13:15,16:20,18:47,20:05
hoon,2,12,06:17,07:38,13:15,16:20,18:48,20:06
hoon,2,13,06:16,07:37,13:15,16:21,18:49,20:06
hoon,2,14,06:15,07:37,13:15,16:21,18:49,20:07
hoon,2,15,06:14,07:36,13:15,16:22,18:50,20:08
hoon,2,16,06:14,07:35,13:15,16:22,18:51,20:08
hoon,2,17,06:13,07:34,13:15,16:23,18:52,20:09
hoon,2,18,06:12,07:33,13:15,16:23,18:53,20:10
hoon,2,19,06:11,07:32,13:15,16:24,18:53,20:10
hoon,2,20,06:10,07:31,13:15,16:24,18:54,20:11
hoon,2,21,06:10,07:30,13:15,16:25,18:55,20:12
hoon,2,22,06:09,07:29,13:14,16:25,18:55,20:12
hoon,2,23,06:08,07:28,13:14,16:26,18:56,20:13
hoon,2,24,06:07,07:27,13:14,16:26,18:57,20:13
hoon,2,25,06:06,07:26,13:14,16:26,18:57,20:14
hoon,2,26,06:05,07:25,13:14,16:27,18:58,20:15
hoon,2,27,06:04,07:24,13:14,16:27,18:59,20:15
hoon,2,28,06:03,07:23,13:13,16:27,19:00,20:16
hoon,2,29,06:03,07:23,13:13,16:27,19:00,20:16
hoon,3,1,06:02,07:22,13:13,16:28,19:00,20:17
hoon,3,2,06:01,07:21,13:13,16:28,19:01,20:17
hoon,3,3,06:00,07:20,13:13,16:28,19:01,20:18
hoon,3,4,05:59,07:19,13:13,16:29,19:02,20:18
hoon,3,5,05:58,07:18,13:12,16:29,19:03,20:19
hoon,3,6,05:57,07:17,13:12,16:29,19:03,20:20
hoon,3,7,05:56,07:16,13:12,16:29,19:04,20:20
hoon,3,8,05:54,07:15,13:12,16:30,19:05,20:21
hoon,3,9,05:53,07:14,13:11,16:30,19:05,20:21
hoon,3,10,05:52,07:12,13:11,16:30,19:06,20:22
hoon,3,11,05:51,07:11,13:11,16:30,19:06,20:23
hoon,3,12,05:50,07:10,13:11,16:30,19:07,20:23
hoon,3,13,05:49,07:09,13:10,16:30,19:08,20:24
hoon,3,14,05:47,07:08,13:10,16:31,19:08,20:24
hoon,3,15,05:46,07:07,13:10,16:31,19:09,20:25
hoon,3,16,05:45,07:05,13:09,16:31,19:09,20:26
hoon,3,17,05:44,07:04,13:09,16:31,19:10,20:26
hoon,3,18,05:43,07:03,13:09,16:31,19:11,20:27
hoon,3,19,05:41,07:02,13:08,16:31,19:11,20:28
hoon,3,20,05:40,07:01,13:08,16:31,19:12,20:28
hoon,3,21,05:39,06:59,13:08,16:31,19:12,20:29
hoon,3,22,05:38,06:58,13:08,16:31,19:13,20:29
hoon,3,23,05:36,06:57,13:07,16:31,19:13,20:30
hoon,3,24,05:35,06:56,13:07,16:31,19:14,20:31
hoon,3,25,05:34,06:55,13:07,16:31,19:14,20:31
hoon,3,26,05:33,06:53,13:06,16:31,19:15,20:32
hoon,3,27,05:31,06:52,13:06,16:31,19:16,20:33
hoon,3,28,05:30,06:51,13:06,16:31,19:16,20:33
hoon,3,29,05:29,06:50,13:05,16:31,19:17,20:34
hoon,3,30,05:27,06:49,13:05,16:31,19:17,20:35
hoon,3,31,05:26,06:47,13:05,16:31,19:18,20:35
hoon,4,1,05:25,06:46,13:04,16:31,19:18,20:36
hoon,4,2,05:23,06:45,13:04,16:31,19:19,20:37
hoon,4,3,05:22,06:44,13:04,16:31,19:19,20:37
hoon,4,4,05:21,06:43,13:03,16:31,19:20,20:38
hoon,4,5,05:20,06:42,13:03,16:31,19:21,20:39
hoon,4,6,05:18,06:40,13:03,16:31,19:21,20:39
hoon,4,7,05:17,06:39,13:03,16:31,19:22,20:40
hoon,4,8,05:16,06:38,13:02,16:31,19:22,20:41
hoon,4,9,05:14,06:37,13:02,16:31,19:23,20:41
hoon,4,10,05:13,06:36,13:02,16:31,19:23,20:42
hoon,4,11,05:12,06:35,13:01,16:31,19:24,20:43
hoon,4,12,05:11,06:34,13:01,16:31,19:25,20:44
hoon,4,13,05:09,06:33,13:01,16:30,19:25,20:44
hoon,4,14,05:08,06:31,13:01,16:30,19:26,20:45
hoon,4,15,05:07,06:30,13:00,16:30,19:26,20:46
hoon,4,16,05:05,06:29,13:00,16:30,19:27,20:47
hoon,4,17,05:04,06:28,13:00,16:30,19:27,20:48
hoon,4,18,05:03,06:27,13:00,16:30,19:28,20:48
hoon,4,19,05:02,06:26,12:59,16:30,19:29,20:49
hoon,4,20,05:01,06:25,12:59,16:30,19:29,20:50
hoon,4,21,04:59,06:24,12:59,16:30,19:30,20:51
hoon,4,22,04:58,06:23,12:59,16:30,19:30,20:52
hoon,4,23,04:57,06:22,12:59,16:29,19:31,20:52
hoon,4,24,04:56,06:21,12:58,16:29,19:32,20:53
hoon,4,25,04:55,06:20,12:58,16:29,19:32,20:54
hoon,4,26,04:53,06:19,12:58,16:29,19:33,20:55
hoon,4,27,04:52,06:18,12:58,16:29,19:33,20:56
hoon,4,28,04:51,06:18,12:58,16:29,19:34,20:57
hoon,4,29,04:50,06:17,12:58,16:29,19:35,20:57
hoon,4,30,04:49,06:16,12:58,16:29,19:35,20:58
hoon,5,1,04:48,06:15,12:57,16:29,19:36,20:59
hoon,5,2,04:47,06:14,12:57,16:29,19:37,21:00
hoon,5,3,04:46,06:13,12:57,16:28,19:37,21:01
hoon,5,4,04:45,06:12,12:57,16:28,19:38,21:02
hoon,5,5,04:43,06:12,12:57,16:28,19:38,21:03
hoon,5,6,04:42,06:11,12:57,16:28,19:39,21:04
hoon,5,7,04:41,06:10,12:57,16:28,19:40,21:04
hoon,5,8,04:40,06:09,12:57,16:28,19:40,21:05
hoon,5,9,04:40,06:09,12:57,16:28,19:41,21:06
hoon,5,10,04:39,06:08,12:57,16:28,19:42,21:07
hoon,5,11,04:38,06:07,12:57,16:28,19:42,21:08
hoon,5,12,04:37,06:07,12:57,16:28,19:43,21:09
hoon,5,13,04:36,06:06,12:57,16:28,19:44,21:10
hoon,5,14,04:35,06:05,12:57,16:28,19:44,21:11
hoon,5,15,04:34,06:05,12:57,16:28,19:45,21:11
hoon,5,16,04:33,06:04,12:57,16:28,19:45,21:12
hoon,5,17,04:33,06:04,12:57,16:28,19:46,21:13
hoon,5,18,04:32,06:03,12:57,16:28,19:47,21:14
hoon,5,19,04:31,06:03,12:57,16:28,19:47,21:15
hoon,5,20,04:30,06:02,12:57,16:28,19:48,21:16
hoon,5,21,04:30,06:02,12:57,16:28,19:48,21:17
hoon,5,22,04:29,06:01,12:57,16:28,19:49,21:17
hoon,5,23,04:28,06:01,12:57,16:28,19:50,21:18
hoon,5,24,04:28,06:00,12:57,16:28,19:50,21:19
hoon,5,25,04:27,06:00,12:57,16:28,19:51,21:20
hoon,5,26,04:26,06:00,12:58,16:28,19:51,21:21
hoon,5,27,04:26,05:59,12:58,16:28,19:52,21:21
hoon,5,28,04:25,05:59,12:58,16:28,19:53,21:22
hoon,5,29,04:25,05:59,12:58,16:28,19:53,21:23
hoon,5,30,04:24,05:58,12:58,16:28,19:54,21:24
hoon,5,31,04:24,05:58,12:58,16:28,19:54,21:24
hoon,6,1,04:24,05:58,12:58,16:28,19:55,21:25
hoon,6,2,04:23,05:58,12:58,16:28,19:55,21:26
hoon,6,3,04:23,05:58,12:59,16:28,19:56,21:26
hoon,6,4,04:23,05:57,12:59,16:28,19:56,21:27
hoon,6,6,04:22,05:57,12:59,16:29,19:57,21:28
hoon,6,7,04:22,05:57,12:59,16:29,19:58,21:29
hoon,6,8,04:22,05:57,13:00,16:29,19:58,21:29
hoon,6,9,04:21,05:57,13:00,16:29,19:58,21:30
hoon,6,10,04:21,05:57,13:00,16:29,19:59,21:31
hoon,6,11,04:21,05:57,13:00,16:29,19:59,21:31
hoon,6,12,04:21,05:57,13:00,16:29,20:00,21:32
hoon,6,13,04:21,05:57,13:00,16:30,20:00,21:32
hoon,6,14,04:21,05:57,13:01,16:30,20:00,21:32
hoon,6,15,04:21,05:57,13:01,16:30,20:01,21:33
hoon,6,16,04:21,05:57,13:01,16:30,20:01,21:33
hoon,6,17,04:21,05:57,13:01,16:30,20:01,21:33
hoon,6,18,04:21,05:57,13:01,16:30,20:01,21:34
hoon,6,19,04:21,05:58,13:02,16:31,20:02,21:34
hoon,6,20,04:21,05:58,13:02,16:31,20:02,21:34
hoon,6,21,04:22,05:58,13:02,16:31,20:02,21:35
hoon,6,22,04:22,05:58,13:02,16:31,20:02,21:35
hoon,6,23,04:22,05:58,13:02,16:32,20:03,21:35
hoon,6,24,04:22,05:59,13:03,16:32,20:03,21:35
hoon,6,25,04:23,05:59,13:03,16:32,20:03,21:35
hoon,6,26,04:23,05:59,13:03,16:32,20:03,21:35
hoon,6,27,04:23,06:00,13:03,16:32,20:03,21:35
hoon,6,28,04:24,06:00,13:03,16:33,20:03,21:35
hoon,6,29,04:24,06:00,13:04,16:33,20:03,21:35
hoon,6,30,04:25,06:01,13:04,16:33,20:03,21:35
hoon,7,1,04:25,06:01,13:04,16:33,20:03,21:35
hoon,7,2,04:25,06:01,13:04,16:33,20:03,21:35
hoon,7,3,04:26,06:02,13:04,16:34,20:03,21:35
hoon,7,4,04:27,06:02,13:05,16:34,20:03,21:35
hoon,7,5,04:27,06:02,13:05,16:34,20:03,21:34
hoon,7,6,04:28,06:03,13:05,16:34,20:03,21:34
hoon,7,7,04:28,06:03,13:05,16:35,20:03,21:34
hoon,7,8,04:29,06:04,13:05,16:35,20:03,21:34
hoon,7,9,04:29,06:04,13:05,16:35,20:02,21:33
hoon,7,10,04:30,06:05,13:06,16:35,20:02,21:33
hoon,7,11,04:31,06:05,13:06,16:35,20:02,21:33
hoon,7,12,04:31,06:06,13:06,16:36,20:02,21:32
hoon,7,13,04:32,06:06,13:06,16:36,20:02,21:32
hoon,7,14,04:33,06:07,13:06,16:36,20:01,21:31
hoon,7,15,04:34,06:07,13:06,16:36,20:01,21:31
hoon,7,16,04:34,06:08,13:06,16:36,20:01,21:30
hoon,7,17,04:35,06:08,13:06,16:36,20:00,21:30
hoon,7,18,04:36,06:09,13:06,16:37,20:00,21:29
hoon,7,19,04:37,06:09,13:06,16:37,20:00,21:28
hoon,7,20,04:37,06:10,13:07,16:37,19:59,21:28
hoon,7,21,04:38,06:11,13:07,16:37,19:59,21:27
hoon,7,22,04:39,06:11,13:07,16:37,19:58,21:26
hoon,7,23,04:40,06:12,13:07,16:37,19:58,21:26
hoon,7,24,04:41,06:12,13:07,16:37,19:57,21:25
hoon,7,25,04:41,06:13,13:07,16:37,19:57,21:24
hoon,7,26,04:42,06:13,13:07,16:38,19:56,21:23
hoon,7,27,04:43,06:14,13:07,16:38,19:56,21:23
hoon,7,28,04:44,06:15,13:07,16:38,19:55,21:22
hoon,7,29,04:45,06:15,13:07,16:38,19:54,21:21
hoon,7,30,04:45,06:16,13:07,16:38,19:54,21:20
hoon,7,31,04:46,06:16,13:07,16:38,19:53,21:19
hoon,8,1,04:47,06:17,13:07,16:38,19:52,21:18
hoon,8,2,04:48,06:18,13:07,16:38,19:52,21:17
hoon,8,3,04:49,06:18,13:07,16:38,19:51,21:16
hoon,8,4,04:50,06:19,13:07,16:38,19:50,21:15
hoon,8,5,04:51,06:19,13:06,16:38,19:50,21:14
hoon,8,6,04:51,06:20,13:06,16:38,19:49,21:13
hoon,8,7,04:52,06:20,13:06,16:37,19:48,21:12
hoon,8,8,04:53,06:21,13:06,16:37,19:47,21:11
hoon,8,9,04:54,06:22,13:06,16:37,19:46,21:10
hoon,8,10,04:55,06:22,13:06,16:37,19:46,21:09
hoon,8,11,04:56,06:23,13:06,16:37,19:45,21:08
hoon,8,12,04:56,06:23,13:06,16:37,19:44,21:07
hoon,8,13,04:57,06:24,13:05,16:37,19:43,21:06
hoon,8,14,04:58,06:25,13:05,16:36,19:42,21:05
hoon,8,15,04:59,06:25,13:05,16:36,19:41,21:03
hoon,8,16,05:00,06:26,13:05,16:36,19:40,21:02
hoon,8,17,05:00,06:26,13:05,16:36,19:39,21:01
hoon,8,18,05:01,06:27,13:04,16:35,19:38,21:00
hoon,8,19,05:02,06:27,13:04,16:35,19:37,20:59
hoon,8,20,05:03,06:28,13:04,16:35,19:36,20:57
hoon,8,21,05:03,06:28,13:04,16:34,19:35,20:56
hoon,8,22,05:04,06:29,13:04,16:34,19:34,20:55
hoon,8,23,05:05,06:30,13:03,16:34,19:33,20:54
hoon,8,24,05:06,06:30,13:03,16:33,19:32,20:52
hoon,8,25,05:06,06:31,13:03,16:33,19:31,20:51
hoon,8,26,05:07,06:31,13:03,16:33,19:30,20:50
hoon,8,27,05:08,06:32,13:02,16:32,19:29,20:49
hoon,8,28,05:09,06:32,13:02,16:32,19:28,20:47
hoon,8,29,05:09,06:33,13:02,16:31,19:27,20:46
hoon,8,30,05:10,06:33,13:01,16:31,19:25,20:45
hoon,8,31,05:11,06:34,13:01,16:30,19:24,20:43
hoon,9,1,05:11,06:34,13:01,16:30,19:23,20:42
hoon,9,2,05:12,06:35,13:00,16:29,19:22,20:41
hoon,9,3,05:13,06:35,13:00,16:29,19:21,20:39
hoon,9,4,05:13,06:36,13:00,16:28,19:20,20:38
hoon,9,5,05:14,06:36,12:59,16:28,19:18,20:37
hoon,9,6,05:15,06:37,12:59,16:27,19:17,20:35
hoon,9,7,05:15,06:37,12:59,16:27,19:16,20:34
hoon,9,8,05:16,06:38,12:58,16:26,19:15,20:33
hoon,9,9,05:17,06:38,12:58,16:25,19:14,20:31
hoon,9,10,05:17,06:39,12:58,16:25,19:12,20:30
hoon,9,11,05:18,06:39,12:57,16:24,19:11,20:29
hoon,9,12,05:18,06:40,12:57,16:24,19:10,20:27
hoon,9,13,05:19,06:40,12:57,16:23,19:09,20:26
hoon,9,14,05:20,06:41,12:56,16:22,19:08,20:25
hoon,9,15,05:20,06:41,12:56,16:22,19:06,20:23
hoon,9,16,05:21,06:42,12:55,16:21,19:05,20:22
hoon,9,17,05:21,06:42,12:55,16:20,19:04,20:21
hoon,9,18,05:22,06:43,12:55,16:20,19:03,20:20
hoon,9,19,05:23,06:43,12:54,16:19,19:01,20:18
hoon,9,20,05:23,06:44,12:54,16:18,19:00,20:17
hoon,9,21,05:24,06:44,12:54,16:17,18:59,20:16
hoon,9,22,05:24,06:45,12:53,16:17,18:58,20:14
hoon,9,23,05:25,06:45,12:53,16:16,18:57,20:13
hoon,9,24,05:25,06:46,12:53,16:15,18:55,20:12
hoon,9,25,05:26,06:46,12:52,16:14,18:54,20:10
hoon,9,26,05:26,06:47,12:52,16:14,18:53,20:09
hoon,9,27,05:27,06:47,12:51,16:13,18:52,20:08
hoon,9,28,05:28,06:48,12:51,16:12,18:50,20:07
hoon,9,29,05:28,06:48,12:51,16:11,18:49,20:05
hoon,9,30,05:29,06:49,12:50,16:11,18:48,20:04
hoon,10,1,05:29,06:49,12:50,16:10,18:47,20:03
hoon,10,2,05:30,06:50,12:50,16:09,18:46,20:02
hoon,10,3,05:30,06:50,12:49,16:08,18:44,20:01
hoon,10,4,05:31,06:51,12:49,16:08,18:43,19:59
hoon,10,5,05:31,06:52,12:49,16:07,18:42,19:58
hoon,10,6,05:32,06:52,12:48,16:06,18:41,19:57
hoon,10,7,05:32,06:53,12:48,16:05,18:40,19:56
hoon,10,8,05:33,06:53,12:48,16:04,18:39,19:55
hoon,10,9,05:34,06:54,12:48,16:04,18:37,19:54
hoon,10,10,05:34,06:54,12:47,16:03,18:36,19:53
hoon,10,11,05:35,06:55,12:47,16:02,18:35,19:51
hoon,10,12,05:35,06:56,12:47,16:01,18:34,19:50
hoon,10,13,05:36,06:56,12:47,16:01,18:33,19:49
hoon,10,14,05:36,06:57,12:46,16:00,18:32,19:48
hoon,10,15,05:37,06:57,12:46,15:59,18:31,19:47
hoon,10,16,05:37,06:58,12:46,15:58,18:30,19:46
hoon,10,17,05:38,06:59,12:46,15:58,18:29,19:45
hoon,10,18,05:39,06:59,12:45,15:57,18:28,19:44
hoon,10,19,05:39,07:00,12:45,15:56,18:27,19:43
hoon,10,20,05:40,07:01,12:45,15:56,18:26,19:42
hoon,10,21,05:40,07:01,12:45,15:55,18:25,19:42
hoon,10,22,05:41,07:02,12:45,15:54,18:24,19:41
hoon,10,23,05:41,07:03,12:45,15:53,18:23,19:40
hoon,10,24,05:42,07:03,12:44,15:53,18:22,19:39
hoon,10,25,05:43,07:04,12:44,15:52,18:21,19:38
hoon,10,26,05:43,07:05,12:44,15:51,18:20,19:37
hoon,10,27,05:44,07:05,12:44,15:51,18:19,19:37
hoon,10,28,05:44,07:06,12:44,15:50,18:18,19:36
hoon,10,29,05:45,07:07,12:44,15:50,18:17,19:35
hoon,10,30,05:46,07:07,12:44,15:49,18:17,19:34
hoon,10,31,05:46,07:08,12:44,15:48,18:16,19:34
hoon,11,1,05:47,07:09,12:44,15:48,18:15,19:33
hoon,11,2,05:48,07:10,12:44,15:47,18:14,19:32
hoon,11,3,05:48,07:10,12:44,15:47,18:13,19:32
hoon,11,4,05:49,07:11,12:44,15:46,18:13,19:31
hoon,11,5,05:50,07:12,12:44,15:46,18:12,19:30
hoon,11,6,05:50,07:13,12:44,15:45,18:11,19:30
hoon,11,7,05:51,07:14,12:44,15:45,18:11,19:29
hoon,11,8,05:52,07:14,12:44,15:44,18:10,19:29
hoon,11,9,05:52,07:15,12:44,15:44,18:09,19:28
hoon,11,10,05:53,07:16,12:44,15:43,18:09,19:28
hoon,11,11,05:54,07:17,12:45,15:43,18:08,19:27
hoon,11,12,05:54,07:18,12:45,15:43,18:08,19:27
hoon,11,13,05:55,07:18,12:45,15:42,18:07,19:27
hoon,11,14,05:56,07:19,12:45,15:42,18:07,19:26
hoon,11,15,05:56,07:20,12:45,15:42,18:06,19:26
hoon,11,16,05:57,07:21,12:45,15:41,18:06,19:26
hoon,11,17,05:58,07:22,12:46,15:41,18:06,19:25
hoon,11,18,05:58,07:22,12:46,15:41,18:05,19:25
hoon,11,19,05:59,07:23,12:46,15:40,18:05,19:25
hoon,11,20,06:00,07:24,12:46,15:40,18:04,19:25
hoon,11,21,06:01,07:25,12:47,15:40,18:04,19:24
hoon,11,22,06:01,07:26,12:47,15:40,18:04,19:24
hoon,11,23,06:02,07:27,12:47,15:40,18:04,19:24
hoon,11,24,06:03,07:27,12:47,15:40,18:03,19:24
hoon,11,25,06:03,07:28,12:48,15:39,18:03,19:24
hoon,11,26,06:04,07:29,12:48,15:39,18:03,19:24
hoon,11,27,06:05,07:30,12:48,15:39,18:03,19:24
hoon,11,28,06:05,07:31,12:49,15:39,18:03,19:24
hoon,11,29,06:06,07:31,12:49,15:39,18:03,19:24
hoon,11,30,06:07,07:32,12:49,15:39,18:03,19:24
hoon,12,1,06:07,07:33,12:50,15:39,18:02,19:24
hoon,12,2,06:08,07:34,12:50,15:39,18:02,19:24
hoon,12,3,06:09,07:34,12:50,15:39,18:02,19:24
hoon,12,4,06:09,07:35,12:51,15:39,18:03,19:24
hoon,12,5,06:10,07:36,12:51,15:40,18:03,19:24
hoon,12,6,06:11,07:37,12:52,15:40,18:03,19:25
hoon,12,7,06:11,07:37,12:52,15:40,18:03,19:25
hoon,12,8,06:12,07:38,12:53,15:40,18:03,19:25
hoon,12,9,06:13,07:39,12:53,15:40,18:03,19:25
hoon,12,10,06:13,07:40,12:53,15:40,18:03,19:26
hoon,12,11,06:14,07:40,12:54,15:41,18:04,19:26
hoon,12,12,06:15,07:41,12:54,15:41,18:04,19:26
hoon,12,13,06:15,07:42,12:55,15:41,18:04,19:26
hoon,12,14,06:16,07:42,12:55,15:42,18:04,19:27
hoon,12,15,06:16,07:43,12:56,15:42,18:05,19:27
hoon,12,16,06:17,07:43,12:56,15:42,18:05,19:28
hoon,12,17,06:17,07:44,12:57,15:43,18:05,19:28
hoon,12,18,06:18,07:45,12:57,15:43,18:06,19:28
hoon,12,19,06:19,07:45,12:58,15:44,18:06,19:29
hoon,12,20,06:19,07:46,12:58,15:44,18:07,19:29
hoon,12,21,06:20,07:46,12:59,15:44,18:07,19:30
hoon,12,22,06:20,07:47,12:59,15:45,18:08,19:30
hoon,12,23,06:20,07:47,13:00,15:45,18:08,19:31
hoon,12,24,06:21,07:48,13:00,15:46,18:09,19:31
hoon,12,25,06:21,07:48,13:01,15:47,18:09,19:32
hoon,12,26,06:22,07:48,13:01,15:47,18:10,19:32
hoon,12,27,06:22,07:49,13:02,15:48,18:10,19:33
hoon,12,28,06:23,07:49,13:02,15:48,18:11,19:33
hoon,12,29,06:23,07:49,13:02,15:49,18:12,19:34
hoon,12,30,06:23,07:50,13:03,15:49,18:12,19:35
hoon,12,31,06:24,07:50,13:03,15:50,18:13,19:35
jalo,1,1,06:01,07:27,12:41,15:36,17:51,19:13
jalo,1,2,06:01,07:27,12:41,15:37,17:51,19:14
jalo,1,3,06:01,07:28,12:42,15:37,17:52,19:14
jalo,1,4,06:02,07:28,12:42,15:38,17:53,19:15
jalo,1,5,06:02,07:28,12:43,15:39,17:54,19:15
jalo,1,6,06:02,07:28,12:43,15:39,17:54,19:16
jalo,1,7,06:02,07:28,12:44,15:40,17:55,19:17
jalo,1,8,06:02,07:28,12:44,15:41,17:56,19:18
jalo,1,9,06:03,07:28,12:44,15:41,17:57,19:18
jalo,1,10,06:03,07:28,12:45,15:42,17:57,19:19
jalo,1,11,06:03,07:28,12:45,15:43,17:58,19:20
jalo,1,12,06:03,07:28,12:46,15:44,17:59,19:20
jalo,1,13,06:03,07:28,12:46,15:44,18:00,19:21
jalo,1,14,06:03,07:28,12:46,15:45,18:01,19:22
jalo,1,15,06:03,07:28,12:47,15:46,18:01,19:22
jalo,1,16,06:03,07:28,12:47,15:47,18:02,19:23
jalo,1,17,06:03,07:28,12:47,15:47,18:03,19:24
jalo,1,18,06:03,07:28,12:48,15:48,18:04,19:25
jalo,1,19,06:03,07:27,12:48,15:49,18:05,19:25
jalo,1,20,06:03,07:27,12:48,15:50,18:06,19:26
jalo,1,21,06:03,07:27,12:49,15:50,18:07,19:27
jalo,1,22,06:02,07:27,12:49,15:51,18:07,19:28
jalo,1,23,06:02,07:26,12:49,15:52,18:08,19:28
jalo,1,24,06:02,07:26,12:49,15:53,18:09,19:29
jalo,1,25,06:02,07:26,12:50,15:53,18:10,19:30
jalo,1,26,06:01,07:25,12:50,15:54,18:11,19:30
jalo,1,27,06:01,07:25,12:50,15:55,18:12,19:31
jalo,1,28,06:01,07:24,12:50,15:55,18:13,19:32
jalo,1,29,06:01,07:24,12:51,15:56,18:13,19:33
jalo,1,30,06:00,07:23,12:51,15:57,18:14,19:33
jalo,1,31,06:00,07:23,12:51,15:58,18:15,19:34
jalo,2,1,05:59,07:22,12:51,15:58,18:16,19:35
jalo,2,2,05:59,07:22,12:51,15:59,18:17,19:36
jalo,2,3,05:59,07:21,12:51,16:00,18:18,19:36
jalo,2,4,05:58,07:21,12:52,16:00,18:18,19:37
jalo,2,5,05:58,07:20,12:52,16:01,18:19,19:38
jalo,2,6,05:57,07:19,12:52,16:02,18:20,19:38
jalo,2,7,05:56,07:19,12:52,16:02,18:21,19:39
jalo,2,8,05:56,07:18,12:52,16:03,18:22,19:40
jalo,2,9,05:55,07:17,12:52,16:03,18:22,19:40
jalo,2,10,05:55,07:17,12:52,16:04,18:23,19:41
jalo,2,11,05:54,07:16,12:52,16:05,18:24,19:42
jalo,2,12,05:53,07:15,12:52,16:05,18:25,19:42
jalo,2,13,05:53,07:14,12:52,16:06,18:26,19:43
jalo,2,14,05:52,07:13,12:52,16:06,18:26,19:44
jalo,2,15,05:51,07:13,12:52,16:07,18:27,19:45
jalo,2,16,05:50,07:12,12:52,16:07,18:28,19:45
jalo,2,17,05:50,07:11,12:52,16:08,18:29,19:46
jalo,2,18,05:49,07:10,12:52,16:08,18:29,19:46
jalo,2,19,05:48,07:09,12:52,16:09,18:30,19:47
jalo,2,20,05:47,07:08,12:52,16:09,18:31,19:48
jalo,2,21,05:46,07:07,12:51,16:10,18:32,19:48
jalo,2,22,05:46,07:06,12:51,16:10,18:32,19:49
jalo,2,23,05:45,07:05,12:51,16:10,18:33,19:50
jalo,2,24,05:44,07:04,12:51,16:11,18:34,19:50
jalo,2,25,05:43,07:03,12:51,16:11,18:34,19:51
jalo,2,26,05:42,07:02,12:51,16:12,18:35,19:52
jalo,2,27,05:41,07:01,12:51,16:12,18:36,19:52
jalo,2,28,05:40,07:00,12:50,16:12,18:36,19:53
jalo,2,29,05:40,07:00,12:50,16:12,18:36,19:53
jalo,3,1,05:39,06:59,12:50,16:13,18:37,19:53
jalo,3,2,05:38,06:58,12:50,16:13,18:38,19:54
jalo,3,3,05:37,06:57,12:50,16:13,18:38,19:55
jalo,3,4,05:36,06:56,12:49,16:13,18:39,19:55
jalo,3,5,05:35,06:55,12:49,16:14,18:40,19:56
jalo,3,6,05:34,06:54,12:49,16:14,18:40,19:56
jalo,3,7,05:33,06:53,12:49,16:14,18:41,19:57
jalo,3,8,05:31,06:52,12:49,16:14,18:42,19:58
jalo,3,9,05:30,06:50,12:48,16:15,18:42,19:58
jalo,3,10,05:29,06:49,12:48,16:15,18:43,19:59
jalo,3,11,05:28,06:48,12:48,16:15,18:43,19:59
jalo,3,12,05:27,06:47,12:47,16:15,18:44,20:00
jalo,3,13,05:26,06:46,12:47,16:15,18:45,20:01
jalo,3,14,05:24,06:45,12:47,16:15,18:45,20:01
jalo,3,15,05:23,06:43,12:47,16:16,18:46,20:02
jalo,3,16,05:22,06:42,12:46,16:16,18:46,20:03
jalo,3,17,05:21,06:41,12:46,16:16,18:47,20:03
jalo,3,18,05:20,06:40,12:46,16:16,18:47,20:04
jalo,3,19,05:18,06:39,12:45,16:16,18:48,20:04
jalo,3,20,05:17,06:37,12:45,16:16,18:49,20:05
jalo,3,21,05:16,06:36,12:45,16:16,18:49,20:06
jalo,3,22,05:15,06:35,12:44,16:16,18:50,20:06
jalo,3,23,05:13,06:34,12:44,16:16,18:50,20:07
jalo,3,24,05:12,06:33,12:44,16:16,18:51,20:07
jalo,3,25,05:11,06:32,12:43,16:16,18:51,20:08
jalo,3,26,05:09,06:30,12:43,16:16,18:52,20:09
jalo,3,27,05:08,06:29,12:43,16:16,18:52,20:09
jalo,3,28,05:07,06:28,12:42,16:16,18:53,20:10
jalo,3,29,05:06,06:27,12:42,16:16,18:54,20:11
jalo,3,30,05:04,06:26,12:42,16:16,18:54,20:11
jalo,3,31,05:03,06:24,12:42,16:16,18:55,20:12
jalo,4,1,05:02,06:23,12:41,16:16,18:55,20:13
jalo,4,2,05:00,06:22,12:41,16:16,18:56,20:13
jalo,4,3,04:59,06:21,12:41,16:16,18:56,20:14
jalo,4,4,04:58,06:20,12:40,16:16,18:57,20:15
jalo,4,5,04:57,06:19,12:40,16:16,18:57,20:15
jalo,4,6,04:55,06:17,12:40,16:16,18:58,20:16
jalo,4,7,04:54,06:16,12:39,16:16,18:59,20:17
jalo,4,8,04:53,06:15,12:39,16:16,18:59,20:18
jalo,4,9,04:51,06:14,12:39,16:16,19:00,20:18
jalo,4,10,04:50,06:13,12:39,16:16,19:00,20:19
jalo,4,11,04:49,06:12,12:38,16:15,19:01,20:20
jalo,4,12,04:47,06:11,12:38,16:15,19:01,20:20
jalo,4,13,04:46,06:09,12:38,16:15,19:02,20:21
jalo,4,14,04:45,06:08,12:37,16:15,19:03,20:22
jalo,4,15,04:44,06:07,12:37,16:15,19:03,20:23
jalo,4,16,04:42,06:06,12:37,16:15,19:04,20:24
jalo,4,17,04:41,06:05,12:37,16:15,19:04,20:24
jalo,4,18,04:40,06:04,12:37,16:15,19:05,20:25
jalo,4,19,04:39,06:03,12:36,16:15,19:05,20:26
jalo,4,20,04:37,06:02,12:36,16:15,19:06,20:27
jalo,4,21,04:36,06:01,12:36,16:14,19:07,20:27
jalo,4,22,04:35,06:00,12:36,16:14,19:07,20:28
jalo,4,23,04:34,05:59,12:35,16:14,19:08,20:29
jalo,4,24,04:33,05:58,12:35,16:14,19:08,20:30
jalo,4,25,04:32,05:57,12:35,16:14,19:09,20:31
jalo,4,26,04:30,05:56,12:35,16:14,19:10,20:32
jalo,4,27,04:29,05:55,12:35,16:14,19:10,20:32
jalo,4,28,04:28,05:54,12:35,16:14,19:11,20:33
jalo,4,29,04:27,05:54,12:35,16:14,19:12,20:34
jalo,4,30,04:26,05:53,12:34,16:14,19:12,20:35
jalo,5,1,04:25,05:52,12:34,16:13,19:13,20:36
jalo,5,2,04:24,05:51,12:34,16:13,19:13,20:37
jalo,5,3,04:23,05:50,12:34,16:13,19:14,20:38
jalo,5,4,04:22,05:49,12:34,16:13,19:15,20:39
jalo,5,5,04:21,05:49,12:34,16:13,19:15,20:39
jalo,5,6,04:19,05:48,12:34,16:13,19:16,20:40
jalo,5,7,04:18,05:47,12:34,16:13,19:17,20:41
jalo,5,8,04:18,05:46,12:34,16:13,19:17,20:42
jalo,5,9,04:17,05:46,12:34,16:13,19:18,20:43
jalo,5,10,04:16,05:45,12:34,16:13,19:18,20:44
jalo,5,11,04:15,05:44,12:34,16:13,19:19,20:45
jalo,5,12,04:14,05:44,12:34,16:13,19:20,20:46
jalo,5,13,04:13,05:43,12:34,16:13,19:20,20:46
jalo,5,14,04:12,05:42,12:34,16:13,19:21,20:47
jalo,5,15,04:11,05:42,12:34,16:12,19:22,20:48
jalo,5,16,04:10,05:41,12:34,16:12,19:22,20:49
jalo,5,17,04:10,05:41,12:34,16:12,19:23,20:50
jalo,5,18,04:09,05:40,12:34,16:12,19:23,20:51
jalo,5,19,04:08,05:40,12:34,16:12,19:24,20:52
jalo,5,20,04:07,05:39,12:34,16:12,19:25,20:52
jalo,5,21,04:07,05:39,12:34,16:12,19:25,20:53
jalo,5,22,04:06,05:38,12:34,16:12,19:26,20:54
jalo,5,23,04:05,05:38,12:34,16:12,19:26,20:55
jalo,5,24,04:05,05:37,12:34,16:12,19:27,20:56
jalo,5,25,04:04,05:37,12:34,16:12,19:28,20:57
jalo,5,26,04:03,05:37,12:34,16:12,19:28,20:57
jalo,5,27,04:03,05:36,12:35,16:13,19:29,20:58
jalo,5,28,04:02,05:36,12:35,16:13,19:29,20:59
jalo,5,29,04:02,05:36,12:35,16:13,19:30,21:00
jalo,5,30,04:01,05:35,12:35,16:13,19:30,21:00
jalo,5,31,04:01,05:35,12:35,16:13,19:31,21:01
jalo,6,1,04:01,05:35,12:35,16:13,19:31,21:02
jalo,6,2,04:00,05:35,12:35,16:13,19:32,21:02
jalo,6,3,04:00,05:35,12:36,16:13,19:32,21:03
jalo,6,4,04:00,05:34,12:36,16:13,19:33,21:04
jalo,6,5,03:59,05:34,12:36,16:13,19:33,21:04
jalo,6,6,03:59,05:34,12:36,16:13,19:34,21:05
jalo,6,7,03:59,05:34,12:36,16:13,19:34,21:06
jalo,6,8,03:59,05:34,12:36,16:14,19:35,21:06
jalo,6,9,03:58,05:34,12:37,16:14,19:35,21:07
jalo,6,10,03:58,05:34,12:37,16:14,19:36,21:07
jalo,6,11,03:58,05:34,12:37,16:14,19:36,21:08
jalo,6,12,03:58,05:34,12:37,16:14,19:36,21:08
jalo,6,13,03:58,05:34,12:37,16:14,19:37,21:09
jalo,6,14,03:58,05:34,12:38,16:15,19:37,21:09
jalo,6,15,03:58,05:34,12:38,16:15,19:37,21:09
jalo,6,16,03:58,05:34,12:38,16:15,19:38,21:10
jalo,6,17,03:58,05:34,12:38,16:15,19:38,21:10
jalo,6,18,03:58,05:34,12:38,16:15,19:38,21:10
jalo,6,19,03:58,05:35,12:39,16:15,19:38,21:11
jalo,6,20,03:59,05:35,12:39,16:16,19:39,21:11
jalo,6,21,03:59,05:35,12:39,16:16,19:39,21:11
jalo,6,22,03:59,05:35,12:39,16:16,19:39,21:11
jalo,6,23,03:59,05:35,12:39,16:16,19:39,21:12
jalo,6,24,03:59,05:36,12:40,16:16,19:39,21:12
jalo,6,25,04:00,05:36,12:40,16:17,19:40,21:12
jalo,6,26,04:00,05:36,12:40,16:17,19:40,21:12
jalo,6,27,04:00,05:36,12:40,16:17,19:40,21:12
jalo,6,28,04:01,05:37,12:40,16:17,19:40,21:12
jalo,6,29,04:01,05:37,12:41,16:18,19:40,21:12
jalo,6,30,04:02,05:37,12:41,16:18,19:40,21:12
jalo,7,1,04:02,05:38,12:41,16:18,19:40,21:12
jalo,7,2,04:03,05:38,12:41,16:18,19:40,21:12
jalo,7,3,04:03,05:39,12:41,16:18,19:40,21:11
jalo,7,4,04:04,05:39,12:41,16:19,19:40,21:11
jalo,7,5,04:04,05:39,12:42,16:19,19:40,21:11
jalo,7,6,04:05,05:40,12:42,16:19,19:40,21:11
jalo,7,7,04:05,05:40,12:42,16:19,19:40,21:11
jalo,7,8,04:06,05:41,12:42,16:20,19:39,21:10
jalo,7,9,04:06,05:41,12:42,16:20,19:39,21:10
jalo,7,10,04:07,05:42,12:42,16:20,19:39,21:10
jalo,7,11,04:08,05:42,12:43,16:20,19:39,21:09
jalo,7,12,04:08,05:43,12:43,16:20,19:39,21:09
jalo,7,13,04:09,05:43,12:43,16:21,19:38,21:08
jalo,7,14,04:10,05:44,12:43,16:21,19:38,21:08
jalo,7,15,04:11,05:44,12:43,16:21,19:38,21:07
jalo,7,16,04:11,05:45,12:43,16:21,19:37,21:07
jalo,7,17,04:12,05:45,12:43,16:21,19:37,21:06
jalo,7,18,04:13,05:46,12:43,16:21,19:37,21:06
jalo,7,19,04:14,05:46,12:43,16:22,19:36,21:05
jalo,7,20,04:14,05:47,12:43,16:22,19:36,21:04
jalo,7,21,04:15,05:48,12:43,16:22,19:35,21:04
jalo,7,22,04:16,05:48,12:44,16:22,19:35,21:03
jalo,7,23,04:17,05:49,12:44,16:22,19:35,21:02
jalo,7,24,04:18,05:49,12:44,16:22,19:34,21:02
jalo,7,25,04:18,05:50,12:44,16:22,19:33,21:01
jalo,7,26,04:19,05:50,12:44,16:22,19:33,21:00
jalo,7,27,04:20,05:51,12:44,16:22,19:32,20:59
jalo,7,28,04:21,05:52,12:44,16:22,19:32,20:58
jalo,7,29,04:22,05:52,12:44,16:22,19:31,20:58
jalo,7,30,04:23,05:53,12:44,16:23,19:31,20:57
jalo,7,31,04:23,05:53,12:44,16:23,19:30,20:56
jalo,8,1,04:24,05:54,12:44,16:23,19:29,20:55
jalo,8,2,04:25,05:54,12:44,16:23,19:29,20:54
jalo,8,3,04:26,05:55,12:43,16:22,19:28,20:53
jalo,8,4,04:27,05:56,12:43,16:22,19:27,20:52
jalo,8,5,04:28,05:56,12:43,16:22,19:26,20:51
jalo,8,6,04:28,05:57,12:43,16:22,19:26,20:50
jalo,8,7,04:29,05:57,12:43,16:22,19:25,20:49
jalo,8,8,04:30,05:58,12:43,16:22,19:24,20:48
jalo,8,9,04:31,05:59,12:43,16:22,19:23,20:47
jalo,8,10,04:32,05:59,12:43,16:22,19:22,20:46
jalo,8,11,04:32,06:00,12:43,16:22,19:21,20:45
jalo,8,12,04:33,06:00,12:42,16:22,19:21,20:44
jalo,8,13,04:34,06:01,12:42,16:21,19:20,20:42
jalo,8,14,04:35,06:01,12:42,16:21,19:19,20:41
jalo,8,15,04:36,06:02,12:42,16:21,19:18,20:40
jalo,8,16,04:37,06:03,12:42,16:21,19:17,20:39
jalo,8,17,04:37,06:03,12:42,16:20,19:16,20:38
jalo,8,18,04:38,06:04,12:41,16:20,19:15,20:37
jalo,8,19,04:39,06:04,12:41,16:20,19:14,20:35
jalo,8,20,04:40,06:05,12:41,16:20,19:13,20:34
jalo,8,21,04:40,06:05,12:41,16:19,19:12,20:33
jalo,8,22,04:41,06:06,12:40,16:19,19:11,20:32
jalo,8,23,04:42,06:06,12:40,16:19,19:10,20:30
jalo,8,24,04:43,06:07,12:40,16:18,19:09,20:29
jalo,8,25,04:43,06:08,12:40,16:18,19:08,20:28
jalo,8,26,04:44,06:08,12:39,16:17,19:07,20:27
jalo,8,27,04:45,06:09,12:39,16:17,19:06,20:25
jalo,8,28,04:46,06:09,12:39,16:17,19:04,20:24
jalo,8,29,04:46,06:10,12:39,16:16,19:03,20:23
jalo,8,30,04:47,06:10,12:38,16:16,19:02,20:21
jalo,8,31,04:48,06:11,12:38,16:15,19:01,20:20
jalo,9,1,04:48,06:11,12:38,16:15,19:00,20:19
jalo,9,2,04:49,06:12,12:37,16:14,18:59,20:18
jalo,9,3,04:50,06:12,12:37,16:14,18:58,20:16
jalo,9,4,04:50,06:13,12:37,16:13,18:56,20:15
jalo,9,5,04:51,06:13,12:36,16:13,18:55,20:14
jalo,9,6,04:52,06:14,12:36,16:12,18:54,20:12
jalo,9,7,04:52,06:14,12:36,16:12,18:53,20:11
jalo,9,8,04:53,06:15,12:35,16:11,18:52,20:10
jalo,9,9,04:54,06:15,12:35,16:10,18:51,20:08
jalo,9,10,04:54,06:16,12:35,16:10,18:49,20:07
jalo,9,11,04:55,06:16,12:34,16:09,18:48,20:06
jalo,9,12,04:55,06:17,12:34,16:08,18:47,20:04
jalo,9,13,04:56,06:17,12:33,16:08,18:46,20:03
jalo,9,14,04:57,06:18,12:33,16:07,18:44,20:02
jalo,9,15,04:57,06:18,12:33,16:06,18:43,20:00
jalo,9,16,04:58,06:19,12:32,16:06,18:42,19:59
jalo,9,17,04:58,06:19,12:32,16:05,18:41,19:58
jalo,9,18,04:59,06:20,12:32,16:04,18:40,19:56
jalo,9,19,04:59,06:20,12:31,16:04,18:38,19:55
jalo,9,20,05:00,06:21,12:31,16:03,18:37,19:54
jalo,9,21,05:01,06:21,12:30,16:02,18:36,19:52
jalo,9,22,05:01,06:22,12:30,16:02,18:35,19:51
jalo,9,23,05:02,06:22,12:30,16:01,18:33,19:50
jalo,9,24,05:02,06:23,12:29,16:00,18:32,19:49
jalo,9,25,05:03,06:23,12:29,15:59,18:31,19:47
jalo,9,26,05:03,06:24,12:29,15:59,18:30,19:46
jalo,9,27,05:04,06:24,12:28,15:58,18:28,19:45
jalo,9,28,05:04,06:25,12:28,15:57,18:27,19:43
jalo,9,29,05:05,06:25,12:28,15:56,18:26,19:42
jalo,9,30,05:06,06:26,12:27,15:56,18:25,19:41
jalo,10,1,05:06,06:26,12:27,15:55,18:24,19:40
jalo,10,2,05:07,06:27,12:27,15:54,18:22,19:39
jalo,10,3,05:07,06:27,12:26,15:53,18:21,19:37
jalo,10,4,05:08,06:28,12:26,15:52,18:20,19:36
jalo,10,5,05:08,06:28,12:26,15:52,18:19,19:35
jalo,10,6,05:09,06:29,12:25,15:51,18:18,19:34
jalo,10,7,05:09,06:29,12:25,15:50,18:17,19:33
jalo,10,8,05:10,06:30,12:25,15:49,18:15,19:32
jalo,10,9,05:10,06:31,12:24,15:49,18:14,19:31
jalo,10,10,05:11,06:31,12:24,15:48,18:13,19:29
jalo,10,11,05:11,06:32,12:24,15:47,18:12,19:28
jalo,10,12,05:12,06:32,12:24,15:46,18:11,19:27
jalo,10,13,05:13,06:33,12:23,15:46,18:10,19:26
jalo,10,14,05:13,06:34,12:23,15:45,18:09,19:25
jalo,10,15,05:14,06:34,12:23,15:44,18:08,19:24
jalo,10,16,05:14,06:35,12:23,15:43,18:07,19:23
jalo,10,17,05:15,06:35,12:22,15:43,18:06,19:22
jalo,10,18,05:15,06:36,12:22,15:42,18:05,19:21
jalo,10,19,05:16,06:37,12:22,15:41,18:04,19:20
jalo,10,20,05:17,06:37,12:22,15:40,18:03,19:19
jalo,10,21,05:17,06:38,12:22,15:40,18:02,19:18
jalo,10,22,05:18,06:39,12:22,15:39,18:01,19:18
jalo,10,23,05:18,06:39,12:21,15:38,18:00,19:17
jalo,10,24,05:19,06:40,12:21,15:38,17:59,19:16
jalo,10,25,05:20,06:41,12:21,15:37,17:58,19:15
jalo,10,26,05:20,06:41,12:21,15:36,17:57,19:14
jalo,10,27,05:21,06:42,12:21,15:36,17:56,19:13
jalo,10,28,05:21,06:43,12:21,15:35,17:55,19:13
jalo,10,29,05:22,06:44,12:21,15:34,17:54,19:12
jalo,10,30,05:23,06:44,12:21,15:34,17:54,19:11
jalo,10,31,05:23,06:45,12:21,15:33,17:53,19:10
jalo,11,1,05:24,06:46,12:21,15:33,17:52,19:10
jalo,11,2,05:24,06:46,12:21,15:32,17:51,19:09
jalo,11,3,05:25,06:47,12:21,15:32,17:50,19:09
jalo,11,4,05:26,06:48,12:21,15:31,17:50,19:08
jalo,11,5,05:26,06:49,12:21,15:31,17:49,19:07
jalo,11,6,05:27,06:50,12:21,15:30,17:48,19:07
jalo,11,7,05:28,06:50,12:21,15:30,17:48,19:06
jalo,11,8,05:28,06:51,12:21,15:29,17:47,19:06
jalo,11,9,05:29,06:52,12:21,15:29,17:46,19:05
jalo,11,10,05:30,06:53,12:21,15:28,17:46,19:05
jalo,11,11,05:30,06:53,12:21,15:28,17:45,19:04
jalo,11,12,05:31,06:54,12:22,15:27,17:45,19:04
jalo,11,13,05:32,06:55,12:22,15:27,17:44,19:04
jalo,11,14,05:32,06:56,12:22,15:27,17:44,19:03
jalo,11,15,05:33,06:57,12:22,15:26,17:43,19:03
jalo,11,16,05:34,06:58,12:22,15:26,17:43,19:03
jalo,11,17,05:35,06:58,12:22,15:26,17:42,19:02
jalo,11,18,05:35,06:59,12:23,15:26,17:42,19:02
jalo,11,19,05:36,07:00,12:23,15:25,17:42,19:02
jalo,11,20,05:37,07:01,12:23,15:25,17:41,19:02
jalo,11,21,05:37,07:02,12:23,15:25,17:41,19:01
jalo,11,22,05:38,07:02,12:24,15:25,17:41,19:01
jalo,11,23,05:39,07:03,12:24,15:25,17:41,19:01
jalo,11,24,05:39,07:04,12:24,15:24,17:40,19:01
jalo,11,25,05:40,07:05,12:25,15:24,17:40,19:01
jalo,11,26,05:41,07:06,12:25,15:24,17:40,19:01
jalo,11,27,05:41,07:07,12:25,15:24,17:40,19:01
jalo,11,28,05:42,07:07,12:26,15:24,17:40,19:01
jalo,11,29,05:43,07:08,12:26,15:24,17:40,19:01
jalo,11,30,05:44,07:09,12:26,15:24,17:40,19:01
jalo,12,1,05:44,07:10,12:27,15:24,17:39,19:01
jalo,12,2,05:45,07:10,12:27,15:24,17:39,19:01
jalo,12,3,05:46,07:11,12:27,15:24,17:39,19:01
jalo,12,4,05:46,07:12,12:28,15:24,17:40,19:01
jalo,12,5,05:47,07:13,12:28,15:25,17:40,19:01
jalo,12,6,05:48,07:13,12:29,15:25,17:40,19:02
jalo,12,7,05:48,07:14,12:29,15:25,17:40,19:02
jalo,12,8,05:49,07:15,12:29,15:25,17:40,19:02
jalo,12,9,05:50,07:16,12:30,15:25,17:40,19:02
jalo,12,10,05:50,07:16,12:30,15:25,17:40,19:02
jalo,12,11,05:51,07:17,12:31,15:26,17:41,19:03
jalo,12,12,05:51,07:18,12:31,15:26,17:41,19:03
jalo,12,13,05:52,07:18,12:32,15:26,17:41,19:03
jalo,12,14,05:53,07:19,12:32,15:27,17:41,19:04
jalo,12,15,05:53,07:20,12:33,15:27,17:42,19:04
jalo,12,16,05:54,07:20,12:33,15:27,17:42,19:04
jalo,12,17,05:54,07:21,12:34,15:28,17:42,19:05
jalo,12,18,05:55,07:21,12:34,15:28,17:43,19:05
jalo,12,19,05:55,07:22,12:35,15:29,17:43,19:06
jalo,12,20,05:56,07:22,12:35,15:29,17:44,19:06
jalo,12,21,05:56,07:23,12:35,15:29,17:44,19:07
jalo,12,22,05:57,07:23,12:36,15:30,17:45,19:07
jalo,12,23,05:57,07:24,12:36,15:30,17:45,19:08
jalo,12,24,05:58,07:24,12:37,15:31,17:46,19:08
jalo,12,25,05:58,07:25,12:37,15:32,17:46,19:09
jalo,12,26,05:59,07:25,12:38,15:32,17:47,19:09
jalo,12,27,05:59,07:25,12:38,15:33,17:47,19:10
jalo,12,28,05:59,07:26,12:39,15:33,17:48,19:10
jalo,12,29,06:00,07:26,12:39,15:34,17:49,19:11
jalo,12,30,06:00,07:26,12:40,15:34,17:49,19:12
jalo,12,31,06:00,07:27,12:40,15:35,17:50,19:12
khomes,1,1,06:35,08:05,13:10,15:49,18:11,19:37
khomes,1,2,06:35,08:05,13:10,15:50,18:12,19:38
khomes,1,3,06:35,08:05,13:11,15:50,18:13,19:38
khomes,1,4,06:36,08:05,13:11,15:51,18:14,19:39
khomes,1,5,06:36,08:05,13:12,15:52,18:14,19:40
khomes,1,6,06:36,08:05,13:12,15:53,18:15,19:41
khomes,1,7,06:36,08:05,13:13,15:53,18:16,19:41
khomes,1,8,06:36,08:05,13:13,15:54,18:17,19:42
khomes,1,9,06:36,08:05,13:13,15:55,18:18,19:43
khomes,1,10,06:36,08:05,13:14,15:56,18:18,19:43
khomes,1,11,06:36,08:05,13:14,15:56,18:19,19:44
khomes,1,12,06:36,08:05,13:15,15:57,18:20,19:45
khomes,1,13,06:36,08:05,13:15,15:58,18:21,19:46
khomes,1,14,06:36,08:05,13:15,15:59,18:22,19:47
khomes,1,15,06:36,08:05,13:16,16:00,18:23,19:47
khomes,1,16,06:36,08:04,13:16,16:01,18:24,19:48
khomes,1,17,06:36,08:04,13:16,16:01,18:25,19:49
khomes,1,18,06:36,08:04,13:17,16:02,18:26,19:50
khomes,1,19,06:36,08:04,13:17,16:03,18:27,19:51
khomes,1,20,06:36,08:03,13:17,16:04,18:28,19:51
khomes,1,21,06:35,08:03,13:18,16:05,18:28,19:52
khomes,1,22,06:35,08:03,13:18,16:06,18:29,19:53
khomes,1,23,06:35,08:02,13:18,16:06,18:30,19:54
khomes,1,24,06:35,08:02,13:19,16:07,18:31,19:55
khomes,1,25,06:34,08:01,13:19,16:08,18:32,19:55
khomes,1,26,06:34,08:01,13:19,16:09,18:33,19:56
khomes,1,27,06:34,08:00,13:19,16:10,18:34,19:57
khomes,1,28,06:33,08:00,13:19,16:10,18:35,19:58
khomes,1,29,06:33,07:59,13:20,16:11,18:36,19:59
khomes,1,30,06:32,07:59,13:20,16:12,18:37,20:00
khomes,1,31,06:32,07:58,13:20,16:13,18:38,20:00
khomes,2,1,06:31,07:57,13:20,16:14,18:39,20:01
khomes,2,2,06:31,07:57,13:20,16:14,18:40,20:02
khomes,2,3,06:30,07:56,13:20,16:15,18:41,20:03
khomes,2,4,06:30,07:55,13:21,16:16,18:42,20:04
khomes,2,5,06:29,07:55,13:21,16:17,18:43,20:04
khomes,2,6,06:28,07:54,13:21,16:17,18:44,20:05
khomes,2,7,06:28,07:53,13:21,16:18,18:45,20:06
khomes,2,8,06:27,07:52,13:21,16:19,18:46,20:07
khomes,2,9,06:26,07:51,13:21,16:20,18:47,20:08
khomes,2,10,06:26,07:51,13:21,16:20,18:47,20:08
khomes,2,11,06:25,07:50,13:21,16:21,18:48,20:09
khomes,2,12,06:24,07:49,13:21,16:22,18:49,20:10
khomes,2,13,06:23,07:48,13:21,16:22,18:50,20:11
khomes,2,14,06:22,07:47,13:21,16:23,18:51,20:12
khomes,2,15,06:21,07:46,13:21,16:24,18:52,20:12
khomes,2,16,06:21,07:45,13:21,16:24,18:53,20:13
khomes,2,17,06:20,07:44,13:21,16:25,18:54,20:14
khomes,2,18,06:19,07:43,13:21,16:26,18:55,20:15
khomes,2,19,06:18,07:42,13:21,16:26,18:55,20:16
khomes,2,20,06:17,07:41,13:21,16:27,18:56,20:16
khomes,2,21,06:16,07:40,13:20,16:27,18:57,20:17
khomes,2,22,06:15,07:39,13:20,16:28,18:58,20:18
khomes,2,23,06:14,07:38,13:20,16:28,18:59,20:19
khomes,2,24,06:13,07:36,13:20,16:29,19:00,20:19
khomes,2,25,06:12,07:35,13:20,16:29,19:00,20:20
khomes,2,26,06:11,07:34,13:20,16:30,19:01,20:21
khomes,2,27,06:10,07:33,13:20,16:30,19:02,20:22
khomes,2,28,06:08,07:32,13:19,16:31,19:03,20:22
khomes,2,29,06:08,07:32,13:19,16:31,19:03,20:22
khomes,3,1,06:07,07:31,13:19,16:31,19:04,20:23
khomes,3,2,06:06,07:30,13:19,16:32,19:04,20:24
khomes,3,3,06:05,07:28,13:19,16:32,19:05,20:25
khomes,3,4,06:04,07:27,13:19,16:32,19:06,20:25
khomes,3,5,06:03,07:26,13:18,16:33,19:07,20:26
khomes,3,6,06:01,07:25,13:18,16:33,19:08,20:27
khomes,3,7,06:00,07:23,13:18,16:34,19:08,20:28
khomes,3,8,05:59,07:22,13:18,16:34,19:09,20:28
khomes,3,9,05:58,07:21,13:17,16:34,19:10,20:29
khomes,3,10,05:56,07:20,13:17,16:35,19:11,20:30
khomes,3,11,05:55,07:18,13:17,16:35,19:11,20:31
khomes,3,12,05:54,07:17,13:16,16:35,19:12,20:31
khomes,3,13,05:52,07:16,13:16,16:36,19:13,20:32
khomes,3,14,05:51,07:14,13:16,16:36,19:13,20:33
khomes,3,15,05:50,07:13,13:16,16:36,19:14,20:34
khomes,3,16,05:48,07:12,13:15,16:36,19:15,20:34
khomes,3,17,05:47,07:10,13:15,16:37,19:16,20:35
khomes,3,18,05:46,07:09,13:15,16:37,19:16,20:36
khomes,3,19,05:44,07:08,13:14,16:37,19:17,20:37
khomes,3,20,05:43,07:06,13:14,16:37,19:18,20:37
khomes,3,21,05:41,07:05,13:14,16:37,19:18,20:38
khomes,3,22,05:40,07:04,13:13,16:38,19:19,20:39
khomes,3,23,05:39,07:02,13:13,16:38,19:20,20:40
khomes,3,24,05:37,07:01,13:13,16:38,19:20,20:40
khomes,3,25,05:36,07:00,13:12,16:38,19:21,20:41
khomes,3,26,05:34,06:58,13:12,16:38,19:22,20:42
khomes,3,27,05:33,06:57,13:12,16:38,19:23,20:43
khomes,3,28,05:31,06:56,13:12,16:38,19:23,20:44
khomes,3,29,05:30,06:54,13:11,16:39,19:24,20:44
khomes,3,30,05:29,06:53,13:11,16:39,19:25,20:45
khomes,3,31,05:27,06:52,13:11,16:39,19:25,20:46
khomes,4,1,05:26,06:51,13:10,16:39,19:26,20:47
khomes,4,2,05:24,06:49,13:10,16:39,19:27,20:48
khomes,4,3,05:23,06:48,13:10,16:39,19:27,20:49
khomes,4,4,05:21,06:47,13:09,16:39,19:28,20:49
khomes,4,5,05:20,06:45,13:09,16:39,19:29,20:50
khomes,4,6,05:18,06:44,13:09,16:39,19:29,20:51
khomes,4,7,05:17,06:43,13:08,16:39,19:30,20:52
khomes,4,8,05:15,06:41,13:08,16:39,19:31,20:53
khomes,4,9,05:14,06:40,13:08,16:39,19:31,20:54
khomes,4,10,05:13,06:39,13:08,16:39,19:32,20:55
khomes,4,11,05:11,06:38,13:07,16:40,19:33,20:56
khomes,4,12,05:10,06:36,13:07,16:40,19:34,20:56
khomes,4,13,05:08,06:35,13:07,16:40,19:34,20:57
khomes,4,14,05:07,06:34,13:07,16:40,19:35,20:58
khomes,4,15,05:05,06:33,13:06,16:40,19:36,20:59
khomes,4,16,05:04,06:32,13:06,16:40,19:36,21:00
khomes,4,17,05:02,06:30,13:06,16:40,19:37,21:01
khomes,4,18,05:01,06:29,13:06,16:40,19:38,21:02
khomes,4,19,05:00,06:28,13:05,16:40,19:39,21:03
khomes,4,20,04:58,06:27,13:05,16:40,19:39,21:04
khomes,4,21,04:57,06:26,13:05,16:40,19:40,21:05
khomes,4,22,04:56,06:25,13:05,16:40,19:41,21:06
khomes,4,23,04:54,06:24,13:05,16:40,19:41,21:07
khomes,4,24,04:53,06:23,13:04,16:40,19:42,21:08
khomes,4,25,04:51,06:21,13:04,16:40,19:43,21:09
khomes,4,26,04:50,06:20,13:04,16:40,19:44,21:10
khomes,4,27,04:49,06:19,13:04,16:40,19:44,21:11
khomes,4,28,04:48,06:18,13:04,16:40,19:45,21:12
khomes,4,29,04:46,06:17,13:04,16:40,19:46,21:13
khomes,4,30,04:45,06:16,13:03,16:40,19:47,21:14
khomes,5,1,04:44,06:15,13:03,16:40,19:47,21:15
khomes,5,2,04:42,06:14,13:03,16:40,19:48,21:16
khomes,5,3,04:41,06:13,13:03,16:40,19:49,21:17
khomes,5,4,04:40,06:13,13:03,16:40,19:50,21:18
khomes,5,5,04:39,06:12,13:03,16:40,19:50,21:19
khomes,5,6,04:38,06:11,13:03,16:40,19:51,21:20
khomes,5,7,04:36,06:10,13:03,16:40,19:52,21:21
khomes,5,8,04:35,06:09,13:03,16:40,19:53,21:22
khomes,5,9,04:34,06:08,13:03,16:40,19:53,21:23
khomes,5,10,04:33,06:07,13:03,16:40,19:54,21:24
khomes,5,11,04:32,06:07,13:03,16:40,19:55,21:25
khomes,5,12,04:31,06:06,13:03,16:40,19:56,21:26
khomes,5,13,04:30,06:05,13:03,16:40,19:56,21:28
khomes,5,14,04:29,06:05,13:03,16:41,19:57,21:29
khomes,5,15,04:28,06:04,13:03,16:41,19:58,21:30
khomes,5,16,04:27,06:03,13:03,16:41,19:58,21:31
khomes,5,17,04:26,06:02,13:03,16:41,19:59,21:32
khomes,5,18,04:25,06:02,13:03,16:41,20:00,21:33
khomes,5,19,04:24,06:01,13:03,16:41,20:01,21:34
khomes,5,20,04:23,06:01,13:03,16:41,20:01,21:35
khomes,5,21,04:23,06:00,13:03,16:41,20:02,21:36
khomes,5,22,04:22,06:00,13:03,16:41,20:03,21:37
khomes,5,23,04:21,05:59,13:03,16:41,20:03,21:37
khomes,5,24,04:20,05:59,13:03,16:41,20:04,21:38
khomes,5,25,04:19,05:58,13:03,16:41,20:05,21:39
khomes,5,26,04:19,05:58,13:03,16:42,20:05,21:40
khomes,5,27,04:18,05:57,13:04,16:42,20:06,21:41
khomes,5,28,04:17,05:57,13:04,16:42,20:07,21:42
khomes,5,29,04:17,05:57,13:04,16:42,20:07,21:43
khomes,5,30,04:16,05:56,13:04,16:42,20:08,21:44
khomes,5,31,04:16,05:56,13:04,16:42,20:08,21:45
khomes,6,1,04:15,05:56,13:04,16:42,20:09,21:45
khomes,6,2,04:15,05:55,13:04,16:43,20:09,21:46
khomes,6,3,04:14,05:55,13:05,16:43,20:10,21:47
khomes,6,4,04:14,05:55,13:05,16:43,20:11,21:48
khomes,6,5,04:13,05:55,13:05,16:43,20:11,21:48
khomes,6,6,04:13,05:55,13:05,16:43,20:12,21:49
khomes,6,7,04:13,05:54,13:05,16:43,20:12,21:50
khomes,6,8,04:13,05:54,13:05,16:43,20:13,21:50
khomes,6,9,04:12,05:54,13:06,16:44,20:13,21:51
khomes,6,10,04:12,05:54,13:06,16:44,20:13,21:52
khomes,6,11,04:12,05:54,13:06,16:44,20:14,21:52
khomes,6,12,04:12,05:54,13:06,16:44,20:14,21:53
khomes,6,13,04:12,05:54,13:06,16:44,20:15,21:53
khomes,6,14,04:12,05:54,13:07,16:45,20:15,21:54
khomes,6,15,04:12,05:54,13:07,16:45,20:15,21:54
khomes,6,16,04:12,05:54,13:07,16:45,20:16,21:54
khomes,6,17,04:12,05:54,13:07,16:45,20:16,21:55
khomes,6,18,04:12,05:54,13:07,16:45,20:16,21:55
khomes,6,19,04:12,05:55,13:08,16:46,20:17,21:55
khomes,6,20,04:12,05:55,13:08,16:46,20:17,21:56
khomes,6,21,04:12,05:55,13:08,16:46,20:17,21:56
khomes,6,22,04:12,05:55,13:08,16:46,20:17,21:56
khomes,6,23,04:13,05:55,13:08,16:46,20:17,21:56
khomes,6,24,04:13,05:56,13:09,16:47,20:18,21:56
khomes,6,25,04:13,05:56,13:09,16:47,20:18,21:56
khomes,6,26,04:14,05:56,13:09,16:47,20:18,21:56
khomes,6,27,04:14,05:57,13:09,16:47,20:18,21:56
khomes,6,28,04:14,05:57,13:09,16:47,20:18,21:56
khomes,6,29,04:15,05:57,13:10,16:48,20:18,21:56
khomes,6,30,04:15,05:58,13:10,16:48,20:18,21:56
khomes,7,1,04:16,05:58,13:10,16:48,20:18,21:56
khomes,7,2,04:16,05:58,13:10,16:48,20:18,21:56
khomes,7,3,04:17,05:59,13:10,16:48,20:18,21:56
khomes,7,4,04:17,05:59,13:11,16:49,20:18,21:56
khomes,7,5,04:18,06:00,13:11,16:49,20:18,21:55
khomes,7,6,04:19,06:00,13:11,16:49,20:17,21:55
khomes,7,7,04:19,06:01,13:11,16:49,20:17,21:55
khomes,7,8,04:20,06:01,13:11,16:49,20:17,21:54
khomes,7,9,04:21,06:02,13:11,16:49,20:17,21:54
khomes,7,10,04:22,06:02,13:11,16:50,20:17,21:53
khomes,7,11,04:22,06:03,13:12,16:50,20:16,21:53
khomes,7,12,04:23,06:03,13:12,16:50,20:16,21:52
khomes,7,13,04:24,06:04,13:12,16:50,20:16,21:52
khomes,7,14,04:25,06:05,13:12,16:50,20:15,21:51
khomes,7,15,04:26,06:05,13:12,16:50,20:15,21:51
khomes,7,16,04:26,06:06,13:12,16:50,20:15,21:50
khomes,7,17,04:27,06:06,13:12,16:50,20:14,21:49
khomes,7,18,04:28,06:07,13:12,16:50,20:14,21:49
khomes,7,19,04:29,06:08,13:12,16:51,20:13,21:48
khomes,7,20,04:30,06:08,13:12,16:51,20:13,21:47
khomes,7,21,04:31,06:09,13:13,16:51,20:12,21:46
khomes,7,22,04:32,06:10,13:13,16:51,20:12,21:45
khomes,7,23,04:33,06:10,13:13,16:51,20:11,21:45
khomes,7,24,04:34,06:11,13:13,16:51,20:11,21:44
khomes,7,25,04:35,06:11,13:13,16:51,20:10,21:43
khomes,7,26,04:36,06:12,13:13,16:51,20:09,21:42
khomes,7,27,04:37,06:13,13:13,16:51,20:09,21:41
khomes,7,28,04:38,06:14,13:13,16:51,20:08,21:40
khomes,7,29,04:39,06:14,13:13,16:51,20:07,21:39
khomes,7,30,04:39,06:15,13:13,16:50,20:06,21:38
khomes,7,31,04:40,06:16,13:13,16:50,20:06,21:37
khomes,8,1,04:41,06:16,13:13,16:50,20:05,21:36
khomes,8,2,04:42,06:17,13:13,16:50,20:04,21:35
khomes,8,3,04:43,06:18,13:13,16:50,20:03,21:34
khomes,8,4,04:44,06:18,13:12,16:50,20:03,21:32
khomes,8,5,04:45,06:19,13:12,16:50,20:02,21:31
khomes,8,6,04:46,06:20,13:12,16:50,20:01,21:30
khomes,8,7,04:47,06:20,13:12,16:49,20:00,21:29
khomes,8,8,04:48,06:21,13:12,16:49,19:59,21:28
khomes,8,9,04:49,06:22,13:12,16:49,19:58,21:26
khomes,8,10,04:50,06:23,13:12,16:49,19:57,21:25
khomes,8,11,04:51,06:23,13:12,16:48,19:56,21:24
khomes,8,12,04:52,06:24,13:12,16:48,19:55,21:23
khomes,8,13,04:53,06:25,13:11,16:48,19:54,21:21
khomes,8,14,04:54,06:25,13:11,16:47,19:53,21:20
khomes,8,15,04:55,06:26,13:11,16:47,19:52,21:19
khomes,8,16,04:56,06:27,13:11,16:47,19:51,21:17
khomes,8,17,04:57,06:27,13:11,16:46,19:50,21:16
khomes,8,18,04:58,06:28,13:10,16:46,19:49,21:15
khomes,8,19,04:59,06:29,13:10,16:46,19:48,21:13
khomes,8,20,05:00,06:29,13:10,16:45,19:47,21:12
khomes,8,21,05:01,06:30,13:10,16:45,19:45,21:11
khomes,8,22,05:02,06:31,13:10,16:44,19:44,21:09
khomes,8,23,05:03,06:31,13:09,16:44,19:43,21:08
khomes,8,24,05:04,06:32,13:09,16:43,19:42,21:06
khomes,8,25,05:05,06:33,13:09,16:43,19:41,21:05
khomes,8,26,05:05,06:33,13:08,16:42,19:40,21:03
khomes,8,27,05:06,06:34,13:08,16:42,19:38,21:02
khomes,8,28,05:07,06:35,13:08,16:41,19:37,21:01
khomes,8,29,05:08,06:35,13:08,16:41,19:36,20:59
khomes,8,30,05:09,06:36,13:07,16:40,19:35,20:58
khomes,8,31,05:10,06:37,13:07,16:39,19:33,20:56
khomes,9,1,05:11,06:37,13:07,16:39,19:32,20:55
khomes,9,2,05:11,06:38,13:06,16:38,19:31,20:53
khomes,9,3,05:12,06:39,13:06,16:38,19:29,20:52
khomes,9,4,05:13,06:39,13:06,16:37,19:28,20:50
khomes,9,5,05:14,06:40,13:05,16:36,19:27,20:49
khomes,9,6,05:15,06:40,13:05,16:36,19:26,20:47
khomes,9,7,05:16,06:41,13:05,16:35,19:24,20:46
khomes,9,8,05:16,06:42,13:04,16:34,19:23,20:44
khomes,9,9,05:17,06:42,13:04,16:33,19:22,20:43
khomes,9,10,05:18,06:43,13:04,16:33,19:20,20:41
khomes,9,11,05:19,06:44,13:03,16:32,19:19,20:40
khomes,9,12,05:19,06:44,13:03,16:31,19:18,20:38
khomes,9,13,05:20,06:45,13:03,16:30,19:16,20:37
khomes,9,14,05:21,06:45,13:02,16:30,19:15,20:35
khomes,9,15,05:22,06:46,13:02,16:29,19:13,20:34
khomes,9,16,05:22,06:47,13:01,16:28,19:12,20:32
khomes,9,17,05:23,06:47,13:01,16:27,19:11,20:31
khomes,9,18,05:24,06:48,13:01,16:26,19:09,20:29
khomes,9,19,05:25,06:49,13:00,16:25,19:08,20:28
khomes,9,20,05:25,06:49,13:00,16:25,19:07,20:27
khomes,9,21,05:26,06:50,13:00,16:24,19:05,20:25
khomes,9,22,05:27,06:50,12:59,16:23,19:04,20:24
khomes,9,23,05:27,06:51,12:59,16:22,19:03,20:22
khomes,9,24,05:28,06:52,12:58,16:21,19:01,20:21
khomes,9,25,05:29,06:52,12:58,16:20,19:00,20:19
khomes,9,26,05:29,06:53,12:58,16:19,18:58,20:18
khomes,9,27,05:30,06:54,12:57,16:18,18:57,20:17
khomes,9,28,05:31,06:54,12:57,16:18,18:56,20:15
khomes,9,29,05:32,06:55,12:57,16:17,18:54,20:14
khomes,9,30,05:32,06:56,12:56,16:16,18:53,20:12
khomes,10,1,05:33,06:56,12:56,16:15,18:52,20:11
khomes,10,2,05:34,06:57,12:56,16:14,18:50,20:10
khomes,10,3,05:34,06:58,12:55,16:13,18:49,20:08
khomes,10,4,05:35,06:58,12:55,16:12,18:48,20:07
khomes,10,5,05:36,06:59,12:55,16:11,18:46,20:06
khomes,10,6,05:36,07:00,12:54,16:10,18:45,20:04
khomes,10,7,05:37,07:00,12:54,16:09,18:44,20:03
khomes,10,8,05:38,07:01,12:54,16:09,18:43,20:02
khomes,10,9,05:38,07:02,12:54,16:08,18:41,20:01
khomes,10,10,05:39,07:02,12:53,16:07,18:40,19:59
khomes,10,11,05:40,07:03,12:53,16:06,18:39,19:58
khomes,10,12,05:40,07:04,12:53,16:05,18:38,19:57
khomes,10,13,05:41,07:05,12:52,16:04,18:36,19:56
khomes,10,14,05:42,07:05,12:52,16:03,18:35,19:55
khomes,10,15,05:43,07:06,12:52,16:02,18:34,19:53
khomes,10,16,05:43,07:07,12:52,16:02,18:33,19:52
khomes,10,17,05:44,07:08,12:52,16:01,18:32,19:51
khomes,10,18,05:45,07:08,12:51,16:00,18:30,19:50
khomes,10,19,05:45,07:09,12:51,15:59,18:29,19:49
khomes,10,20,05:46,07:10,12:51,15:58,18:28,19:48
khomes,10,21,05:47,07:11,12:51,15:57,18:27,19:47
khomes,10,22,05:47,07:11,12:51,15:57,18:26,19:46
khomes,10,23,05:48,07:12,12:51,15:56,18:25,19:45
khomes,10,24,05:49,07:13,12:50,15:55,18:24,19:44
khomes,10,25,05:50,07:14,12:50,15:54,18:23,19:43
khomes,10,26,05:50,07:15,12:50,15:53,18:22,19:42
khomes,10,27,05:51,07:16,12:50,15:53,18:21,19:41
khomes,10,28,05:52,07:16,12:50,15:52,18:20,19:40
khomes,10,29,05:52,07:17,12:50,15:51,18:19,19:39
khomes,10,30,05:53,07:18,12:50,15:50,18:18,19:39
khomes,10,31,05:54,07:19,12:50,15:50,18:17,19:38
khomes,11,1,05:55,07:20,12:50,15:49,18:16,19:37
khomes,11,2,05:55,07:21,12:50,15:48,18:15,19:36
khomes,11,3,05:56,07:21,12:50,15:48,18:14,19:36
khomes,11,4,05:57,07:22,12:50,15:47,18:13,19:35
khomes,11,5,05:58,07:23,12:50,15:46,18:13,19:34
khomes,11,6,05:59,07:24,12:50,15:46,18:12,19:33
khomes,11,7,05:59,07:25,12:50,15:45,18:11,19:33
khomes,11,8,06:00,07:26,12:50,15:45,18:10,19:32
khomes,11,9,06:01,07:27,12:50,15:44,18:10,19:32
khomes,11,10,06:02,07:28,12:50,15:44,18:09,19:31
khomes,11,11,06:02,07:29,12:50,15:43,18:08,19:31
khomes,11,12,06:03,07:30,12:51,15:43,18:08,19:30
khomes,11,13,06:04,07:30,12:51,15:42,18:07,19:30
khomes,11,14,06:05,07:31,12:51,15:42,18:06,19:29
khomes,11,15,06:05,07:32,12:51,15:41,18:06,19:29
khomes,11,16,06:06,07:33,12:51,15:41,18:05,19:28
khomes,11,17,06:07,07:34,12:51,15:41,18:05,19:28
khomes,11,18,06:08,07:35,12:52,15:40,18:04,19:28
khomes,11,19,06:09,07:36,12:52,15:40,18:04,19:27
khomes,11,20,06:09,07:37,12:52,15:40,18:03,19:27
khomes,11,21,06:10,07:38,12:52,15:39,18:03,19:27
khomes,11,22,06:11,07:39,12:53,15:39,18:03,19:26
khomes,11,23,06:12,07:40,12:53,15:39,18:02,19:26
khomes,11,24,06:12,07:41,12:53,15:39,18:02,19:26
khomes,11,25,06:13,07:41,12:54,15:38,18:02,19:26
khomes,11,26,06:14,07:42,12:54,15:38,18:01,19:26
khomes,11,27,06:15,07:43,12:54,15:38,18:01,19:26
khomes,11,28,06:16,07:44,12:55,15:38,18:01,19:26
khomes,11,29,06:16,07:45,12:55,15:38,18:01,19:26
khomes,11,30,06:17,07:46,12:55,15:38,18:01,19:26
khomes,12,1,06:18,07:47,12:56,15:38,18:01,19:26
khomes,12,2,06:18,07:47,12:56,15:38,18:01,19:26
khomes,12,3,06:19,07:48,12:56,15:38,18:01,19:26
khomes,12,4,06:20,07:49,12:57,15:38,18:00,19:26
khomes,12,5,06:21,07:50,12:57,15:38,18:00,19:26
khomes,12,6,06:21,07:51,12:58,15:38,18:01,19:26
khomes,12,7,06:22,07:52,12:58,15:38,18:01,19:26
khomes,12,8,06:23,07:52,12:58,15:38,18:01,19:26
khomes,12,9,06:23,07:53,12:59,15:38,18:01,19:26
khomes,12,10,06:24,07:54,12:59,15:39,18:01,19:27
khomes,12,11,06:25,07:54,13:00,15:39,18:01,19:27
khomes,12,12,06:25,07:55,13:00,15:39,18:01,19:27
khomes,12,13,06:26,07:56,13:01,15:39,18:02,19:28
khomes,12,14,06:27,07:57,13:01,15:40,18:02,19:28
khomes,12,15,06:27,07:57,13:02,15:40,18:02,19:28
khomes,12,16,06:28,07:58,13:02,15:40,18:03,19:29
khomes,12,17,06:28,07:58,13:03,15:41,18:03,19:29
khomes,12,18,06:29,07:59,13:03,15:41,18:03,19:29
khomes,12,19,06:29,08:00,13:04,15:42,18:04,19:30
khomes,12,20,06:30,08:00,13:04,15:42,18:04,19:30
khomes,12,21,06:30,08:01,13:05,15:42,18:05,19:31
khomes,12,22,06:31,08:01,13:05,15:43,18:05,19:31
khomes,12,23,06:31,08:02,13:06,15:43,18:06,19:32
khomes,12,24,06:32,08:02,13:06,15:44,18:06,19:32
khomes,12,25,06:32,08:02,13:06,15:45,18:07,19:33
khomes,12,26,06:33,08:03,13:07,15:45,18:07,19:33
khomes,12,27,06:33,08:03,13:07,15:46,18:08,19:34
khomes,12,28,06:33,08:03,13:08,15:46,18:08,19:34
khomes,12,29,06:34,08:04,13:08,15:47,18:09,19:35
khomes,12,30,06:34,08:04,13:09,15:48,18:10,19:36
khomes,12,31,06:34,08:04,13:09,15:48,18:10,19:36
kofra,1,1,05:47,07:10,12:34,15:30,17:54,19:12
kofra,1,2,05:48,07:10,12:34,15:31,17:55,19:13
kofra,1,3,05:48,07:10,12:35,15:31,17:55,19:14
kofra,1,4,05:48,07:11,12:35,15:32,17:56,19:14
kofra,1,5,05:48,07:11,12:36,15:32,17:57,19:15
kofra,1,6,05:49,07:11,12:36,15:33,17:57,19:16
kofra,1,7,05:49,07:11,12:37,15:34,17:58,19:16
kofra,1,8,05:49,07:11,12:37,15:34,17:59,19:17
kofra,1,9,05:49,07:11,12:37,15:35,17:59,19:17
kofra,1,10,05:50,07:12,12:38,15:36,18:00,19:18
kofra,1,11,05:50,07:12,12:38,15:36,18:01,19:19
kofra,1,12,05:50,07:12,12:39,15:37,18:02,19:19
kofra,1,13,05:50,07:12,12:39,15:38,18:02,19:20
kofra,1,14,05:50,07:12,12:39,15:38,18:03,19:21
kofra,1,15,05:50,07:12,12:40,15:39,18:04,19:21
kofra,1,16,05:50,07:12,12:40,15:40,18:04,19:22
kofra,1,17,05:50,07:12,12:40,15:40,18:05,19:22
kofra,1,18,05:50,07:12,12:41,15:41,18:06,19:23
kofra,1,19,05:50,07:11,12:41,15:42,18:07,19:24
kofra,1,20,05:50,07:11,12:41,15:42,18:07,19:24
kofra,1,21,05:50,07:11,12:42,15:43,18:08,19:25
kofra,1,22,05:50,07:11,12:42,15:44,18:09,19:26
kofra,1,23,05:50,07:11,12:42,15:44,18:10,19:26
kofra,1,24,05:50,07:11,12:42,15:45,18:10,19:27
kofra,1,25,05:50,07:10,12:43,15:46,18:11,19:27
kofra,1,26,05:50,07:10,12:43,15:46,18:12,19:28
kofra,1,27,05:50,07:10,12:43,15:47,18:13,19:29
kofra,1,28,05:49,07:09,12:43,15:47,18:13,19:29
kofra,1,29,05:49,07:09,12:44,15:48,18:14,19:30
kofra,1,30,05:49,07:09,12:44,15:48,18:15,19:31
kofra,1,31,05:49,07:08,12:44,15:49,18:16,19:31
kofra,2,1,05:49,07:08,12:44,15:50,18:16,19:32
kofra,2,2,05:48,07:08,12:44,15:50,18:17,19:32
kofra,2,3,05:48,07:07,12:44,15:51,18:18,19:33
kofra,2,4,05:48,07:07,12:45,15:51,18:18,19:33
kofra,2,5,05:47,07:06,12:45,15:52,18:19,19:34
kofra,2,6,05:47,07:06,12:45,15:52,18:20,19:35
kofra,2,7,05:46,07:05,12:45,15:53,18:20,19:35
kofra,2,8,05:46,07:05,12:45,15:53,18:21,19:36
kofra,2,9,05:45,07:04,12:45,15:54,18:22,19:36
kofra,2,10,05:45,07:03,12:45,15:54,18:22,19:37
kofra,2,11,05:44,07:03,12:45,15:55,18:23,19:37
kofra,2,12,05:44,07:02,12:45,15:55,18:24,19:38
kofra,2,13,05:43,07:02,12:45,15:55,18:24,19:38
kofra,2,14,05:43,07:01,12:45,15:56,18:25,19:39
kofra,2,15,05:42,07:00,12:45,15:56,18:25,19:39
kofra,2,16,05:42,07:00,12:45,15:56,18:26,19:40
kofra,2,17,05:41,06:59,12:45,15:57,18:27,19:40
kofra,2,18,05:40,06:58,12:45,15:57,18:27,19:41
kofra,2,19,05:40,06:57,12:45,15:57,18:28,19:41
kofra,2,20,05:39,06:57,12:45,15:58,18:28,19:42
kofra,2,21,05:38,06:56,12:44,15:58,18:29,19:42
kofra,2,22,05:38,06:55,12:44,15:58,18:30,19:43
kofra,2,23,05:37,06:54,12:44,15:59,18:30,19:43
kofra,2,24,05:36,06:53,12:44,15:59,18:31,19:44
kofra,2,25,05:35,06:53,12:44,15:59,18:31,19:44
kofra,2,26,05:35,06:52,12:44,15:59,18:32,19:45
kofra,2,27,05:34,06:51,12:44,15:59,18:32,19:45
kofra,2,28,05:33,06:50,12:43,16:00,18:33,19:46
kofra,2,29,05:33,06:50,12:43,16:00,18:33,19:46
kofra,3,1,05:32,06:49,12:43,16:00,18:33,19:46
kofra,3,2,05:31,06:48,12:43,16:00,18:34,19:47
kofra,3,3,05:30,06:47,12:43,16:00,18:34,19:47
kofra,3,4,05:29,06:46,12:42,16:00,18:35,19:48
kofra,3,5,05:29,06:45,12:42,16:00,18:35,19:48
kofra,3,6,05:28,06:45,12:42,16:00,18:36,19:48
kofra,3,7,05:27,06:44,12:42,16:00,18:36,19:49
kofra,3,8,05:26,06:43,12:42,16:00,18:36,19:49
kofra,3,9,05:25,06:42,12:41,16:00,18:37,19:50
kofra,3,10,05:24,06:41,12:41,16:00,18:37,19:50
kofra,3,11,05:23,06:40,12:41,16:00,18:38,19:51
kofra,3,12,05:22,06:39,12:40,16:00,18:38,19:51
kofra,3,13,05:21,06:38,12:40,16:00,18:39,19:51
kofra,3,14,05:20,06:37,12:40,16:00,18:39,19:52
kofra,3,15,05:19,06:36,12:40,16:00,18:39,19:52
kofra,3,16,05:18,06:35,12:39,16:00,18:40,19:53
kofra,3,17,05:17,06:34,12:39,16:00,18:40,19:53
kofra,3,18,05:16,06:33,12:39,16:00,18:41,19:54
kofra,3,19,05:15,06:32,12:38,16:00,18:41,19:54
kofra,3,20,05:14,06:31,12:38,16:00,18:41,19:54
kofra,3,21,05:13,06:30,12:38,16:00,18:42,19:55
kofra,3,22,05:11,06:29,12:37,16:00,18:42,19:55
kofra,3,23,05:10,06:28,12:37,16:00,18:43,19:56
kofra,3,24,05:09,06:26,12:37,15:59,18:43,19:56
kofra,3,25,05:08,06:25,12:36,15:59,18:43,19:57
kofra,3,26,05:07,06:24,12:36,15:59,18:44,19:57
kofra,3,27,05:06,06:23,12:36,15:59,18:44,19:58
kofra,3,28,05:05,06:22,12:35,15:59,18:45,19:58
kofra,3,29,05:04,06:21,12:35,15:59,18:45,19:58
kofra,3,30,05:03,06:20,12:35,15:58,18:45,19:59
kofra,3,31,05:02,06:19,12:35,15:58,18:46,19:59
kofra,4,1,05:00,06:18,12:34,15:58,18:46,20:00
kofra,4,2,04:59,06:17,12:34,15:58,18:46,20:00
kofra,4,3,04:58,06:16,12:34,15:57,18:47,20:01
kofra,4,4,04:57,06:15,12:33,15:57,18:47,20:01
kofra,4,5,04:56,06:14,12:33,15:57,18:48,20:02
kofra,4,6,04:55,06:13,12:33,15:57,18:48,20:02
kofra,4,7,04:54,06:12,12:32,15:56,18:48,20:03
kofra,4,8,04:53,06:11,12:32,15:56,18:49,20:03
kofra,4,9,04:52,06:10,12:32,15:56,18:49,20:04
kofra,4,10,04:51,06:09,12:32,15:56,18:50,20:04
kofra,4,11,04:49,06:08,12:31,15:55,18:50,20:05
kofra,4,12,04:48,06:07,12:31,15:55,18:50,20:06
kofra,4,13,04:47,06:07,12:31,15:55,18:51,20:06
kofra,4,14,04:46,06:06,12:30,15:55,18:51,20:07
kofra,4,15,04:45,06:05,12:30,15:54,18:52,20:07
kofra,4,16,04:44,06:04,12:30,15:54,18:52,20:08
kofra,4,17,04:43,06:03,12:30,15:54,18:53,20:08
kofra,4,18,04:42,06:02,12:30,15:54,18:53,20:09
kofra,4,19,04:41,06:01,12:29,15:53,18:53,20:10
kofra,4,20,04:40,06:00,12:29,15:53,18:54,20:10
kofra,4,21,04:39,05:59,12:29,15:53,18:54,20:11
kofra,4,22,04:38,05:59,12:29,15:52,18:55,20:11
kofra,4,23,04:37,05:58,12:28,15:52,18:55,20:12
kofra,4,24,04:36,05:57,12:28,15:52,18:56,20:13
kofra,4,25,04:35,05:56,12:28,15:52,18:56,20:13
kofra,4,26,04:34,05:55,12:28,15:51,18:57,20:14
kofra,4,27,04:33,05:55,12:28,15:51,18:57,20:15
kofra,4,28,04:32,05:54,12:28,15:51,18:58,20:15
kofra,4,29,04:31,05:53,12:28,15:51,18:58,20:16
kofra,4,30,04:30,05:52,12:27,15:50,18:58,20:17
kofra,5,1,04:29,05:52,12:27,15:50,18:59,20:17
kofra,5,2,04:28,05:51,12:27,15:50,18:59,20:18
kofra,5,3,04:27,05:50,12:27,15:50,19:00,20:19
kofra,5,4,04:27,05:50,12:27,15:49,19:00,20:19
kofra,5,5,04:26,05:49,12:27,15:49,19:01,20:20
kofra,5,6,04:25,05:48,12:27,15:49,19:01,20:21
kofra,5,7,04:24,05:48,12:27,15:49,19:02,20:22
kofra,5,8,04:23,05:47,12:27,15:48,19:02,20:22
kofra,5,9,04:23,05:47,12:27,15:48,19:03,20:23
kofra,5,10,04:22,05:46,12:27,15:48,19:03,20:24
kofra,5,11,04:21,05:45,12:27,15:48,19:04,20:24
kofra,5,12,04:20,05:45,12:27,15:48,19:04,20:25
kofra,5,13,04:20,05:44,12:27,15:47,19:05,20:26
kofra,5,14,04:19,05:44,12:27,15:47,19:05,20:26
kofra,5,15,04:18,05:43,12:27,15:47,19:06,20:27
kofra,5,16,04:18,05:43,12:27,15:47,19:06,20:28
kofra,5,17,04:17,05:43,12:27,15:47,19:07,20:29
kofra,5,18,04:16,05:42,12:27,15:46,19:07,20:29
kofra,5,19,04:16,05:42,12:27,15:46,19:08,20:30
kofra,5,20,04:15,05:41,12:27,15:46,19:08,20:31
kofra,5,21,04:15,05:41,12:27,15:46,19:09,20:31
kofra,5,22,04:14,05:41,12:27,15:46,19:09,20:32
kofra,5,23,04:14,05:40,12:27,15:46,19:10,20:33
kofra,5,24,04:13,05:40,12:27,15:46,19:10,20:33
kofra,5,25,04:13,05:40,12:27,15:46,19:11,20:34
kofra,5,26,04:12,05:39,12:27,15:46,19:11,20:35
kofra,5,27,04:12,05:39,12:28,15:46,19:12,20:35
kofra,5,28,04:11,05:39,12:28,15:45,19:12,20:36
kofra,5,29,04:11,05:39,12:28,15:45,19:13,20:37
kofra,5,30,04:11,05:39,12:28,15:45,19:13,20:37
kofra,5,31,04:10,05:38,12:28,15:45,19:14,20:38
kofra,6,1,04:10,05:38,12:28,15:45,19:14,20:38
kofra,6,2,04:10,05:38,12:28,15:45,19:15,20:39
kofra,6,3,04:10,05:38,12:29,15:45,19:15,20:40
kofra,6,4,04:09,05:38,12:29,15:45,19:15,20:40
kofra,6,5,04:09,05:38,12:29,15:45,19:16,20:41
kofra,6,6,04:09,05:38,12:29,15:45,19:16,20:41
kofra,6,7,04:09,05:38,12:29,15:46,19:17,20:42
kofra,6,8,04:09,05:38,12:29,15:46,19:17,20:42
kofra,6,9,04:09,05:38,12:30,15:46,19:17,20:43
kofra,6,10,04:08,05:38,12:30,15:46,19:18,20:43
kofra,6,11,04:08,05:38,12:30,15:46,19:18,20:43
kofra,6,12,04:08,05:38,12:30,15:46,19:19,20:44
kofra,6,13,04:08,05:38,12:30,15:46,19:19,20:44
kofra,6,14,04:08,05:38,12:31,15:46,19:19,20:45
kofra,6,15,04:08,05:38,12:31,15:46,19:19,20:45
kofra,6,16,04:09,05:38,12:31,15:47,19:20,20:45
kofra,6,17,04:09,05:38,12:31,15:47,19:20,20:46
kofra,6,18,04:09,05:38,12:31,15:47,19:20,20:46
kofra,6,19,04:09,05:39,12:32,15:47,19:21,20:46
kofra,6,20,04:09,05:39,12:32,15:47,19:21,20:46
kofra,6,21,04:09,05:39,12:32,15:47,19:21,20:47
kofra,6,22,04:09,05:39,12:32,15:48,19:21,20:47
kofra,6,23,04:10,05:39,12:32,15:48,19:21,20:47
kofra,6,24,04:10,05:40,12:33,15:48,19:21,20:47
kofra,6,25,04:10,05:40,12:33,15:48,19:22,20:47
kofra,6,26,04:11,05:40,12:33,15:49,19:22,20:47
kofra,6,27,04:11,05:40,12:33,15:49,19:22,20:47
kofra,6,28,04:11,05:41,12:33,15:49,19:22,20:47
kofra,6,29,04:12,05:41,12:34,15:49,19:22,20:47
kofra,6,30,04:12,05:41,12:34,15:50,19:22,20:47
kofra,7,1,04:12,05:42,12:34,15:50,19:22,20:47
kofra,7,2,04:13,05:42,12:34,15:50,19:22,20:47
kofra,7,3,04:13,05:42,12:34,15:50,19:22,20:47
kofra,7,4,04:14,05:43,12:34,15:51,19:22,20:47
kofra,7,5,04:14,05:43,12:35,15:51,19:22,20:47
kofra,7,6,04:15,05:43,12:35,15:51,19:22,20:47
kofra,7,7,04:15,05:44,12:35,15:51,19:22,20:47
kofra,7,8,04:16,05:44,12:35,15:52,19:22,20:47
kofra,7,9,04:16,05:45,12:35,15:52,19:22,20:46
kofra,7,10,04:17,05:45,12:35,15:52,19:22,20:46
kofra,7,11,04:17,05:45,12:36,15:53,19:22,20:46
kofra,7,12,04:18,05:46,12:36,15:53,19:21,20:45
kofra,7,13,04:18,05:46,12:36,15:53,19:21,20:45
kofra,7,14,04:19,05:47,12:36,15:53,19:21,20:45
kofra,7,15,04:20,05:47,12:36,15:54,19:21,20:44
kofra,7,16,04:20,05:48,12:36,15:54,19:21,20:44
kofra,7,17,04:21,05:48,12:36,15:54,19:20,20:44
kofra,7,18,04:21,05:49,12:36,15:55,19:20,20:43
kofra,7,19,04:22,05:49,12:36,15:55,19:20,20:43
kofra,7,20,04:23,05:49,12:36,15:55,19:19,20:42
kofra,7,21,04:23,05:50,12:36,15:55,19:19,20:42
kofra,7,22,04:24,05:50,12:37,15:56,19:19,20:41
kofra,7,23,04:25,05:51,12:37,15:56,19:18,20:41
kofra,7,24,04:25,05:51,12:37,15:56,19:18,20:40
kofra,7,25,04:26,05:52,12:37,15:56,19:17,20:39
kofra,7,26,04:27,05:52,12:37,15:56,19:17,20:39
kofra,7,27,04:27,05:53,12:37,15:57,19:17,20:38
kofra,7,28,04:28,05:53,12:37,15:57,19:16,20:37
kofra,7,29,04:29,05:54,12:37,15:57,19:16,20:37
kofra,7,30,04:29,05:54,12:37,15:57,19:15,20:36
kofra,7,31,04:30,05:55,12:37,15:57,19:15,20:35
kofra,8,1,04:31,05:55,12:37,15:58,19:14,20:35
kofra,8,2,04:31,05:56,12:37,15:58,19:13,20:34
kofra,8,3,04:32,05:56,12:36,15:58,19:13,20:33
kofra,8,4,04:33,05:56,12:36,15:58,19:12,20:32
kofra,8,5,04:33,05:57,12:36,15:58,19:12,20:31
kofra,8,6,04:34,05:57,12:36,15:58,19:11,20:31
kofra,8,7,04:35,05:58,12:36,15:58,19:10,20:30
kofra,8,8,04:35,05:58,12:36,15:58,19:10,20:29
kofra,8,9,04:36,05:59,12:36,15:58,19:09,20:28
kofra,8,10,04:36,05:59,12:36,15:58,19:08,20:27
kofra,8,11,04:37,06:00,12:36,15:58,19:08,20:26
kofra,8,12,04:38,06:00,12:35,15:58,19:07,20:25
kofra,8,13,04:38,06:00,12:35,15:58,19:06,20:24
kofra,8,14,04:39,06:01,12:35,15:58,19:05,20:23
kofra,8,15,04:40,06:01,12:35,15:58,19:05,20:22
kofra,8,16,04:40,06:02,12:35,15:58,19:04,20:21
kofra,8,17,04:41,06:02,12:35,15:58,19:03,20:20
kofra,8,18,04:41,06:03,12:34,15:58,19:02,20:19
kofra,8,19,04:42,06:03,12:34,15:58,19:01,20:18
kofra,8,20,04:43,06:03,12:34,15:58,19:00,20:17
kofra,8,21,04:43,06:04,12:34,15:57,19:00,20:16
kofra,8,22,04:44,06:04,12:33,15:57,18:59,20:15
kofra,8,23,04:44,06:05,12:33,15:57,18:58,20:14
kofra,8,24,04:45,06:05,12:33,15:57,18:57,20:13
kofra,8,25,04:45,06:05,12:33,15:57,18:56,20:12
kofra,8,26,04:46,06:06,12:32,15:56,18:55,20:11
kofra,8,27,04:46,06:06,12:32,15:56,18:54,20:10
kofra,8,28,04:47,06:06,12:32,15:56,18:53,20:09
kofra,8,29,04:47,06:07,12:32,15:56,18:52,20:08
kofra,8,30,04:48,06:07,12:31,15:55,18:51,20:06
kofra,8,31,04:48,06:08,12:31,15:55,18:50,20:05
kofra,9,1,04:49,06:08,12:31,15:55,18:49,20:04
kofra,9,2,04:49,06:08,12:30,15:54,18:48,20:03
kofra,9,3,04:50,06:09,12:30,15:54,18:47,20:02
kofra,9,4,04:50,06:09,12:30,15:54,18:46,20:01
kofra,9,5,04:51,06:09,12:29,15:53,18:45,20:00
kofra,9,6,04:51,06:10,12:29,15:53,18:44,19:59
kofra,9,7,04:52,06:10,12:29,15:53,18:43,19:57
kofra,9,8,04:52,06:10,12:28,15:52,18:42,19:56
kofra,9,9,04:53,06:11,12:28,15:52,18:41,19:55
kofra,9,10,04:53,06:11,12:28,15:51,18:40,19:54
kofra,9,11,04:54,06:11,12:27,15:51,18:39,19:53
kofra,9,12,04:54,06:12,12:27,15:50,18:38,19:52
kofra,9,13,04:54,06:12,12:26,15:50,18:37,19:51
kofra,9,14,04:55,06:12,12:26,15:49,18:36,19:49
kofra,9,15,04:55,06:13,12:26,15:49,18:35,19:48
kofra,9,16,04:56,06:13,12:25,15:48,18:34,19:47
kofra,9,17,04:56,06:13,12:25,15:48,18:33,19:46
kofra,9,18,04:56,06:14,12:25,15:47,18:32,19:45
kofra,9,19,04:57,06:14,12:24,15:47,18:31,19:44
kofra,9,20,04:57,06:14,12:24,15:46,18:29,19:43
kofra,9,21,04:58,06:15,12:23,15:46,18:28,19:41
kofra,9,22,04:58,06:15,12:23,15:45,18:27,19:40
kofra,9,23,04:58,06:15,12:23,15:45,18:26,19:39
kofra,9,24,04:59,06:16,12:22,15:44,18:25,19:38
kofra,9,25,04:59,06:16,12:22,15:44,18:24,19:37
kofra,9,26,04:59,06:16,12:22,15:43,18:23,19:36
kofra,9,27,05:00,06:17,12:21,15:42,18:22,19:35
kofra,9,28,05:00,06:17,12:21,15:42,18:21,19:34
kofra,9,29,05:00,06:17,12:21,15:41,18:20,19:33
kofra,9,30,05:01,06:18,12:20,15:41,18:19,19:32
kofra,10,1,05:01,06:18,12:20,15:40,18:18,19:31
kofra,10,2,05:02,06:18,12:20,15:39,18:17,19:30
kofra,10,3,05:02,06:19,12:19,15:39,18:16,19:29
kofra,10,4,05:02,06:19,12:19,15:38,18:15,19:28
kofra,10,5,05:03,06:20,12:19,15:38,18:14,19:27
kofra,10,6,05:03,06:20,12:18,15:37,18:13,19:26
kofra,10,7,05:03,06:20,12:18,15:36,18:12,19:25
kofra,10,8,05:04,06:21,12:18,15:36,18:11,19:24
kofra,10,9,05:04,06:21,12:17,15:35,18:10,19:23
kofra,10,10,05:05,06:22,12:17,15:35,18:09,19:22
kofra,10,11,05:05,06:22,12:17,15:34,18:08,19:21
kofra,10,12,05:05,06:22,12:17,15:33,18:07,19:20
kofra,10,13,05:06,06:23,12:16,15:33,18:06,19:19
kofra,10,14,05:06,06:23,12:16,15:32,18:05,19:18
kofra,10,15,05:07,06:24,12:16,15:32,18:04,19:17
kofra,10,16,05:07,06:24,12:16,15:31,18:03,19:16
kofra,10,17,05:07,06:25,12:15,15:30,18:02,19:16
kofra,10,18,05:08,06:25,12:15,15:30,18:02,19:15
kofra,10,19,05:08,06:26,12:15,15:29,18:01,19:14
kofra,10,20,05:09,06:26,12:15,15:29,18:00,19:13
kofra,10,21,05:09,06:27,12:15,15:28,17:59,19:13
kofra,10,22,05:09,06:27,12:15,15:28,17:58,19:12
kofra,10,23,05:10,06:28,12:14,15:27,17:57,19:11
kofra,10,24,05:10,06:28,12:14,15:27,17:57,19:10
kofra,10,25,05:11,06:29,12:14,15:26,17:56,19:10
kofra,10,26,05:11,06:29,12:14,15:26,17:55,19:09
kofra,10,27,05:12,06:30,12:14,15:25,17:54,19:08
kofra,10,28,05:12,06:30,12:14,15:25,17:54,19:08
kofra,10,29,05:13,06:31,12:14,15:24,17:53,19:07
kofra,10,30,05:13,06:31,12:14,15:24,17:52,19:07
kofra,10,31,05:14,06:32,12:14,15:23,17:52,19:06
kofra,11,1,05:14,06:33,12:14,15:23,17:51,19:06
kofra,11,2,05:15,06:33,12:14,15:22,17:50,19:05
kofra,11,3,05:15,06:34,12:14,15:22,17:50,19:05
kofra,11,4,05:16,06:34,12:14,15:22,17:49,19:04
kofra,11,5,05:16,06:35,12:14,15:21,17:49,19:04
kofra,11,6,05:17,06:36,12:14,15:21,17:48,19:03
kofra,11,7,05:17,06:36,12:14,15:21,17:48,19:03
kofra,11,8,05:18,06:37,12:14,15:20,17:47,19:02
kofra,11,9,05:18,06:38,12:14,15:20,17:47,19:02
kofra,11,10,05:19,06:38,12:14,15:20,17:46,19:02
kofra,11,11,05:19,06:39,12:14,15:19,17:46,19:01
kofra,11,12,05:20,06:40,12:15,15:19,17:45,19:01
kofra,11,13,05:20,06:40,12:15,15:19,17:45,19:01
kofra,11,14,05:21,06:41,12:15,15:19,17:45,19:01
kofra,11,15,05:22,06:42,12:15,15:18,17:44,19:00
kofra,11,16,05:22,06:42,12:15,15:18,17:44,19:00
kofra,11,17,05:23,06:43,12:15,15:18,17:44,19:00
kofra,11,18,05:23,06:44,12:16,15:18,17:43,19:00
kofra,11,19,05:24,06:45,12:16,15:18,17:43,19:00
kofra,11,20,05:25,06:45,12:16,15:18,17:43,19:00
kofra,11,21,05:25,06:46,12:16,15:18,17:43,19:00
kofra,11,22,05:26,06:47,12:17,15:18,17:43,19:00
kofra,11,23,05:26,06:47,12:17,15:17,17:42,19:00
kofra,11,24,05:27,06:48,12:17,15:17,17:42,18:59
kofra,11,25,05:28,06:49,12:18,15:17,17:42,18:59
kofra,11,26,05:28,06:49,12:18,15:17,17:42,19:00
kofra,11,27,05:29,06:50,12:18,15:17,17:42,19:00
kofra,11,28,05:29,06:51,12:19,15:17,17:42,19:00
kofra,11,29,05:30,06:52,12:19,15:18,17:42,19:00
kofra,11,30,05:31,06:52,12:19,15:18,17:42,19:00
kofra,12,1,05:31,06:53,12:20,15:18,17:42,19:00
kofra,12,2,05:32,06:54,12:20,15:18,17:42,19:00
kofra,12,3,05:32,06:54,12:20,15:18,17:42,19:00
kofra,12,4,05:33,06:55,12:21,15:18,17:42,19:00
kofra,12,5,05:34,06:56,12:21,15:18,17:43,19:01
kofra,12,6,05:34,06:56,12:22,15:19,17:43,19:01
kofra,12,7,05:35,06:57,12:22,15:19,17:43,19:01
kofra,12,8,05:35,06:58,12:22,15:19,17:43,19:01
kofra,12,9,05:36,06:58,12:23,15:19,17:43,19:02
kofra,12,10,05:37,06:59,12:23,15:20,17:44,19:02
kofra,12,11,05:37,07:00,12:24,15:20,17:44,19:02
kofra,12,12,05:38,07:00,12:24,15:20,17:44,19:03
kofra,12,13,05:38,07:01,12:25,15:20,17:44,19:03
kofra,12,14,05:39,07:02,12:25,15:21,17:45,19:03
kofra,12,15,05:39,07:02,12:26,15:21,17:45,19:04
kofra,12,16,05:40,07:03,12:26,15:22,17:45,19:04
kofra,12,17,05:40,07:03,12:27,15:22,17:46,19:05
kofra,12,18,05:41,07:04,12:27,15:22,17:46,19:05
kofra,12,19,05:42,07:04,12:28,15:23,17:47,19:06
kofra,12,20,05:42,07:05,12:28,15:23,17:47,19:06
kofra,12,21,05:43,07:05,12:28,15:24,17:48,19:06
kofra,12,22,05:43,07:06,12:29,15:24,17:48,19:07
kofra,12,23,05:43,07:06,12:29,15:25,17:49,19:07
kofra,12,24,05:44,07:07,12:30,15:25,17:49,19:08
kofra,12,25,05:44,07:07,12:30,15:26,17:50,19:08
kofra,12,26,05:45,07:08,12:31,15:26,17:50,19:09
kofra,12,27,05:45,07:08,12:31,15:27,17:51,19:10
kofra,12,28,05:46,07:08,12:32,15:27,17:51,19:10
kofra,12,29,05:46,07:09,12:32,15:28,17:52,19:11
kofra,12,30,05:46,07:09,12:33,15:29,17:53,19:11
kofra,12,31,05:47,07:09,12:33,15:29,17:53,19:12
morzuk,1,1,6:27,7:51,13:11,16:04,18:28,19:48
morzuk,1,2,6:27,7:51,13:12,16:05,18:29,19:48
morzuk,1,3,6:28,7:51,13:12,16:06,18:29,19:49
morzuk,1,4,6:28,7:52,13:13,16:06,18:30,19:49
morzuk,1,5,6:28,7:52,13:13,16:07,18:31,19:50
morzuk,1,6,6:28,7:52,13:14,16:08,18:31,19:51
morzuk,1,7,6:29,7:52,13:14,16:08,18:32,19:51
morzuk,1,8,6:29,7:52,13:14,16:09,18:33,19:52
morzuk,1,9,6:29,7:52,13:15,16:10,18:33,19:53
morzuk,1,10,6:29,7:52,13:15,16:10,18:34,19:53
morzuk,1,11,6:29,7:52,13:16,16:11,18:35,19:54
morzuk,1,12,6:30,7:52,13:16,16:12,18:36,19:55
morzuk,1,13,6:30,7:52,13:16,16:12,18:36,19:55
morzuk,1,14,6:30,7:52,13:17,16:13,18:37,19:56
morzuk,1,15,6:30,7:52,13:17,16:14,18:38,19:57
morzuk,1,16,6:30,7:52,13:18,16:14,18:39,19:57
morzuk,1,17,6:30,7:52,13:18,16:15,18:40,19:58
morzuk,1,18,6:30,7:52,13:18,16:16,18:40,19:59
morzuk,1,19,6:30,7:52,13:19,16:17,18:41,19:59
morzuk,1,20,6:30,7:52,13:19,16:17,18:42,20:00
morzuk,1,21,6:30,7:52,13:19,16:18,18:43,20:01
morzuk,1,22,6:30,7:51,13:19,16:19,18:43,20:01
morzuk,1,23,6:29,7:51,13:20,16:19,18:44,20:02
morzuk,1,24,6:29,7:51,13:20,16:20,18:45,20:03
morzuk,1,25,6:29,7:51,13:20,16:21,18:46,20:03
morzuk,1,26,6:29,7:50,13:20,16:21,18:47,20:04
morzuk,1,27,6:29,7:50,13:21,16:22,18:47,20:05
morzuk,1,28,6:29,7:50,13:21,16:23,18:48,20:05
morzuk,1,29,6:28,7:49,13:21,16:23,18:49,20:06
morzuk,1,30,6:28,7:49,13:21,16:24,18:50,20:06
morzuk,1,31,6:28,7:48,13:21,16:24,18:50,20:07
morzuk,2,1,6:27,7:48,13:22,16:25,18:51,20:08
morzuk,2,2,6:27,7:48,13:22,16:26,18:52,20:08
morzuk,2,3,6:27,7:47,13:22,16:26,18:53,20:09
morzuk,2,4,6:26,7:47,13:22,16:27,18:53,20:10
morzuk,2,5,6:26,7:46,13:22,16:27,18:54,20:10
morzuk,2,6,6:25,7:45,13:22,16:28,18:55,20:11
morzuk,2,7,6:25,7:45,13:22,16:28,18:56,20:12
morzuk,2,8,6:24,7:44,13:22,16:29,18:56,20:12
morzuk,2,9,6:24,7:44,13:22,16:29,18:57,20:13
morzuk,2,10,6:23,7:43,13:22,16:30,18:58,20:13
morzuk,2,11,6:23,7:42,13:22,16:30,18:58,20:14
morzuk,2,12,6:22,7:42,13:22,16:31,18:59,20:14
morzuk,2,13,6:22,7:41,13:22,16:31,19:00,20:15
morzuk,2,14,6:21,7:40,13:22,16:32,19:00,20:16
morzuk,2,15,6:20,7:40,13:22,16:32,19:01,20:16
morzuk,2,16,6:20,7:39,13:22,16:33,19:02,20:17
morzuk,2,17,6:19,7:38,13:22,16:33,19:02,20:17
morzuk,2,18,6:18,7:37,13:22,16:33,19:03,20:18
morzuk,2,19,6:18,7:36,13:22,16:34,19:04,20:18
morzuk,2,20,6:17,7:36,13:22,16:34,19:04,20:19
morzuk,2,21,6:16,7:35,13:22,16:34,19:05,20:20
morzuk,2,22,6:15,7:34,13:22,16:35,19:06,20:20
morzuk,2,23,6:15,7:33,13:22,16:35,19:06,20:21
morzuk,2,24,6:14,7:32,13:21,16:35,19:07,20:21
morzuk,2,25,6:13,7:31,13:21,16:36,19:07,20:22
morzuk,2,26,6:12,7:30,13:21,16:36,19:08,20:22
morzuk,2,27,6:11,7:30,13:21,16:36,19:08,20:23
morzuk,2,28,6:10,7:29,13:21,16:36,19:09,20:23
morzuk,2,29,6:10,7:29,13:21,16:36,19:09,20:23
morzuk,3,1,6:10,7:28,13:21,16:37,19:10,20:24
morzuk,3,2,6:09,7:27,13:20,16:37,19:10,20:24
morzuk,3,3,6:08,7:26,13:20,16:37,19:11,20:25
morzuk,3,4,6:07,7:25,13:20,16:37,19:11,20:25
morzuk,3,5,6:06,7:24,13:20,16:37,19:12,20:26
morzuk,3,6,6:05,7:23,13:19,16:37,19:12,20:26
morzuk,3,7,6:04,7:22,13:19,16:38,19:13,20:27
morzuk,3,8,6:03,7:21,13:19,16:38,19:13,20:27
morzuk,3,9,6:02,7:20,13:19,16:38,19:14,20:28
morzuk,3,10,6:01,7:19,13:18,16:38,19:14,20:28
morzuk,3,11,6:00,7:18,13:18,16:38,19:15,20:29
morzuk,3,12,5:59,7:17,13:18,16:38,19:15,20:29
morzuk,3,13,5:58,7:16,13:18,16:38,19:16,20:30
morzuk,3,14,5:57,7:14,13:17,16:38,19:16,20:30
morzuk,3,15,5:55,7:13,13:17,16:38,19:17,20:31
morzuk,3,16,5:54,7:12,13:17,16:38,19:17,20:31
morzuk,3,17,5:53,7:11,13:16,16:38,19:18,20:32
morzuk,3,18,5:52,7:10,13:16,16:38,19:18,20:32
morzuk,3,19,5:51,7:09,13:16,16:38,19:18,20:33
morzuk,3,20,5:50,7:08,13:15,16:38,19:19,20:33
morzuk,3,21,5:49,7:07,13:15,16:38,19:19,20:34
morzuk,3,22,5:48,7:06,13:15,16:38,19:20,20:34
morzuk,3,23,5:47,7:05,13:15,16:38,19:20,20:35
morzuk,3,24,5:45,7:04,13:14,16:38,19:21,20:35
morzuk,3,25,5:44,7:03,13:14,16:38,19:21,20:36
morzuk,3,26,5:43,7:02,13:14,16:37,19:22,20:36
morzuk,3,27,5:42,7:00,13:13,16:37,19:22,20:37
morzuk,3,28,5:41,6:59,13:13,16:37,19:22,20:37
morzuk,3,29,5:40,6:58,13:13,16:37,19:23,20:38
morzuk,3,30,5:38,6:57,13:12,16:37,19:23,20:38
morzuk,3,31,5:37,6:56,13:12,16:37,19:24,20:39
morzuk,4,1,5:36,6:55,13:12,16:37,19:24,20:39
morzuk,4,2,5:35,6:54,13:11,16:36,19:25,20:40
morzuk,4,3,5:34,6:53,13:11,16:36,19:25,20:40
morzuk,4,4,5:33,6:52,13:11,16:36,19:26,20:41
morzuk,4,5,5:31,6:51,13:10,16:36,19:26,20:42
morzuk,4,6,5:30,6:50,13:10,16:36,19:27,20:42
morzuk,4,7,5:29,6:49,13:10,16:36,19:27,20:43
morzuk,4,8,5:28,6:48,13:10,16:35,19:27,20:43
morzuk,4,9,5:27,6:47,13:09,16:35,19:28,20:44
morzuk,4,10,5:26,6:46,13:09,16:35,19:28,20:44
morzuk,4,11,5:24,6:45,13:09,16:35,19:29,20:45
morzuk,4,12,5:23,6:44,13:08,16:35,19:29,20:46
morzuk,4,13,5:22,6:43,13:08,16:34,19:30,20:46
morzuk,4,14,5:21,6:42,13:08,16:34,19:30,20:47
morzuk,4,15,5:20,6:41,13:08,16:34,19:31,20:48
morzuk,4,16,5:19,6:40,13:07,16:34,19:31,20:48
morzuk,4,17,5:18,6:39,13:07,16:34,19:32,20:49
morzuk,4,18,5:16,6:38,13:07,16:33,19:32,20:50
morzuk,4,19,5:15,6:37,13:07,16:33,19:33,20:50
morzuk,4,20,5:14,6:36,13:07,16:33,19:33,20:51
morzuk,4,21,5:13,6:35,13:06,16:33,19:34,20:52
morzuk,4,22,5:12,6:34,13:06,16:32,19:34,20:52
morzuk,4,23,5:11,6:33,13:06,16:32,19:35,20:53
morzuk,4,24,5:10,6:32,13:06,16:32,19:35,20:54
morzuk,4,25,5:09,6:32,13:06,16:32,19:36,20:54
morzuk,4,26,5:08,6:31,13:05,16:32,19:36,20:55
morzuk,4,27,5:07,6:30,13:05,16:31,19:37,20:56
morzuk,4,28,5:06,6:29,13:05,16:31,19:37,20:57
morzuk,4,29,5:05,6:28,13:05,16:31,19:38,20:57
morzuk,4,30,5:04,6:28,13:05,16:31,19:38,20:58
morzuk,5,1,5:03,6:27,13:05,16:31,19:39,20:59
morzuk,5,2,5:02,6:26,13:05,16:30,19:39,20:59
morzuk,5,3,5:01,6:25,13:05,16:30,19:40,21:00
morzuk,5,4,5:00,6:25,13:04,16:30,19:40,21:01
morzuk,5,5,4:59,6:24,13:04,16:30,19:41,21:02
morzuk,5,6,4:58,6:23,13:04,16:30,19:41,21:02
morzuk,5,7,4:57,6:23,13:04,16:29,19:42,21:03
morzuk,5,8,4:56,6:22,13:04,16:29,19:43,21:04
morzuk,5,9,4:56,6:21,13:04,16:29,19:43,21:05
morzuk,5,10,4:55,6:21,13:04,16:29,19:44,21:06
morzuk,5,11,4:54,6:20,13:04,16:29,19:44,21:06
morzuk,5,12,4:53,6:20,13:04,16:29,19:45,21:07
morzuk,5,13,4:52,6:19,13:04,16:29,19:45,21:08
morzuk,5,14,4:52,6:18,13:04,16:28,19:46,21:09
morzuk,5,15,4:51,6:18,13:04,16:28,19:46,21:09
morzuk,5,16,4:50,6:17,13:04,16:28,19:47,21:10
morzuk,5,17,4:50,6:17,13:04,16:28,19:47,21:11
morzuk,5,18,4:49,6:16,13:04,16:28,19:48,21:12
morzuk,5,19,4:48,6:16,13:04,16:28,19:49,21:12
morzuk,5,20,4:48,6:16,13:04,16:28,19:49,21:13
morzuk,5,21,4:47,6:15,13:04,16:28,19:50,21:14
morzuk,5,22,4:46,6:15,13:05,16:28,19:50,21:15
morzuk,5,23,4:46,6:14,13:05,16:28,19:51,21:15
morzuk,5,24,4:45,6:14,13:05,16:28,19:51,21:16
morzuk,5,25,4:45,6:14,13:05,16:27,19:52,21:17
morzuk,5,26,4:44,6:14,13:05,16:27,19:52,21:17
morzuk,5,27,4:44,6:13,13:05,16:27,19:53,21:18
morzuk,5,28,4:43,6:13,13:05,16:27,19:53,21:19
morzuk,5,29,4:43,6:13,13:05,16:27,19:54,21:19
morzuk,5,30,4:43,6:13,13:05,16:27,19:54,21:20
morzuk,5,31,4:42,6:12,13:06,16:27,19:55,21:21
morzuk,6,1,4:42,6:12,13:06,16:27,19:55,21:21
morzuk,6,2,4:42,6:12,13:06,16:27,19:56,21:22
morzuk,6,3,4:41,6:12,13:06,16:28,19:56,21:23
morzuk,6,4,4:41,6:12,13:06,16:28,19:57,21:23
morzuk,6,5,4:41,6:12,13:06,16:28,19:57,21:24
morzuk,6,6,4:41,6:12,13:06,16:28,19:57,21:24
morzuk,6,7,4:41,6:12,13:07,16:28,19:58,21:25
morzuk,6,8,4:40,6:11,13:07,16:28,19:58,21:25
morzuk,6,9,4:40,6:11,13:07,16:28,19:59,21:26
morzuk,6,10,4:40,6:11,13:07,16:28,19:59,21:26
morzuk,6,11,4:40,6:11,13:07,16:28,19:59,21:27
morzuk,6,12,4:40,6:11,13:08,16:28,20:00,21:27
morzuk,6,13,4:40,6:12,13:08,16:28,20:00,21:28
morzuk,6,14,4:40,6:12,13:08,16:29,20:00,21:28
morzuk,6,15,4:40,6:12,13:08,16:29,20:01,21:28
morzuk,6,16,4:40,6:12,13:08,16:29,20:01,21:29
morzuk,6,17,4:40,6:12,13:09,16:29,20:01,21:29
morzuk,6,18,4:40,6:12,13:09,16:29,20:01,21:29
morzuk,6,19,4:41,6:12,13:09,16:29,20:02,21:29
morzuk,6,20,4:41,6:12,13:09,16:30,20:02,21:30
morzuk,6,21,4:41,6:13,13:09,16:30,20:02,21:30
morzuk,6,22,4:41,6:13,13:10,16:30,20:02,21:30
morzuk,6,23,4:41,6:13,13:10,16:30,20:03,21:30
morzuk,6,24,4:42,6:13,13:10,16:30,20:03,21:30
morzuk,6,25,4:42,6:14,13:10,16:31,20:03,21:31
morzuk,6,26,4:42,6:14,13:10,16:31,20:03,21:31
morzuk,6,27,4:42,6:14,13:11,16:31,20:03,21:31
morzuk,6,28,4:43,6:14,13:11,16:31,20:03,21:31
morzuk,6,29,4:43,6:15,13:11,16:32,20:03,21:31
morzuk,6,30,4:44,6:15,13:11,16:32,20:03,21:31
morzuk,7,1,4:44,6:15,13:11,16:32,20:03,21:31
morzuk,7,2,4:44,6:16,13:12,16:32,20:03,21:31
morzuk,7,3,4:45,6:16,13:12,16:33,20:03,21:31
morzuk,7,4,4:45,6:16,13:12,16:33,20:03,21:30
morzuk,7,5,4:46,6:17,13:12,16:33,20:03,21:30
morzuk,7,6,4:46,6:17,13:12,16:33,20:03,21:30
morzuk,7,7,4:47,6:18,13:12,16:34,20:03,21:30
morzuk,7,8,4:47,6:18,13:13,16:34,20:03,21:30
morzuk,7,9,4:48,6:19,13:13,16:34,20:03,21:29
morzuk,7,10,4:49,6:19,13:13,16:34,20:03,21:29
morzuk,7,11,4:49,6:19,13:13,16:35,20:03,21:29
morzuk,7,12,4:50,6:20,13:13,16:35,20:02,21:28
morzuk,7,13,4:50,6:20,13:13,16:35,20:02,21:28
morzuk,7,14,4:51,6:21,13:13,16:35,20:02,21:28
morzuk,7,15,4:52,6:21,13:13,16:36,20:02,21:27
morzuk,7,16,4:52,6:22,13:14,16:36,20:01,21:27
morzuk,7,17,4:53,6:22,13:14,16:36,20:01,21:26
morzuk,7,18,4:54,6:23,13:14,16:36,20:01,21:26
morzuk,7,19,4:54,6:23,13:14,16:37,20:00,21:25
morzuk,7,20,4:55,6:24,13:14,16:37,20:00,21:25
morzuk,7,21,4:56,6:24,13:14,16:37,20:00,21:24
morzuk,7,22,4:56,6:25,13:14,16:37,19:59,21:24
morzuk,7,23,4:57,6:25,13:14,16:37,19:59,21:23
morzuk,7,24,4:58,6:26,13:14,16:38,19:59,21:22
morzuk,7,25,4:59,6:26,13:14,16:38,19:58,21:22
morzuk,7,26,4:59,6:27,13:14,16:38,19:58,21:21
morzuk,7,27,5:00,6:27,13:14,16:38,19:57,21:20
morzuk,7,28,5:01,6:28,13:14,16:38,19:57,21:20
morzuk,7,29,5:01,6:28,13:14,16:38,19:56,21:19
morzuk,7,30,5:02,6:29,13:14,16:38,19:55,21:18
morzuk,7,31,5:03,6:29,13:14,16:39,19:55,21:17
morzuk,8,1,5:04,6:30,13:14,16:39,19:54,21:16
morzuk,8,2,5:04,6:30,13:14,16:39,19:54,21:16
morzuk,8,3,5:05,6:31,13:14,16:39,19:53,21:15
morzuk,8,4,5:06,6:31,13:14,16:39,19:52,21:14
morzuk,8,5,5:06,6:32,13:14,16:39,19:52,21:13
morzuk,8,6,5:07,6:32,13:14,16:39,19:51,21:12
morzuk,8,7,5:08,6:33,13:14,16:39,19:50,21:11
morzuk,8,8,5:09,6:33,13:13,16:39,19:50,21:10
morzuk,8,9,5:09,6:34,13:13,16:39,19:49,21:09
morzuk,8,10,5:10,6:34,13:13,16:39,19:48,21:08
morzuk,8,11,5:11,6:35,13:13,16:39,19:47,21:07
morzuk,8,12,5:11,6:35,13:13,16:39,19:47,21:06
morzuk,8,13,5:12,6:36,13:13,16:39,19:46,21:05
morzuk,8,14,5:13,6:36,13:13,16:39,19:45,21:04
morzuk,8,15,5:13,6:37,13:12,16:38,19:44,21:03
morzuk,8,16,5:14,6:37,13:12,16:38,19:43,21:02
morzuk,8,17,5:15,6:38,13:12,16:38,19:42,21:01
morzuk,8,18,5:15,6:38,13:12,16:38,19:42,21:00
morzuk,8,19,5:16,6:39,13:12,16:38,19:41,20:59
morzuk,8,20,5:17,6:39,13:11,16:38,19:40,20:58
morzuk,8,21,5:17,6:39,13:11,16:37,19:39,20:57
morzuk,8,22,5:18,6:40,13:11,16:37,19:38,20:56
morzuk,8,23,5:19,6:40,13:11,16:37,19:37,20:55
morzuk,8,24,5:19,6:41,13:10,16:37,19:36,20:54
morzuk,8,25,5:20,6:41,13:10,16:37,19:35,20:52
morzuk,8,26,5:20,6:42,13:10,16:36,19:34,20:51
morzuk,8,27,5:21,6:42,13:10,16:36,19:33,20:50
morzuk,8,28,5:22,6:42,13:09,16:36,19:32,20:49
morzuk,8,29,5:22,6:43,13:09,16:35,19:31,20:48
morzuk,8,30,5:23,6:43,13:09,16:35,19:30,20:47
morzuk,8,31,5:23,6:44,13:08,16:35,19:29,20:45
morzuk,9,1,5:24,6:44,13:08,16:34,19:28,20:44
morzuk,9,2,5:24,6:45,13:08,16:34,19:27,20:43
morzuk,9,3,5:25,6:45,13:07,16:33,19:26,20:42
morzuk,9,4,5:26,6:45,13:07,16:33,19:25,20:41
morzuk,9,5,5:26,6:46,13:07,16:33,19:24,20:39
morzuk,9,6,5:27,6:46,13:06,16:32,19:23,20:38
morzuk,9,7,5:27,6:47,13:06,16:32,19:22,20:37
morzuk,9,8,5:28,6:47,13:06,16:31,19:21,20:36
morzuk,9,9,5:28,6:47,13:05,16:31,19:19,20:35
morzuk,9,10,5:29,6:48,13:05,16:30,19:18,20:33
morzuk,9,11,5:29,6:48,13:05,16:30,19:17,20:32
morzuk,9,12,5:30,6:48,13:04,16:29,19:16,20:31
morzuk,9,13,5:30,6:49,13:04,16:29,19:15,20:30
morzuk,9,14,5:30,6:49,13:04,16:28,19:14,20:29
morzuk,9,15,5:31,6:50,13:03,16:27,19:13,20:27
morzuk,9,16,5:31,6:50,13:03,16:27,19:12,20:26
morzuk,9,17,5:32,6:50,13:02,16:26,19:11,20:25
morzuk,9,18,5:32,6:51,13:02,16:26,19:09,20:24
morzuk,9,19,5:33,6:51,13:02,16:25,19:08,20:23
morzuk,9,20,5:33,6:52,13:01,16:25,19:07,20:21
morzuk,9,21,5:34,6:52,13:01,16:24,19:06,20:20
morzuk,9,22,5:34,6:52,13:01,16:23,19:05,20:19
morzuk,9,23,5:35,6:53,13:00,16:23,19:04,20:18
morzuk,9,24,5:35,6:53,13:00,16:22,19:03,20:17
morzuk,9,25,5:35,6:53,12:59,16:21,19:02,20:16
morzuk,9,26,5:36,6:54,12:59,16:21,19:00,20:14
morzuk,9,27,5:36,6:54,12:59,16:20,18:59,20:13
morzuk,9,28,5:37,6:55,12:58,16:19,18:58,20:12
morzuk,9,29,5:37,6:55,12:58,16:19,18:57,20:11
morzuk,9,30,5:38,6:55,12:58,16:18,18:56,20:10
morzuk,10,1,5:38,6:56,12:57,16:18,18:55,20:09
morzuk,10,2,5:38,6:56,12:57,16:17,18:54,20:08
morzuk,10,3,5:39,6:57,12:57,16:16,18:53,20:07
morzuk,10,4,5:39,6:57,12:56,16:16,18:52,20:06
morzuk,10,5,5:40,6:58,12:56,16:15,18:51,20:04
morzuk,10,6,5:40,6:58,12:56,16:14,18:50,20:03
morzuk,10,7,5:41,6:59,12:55,16:14,18:48,20:02
morzuk,10,8,5:41,6:59,12:55,16:13,18:47,20:01
morzuk,10,9,5:41,6:59,12:55,16:12,18:46,20:00
morzuk,10,10,5:42,7:00,12:55,16:12,18:45,19:59
morzuk,10,11,5:42,7:00,12:54,16:11,18:44,19:58
morzuk,10,12,5:43,7:01,12:54,16:10,18:43,19:57
morzuk,10,13,5:43,7:01,12:54,16:10,18:42,19:57
morzuk,10,14,5:44,7:02,12:54,16:09,18:41,19:56
morzuk,10,15,5:44,7:02,12:53,16:08,18:40,19:55
morzuk,10,16,5:45,7:03,12:53,16:08,18:39,19:54
morzuk,10,17,5:45,7:03,12:53,16:07,18:39,19:53
morzuk,10,18,5:46,7:04,12:53,16:06,18:38,19:52
morzuk,10,19,5:46,7:04,12:53,16:06,18:37,19:51
morzuk,10,20,5:46,7:05,12:52,16:05,18:36,19:50
morzuk,10,21,5:47,7:06,12:52,16:05,18:35,19:50
morzuk,10,22,5:47,7:06,12:52,16:04,18:34,19:49
morzuk,10,23,5:48,7:07,12:52,16:03,18:33,19:48
morzuk,10,24,5:48,7:07,12:52,16:03,18:32,19:47
morzuk,10,25,5:49,7:08,12:52,16:02,18:32,19:47
morzuk,10,26,5:49,7:08,12:52,16:02,18:31,19:46
morzuk,10,27,5:50,7:09,12:52,16:01,18:30,19:45
morzuk,10,28,5:50,7:10,12:51,16:01,18:29,19:44
morzuk,10,29,5:51,7:10,12:51,16:00,18:28,19:44
morzuk,10,30,5:52,7:11,12:51,16:00,18:28,19:43
morzuk,10,31,5:52,7:12,12:51,15:59,18:27,19:43
morzuk,11,1,5:53,7:12,12:51,15:59,18:26,19:42
morzuk,11,2,5:53,7:13,12:51,15:58,18:26,19:41
morzuk,11,3,5:54,7:14,12:51,15:58,18:25,19:41
morzuk,11,4,5:54,7:14,12:51,15:57,18:24,19:40
morzuk,11,5,5:55,7:15,12:51,15:57,18:24,19:40
morzuk,11,6,5:55,7:16,12:51,15:56,18:23,19:39
morzuk,11,7,5:56,7:16,12:51,15:56,18:23,19:39
morzuk,11,8,5:57,7:17,12:52,15:56,18:22,19:39
morzuk,11,9,5:57,7:18,12:52,15:55,18:22,19:38
morzuk,11,10,5:58,7:18,12:52,15:55,18:21,19:38
morzuk,11,11,5:58,7:19,12:52,15:55,18:21,19:37
morzuk,11,12,5:59,7:20,12:52,15:54,18:20,19:37
morzuk,11,13,5:59,7:20,12:52,15:54,18:20,19:37
morzuk,11,14,6:00,7:21,12:52,15:54,18:19,19:37
morzuk,11,15,6:01,7:22,12:52,15:54,18:19,19:36
morzuk,11,16,6:01,7:23,12:53,15:53,18:19,19:36
morzuk,11,17,6:02,7:23,12:53,15:53,18:18,19:36
morzuk,11,18,6:03,7:24,12:53,15:53,18:18,19:36
morzuk,11,19,6:03,7:25,12:53,15:53,18:18,19:35
morzuk,11,20,6:04,7:26,12:54,15:53,18:17,19:35
morzuk,11,21,6:04,7:26,12:54,15:53,18:17,19:35
morzuk,11,22,6:05,7:27,12:54,15:52,18:17,19:35
morzuk,11,23,6:06,7:28,12:54,15:52,18:17,19:35
morzuk,11,24,6:06,7:29,12:55,15:52,18:17,19:35
morzuk,11,25,6:07,7:29,12:55,15:52,18:17,19:35
morzuk,11,26,6:08,7:30,12:55,15:52,18:16,19:35
morzuk,11,27,6:08,7:31,12:56,15:52,18:16,19:35
morzuk,11,28,6:09,7:32,12:56,15:52,18:16,19:35
morzuk,11,29,6:10,7:32,12:56,15:52,18:16,19:35
morzuk,11,30,6:10,7:33,12:57,15:52,18:16,19:35
morzuk,12,1,6:11,7:34,12:57,15:52,18:16,19:35
morzuk,12,2,6:11,7:35,12:57,15:52,18:16,19:35
morzuk,12,3,6:12,7:35,12:58,15:53,18:16,19:36
morzuk,12,4,6:13,7:36,12:58,15:53,18:16,19:36
morzuk,12,5,6:13,7:37,12:59,15:53,18:17,19:36
morzuk,12,6,6:14,7:37,12:59,15:53,18:17,19:36
morzuk,12,7,6:15,7:38,12:59,15:53,18:17,19:36
morzuk,12,8,6:15,7:39,13:00,15:53,18:17,19:37
morzuk,12,9,6:16,7:39,13:00,15:54,18:17,19:37
morzuk,12,10,6:16,7:40,13:01,15:54,18:17,19:37
morzuk,12,11,6:17,7:41,13:01,15:54,18:18,19:37
morzuk,12,12,6:18,7:41,13:02,15:55,18:18,19:38
morzuk,12,13,6:18,7:42,13:02,15:55,18:18,19:38
morzuk,12,14,6:19,7:43,13:03,15:55,18:19,19:38
morzuk,12,15,6:19,7:43,13:03,15:56,18:19,19:39
morzuk,12,16,6:20,7:44,13:04,15:56,18:19,19:39
morzuk,12,17,6:20,7:44,13:04,15:56,18:20,19:40
morzuk,12,18,6:21,7:45,13:05,15:57,18:20,19:40
morzuk,12,19,6:21,7:45,13:05,15:57,18:21,19:41
morzuk,12,20,6:22,7:46,13:05,15:58,18:21,19:41
morzuk,12,21,6:22,7:46,13:06,15:58,18:21,19:41
morzuk,12,22,6:23,7:47,13:06,15:59,18:22,19:42
morzuk,12,23,6:23,7:47,13:07,15:59,18:22,19:42
morzuk,12,24,6:24,7:48,13:07,16:00,18:23,19:43
morzuk,12,25,6:24,7:48,13:08,16:00,18:24,19:43
morzuk,12,26,6:25,7:49,13:08,16:01,18:24,19:44
morzuk,12,27,6:25,7:49,13:09,16:01,18:25,19:45
morzuk,12,28,6:26,7:49,13:09,16:02,18:25,19:45
morzuk,12,29,6:26,7:50,13:10,16:02,18:26,19:46
morzuk,12,30,6:26,7:50,13:10,16:03,18:26,19:46
morzuk,12,31,6:27,7:50,13:11,16:04,18:27,19:47
musratah,1,1,06:31,08:01,13:07,15:46,18:09,19:34
musratah,1,2,06:31,08:01,13:07,15:47,18:09,19:35
musratah,1,3,06:32,08:01,13:08,15:48,18:10,19:36
musratah,1,4,06:32,08:01,13:08,15:48,18:11,19:36
musratah,1,5,06:32,08:01,13:08,15:49,18:12,19:37
musratah,1,6,06:32,08:01,13:09,15:50,18:12,19:38
musratah,1,7,06:32,08:01,13:09,15:51,18:13,19:38
musratah,1,8,06:33,08:01,13:10,15:51,18:14,19:39
musratah,1,9,06:33,08:01,13:10,15:52,18:15,19:40
musratah,1,10,06:33,08:01,13:11,15:53,18:16,19:41
musratah,1,11,06:33,08:01,13:11,15:54,18:17,19:41
musratah,1,12,06:33,08:01,13:11,15:55,18:18,19:42
musratah,1,13,06:33,08:01,13:12,15:55,18:18,19:43
musratah,1,14,06:33,08:01,13:12,15:56,18:19,19:44
musratah,1,15,06:33,08:01,13:13,15:57,18:20,19:44
musratah,1,16,06:33,08:01,13:13,15:58,18:21,19:45
musratah,1,17,06:32,08:00,13:13,15:59,18:22,19:46
musratah,1,18,06:32,08:00,13:14,15:59,18:23,19:47
musratah,1,19,06:32,08:00,13:14,16:00,18:24,19:48
musratah,1,20,06:32,08:00,13:14,16:01,18:25,19:48
musratah,1,21,06:32,07:59,13:14,16:02,18:26,19:49
musratah,1,22,06:32,07:59,13:15,16:03,18:27,19:50
musratah,1,23,06:31,07:58,13:15,16:04,18:28,19:51
musratah,1,24,06:31,07:58,13:15,16:04,18:29,19:52
musratah,1,25,06:31,07:58,13:16,16:05,18:30,19:52
musratah,1,26,06:30,07:57,13:16,16:06,18:30,19:53
musratah,1,27,06:30,07:57,13:16,16:07,18:31,19:54
musratah,1,28,06:30,07:56,13:16,16:08,18:32,19:55
musratah,1,29,06:29,07:55,13:16,16:08,18:33,19:56
musratah,1,30,06:29,07:55,13:17,16:09,18:34,19:56
musratah,1,31,06:28,07:54,13:17,16:10,18:35,19:57
musratah,2,1,06:28,07:54,13:17,16:11,18:36,19:58
musratah,2,2,06:27,07:53,13:17,16:12,18:37,19:59
musratah,2,3,06:27,07:52,13:17,16:12,18:38,20:00
musratah,2,4,06:26,07:52,13:17,16:13,18:39,20:00
musratah,2,5,06:26,07:51,13:17,16:14,18:40,20:01
musratah,2,6,06:25,07:50,13:17,16:15,18:41,20:02
musratah,2,7,06:24,07:49,13:18,16:15,18:42,20:03
musratah,2,8,06:24,07:49,13:18,16:16,18:43,20:04
musratah,2,9,06:23,07:48,13:18,16:17,18:44,20:04
musratah,2,10,06:22,07:47,13:18,16:17,18:45,20:05
musratah,2,11,06:21,07:46,13:18,16:18,18:45,20:06
musratah,2,12,06:21,07:45,13:18,16:19,18:46,20:07
musratah,2,13,06:20,07:44,13:18,16:19,18:47,20:08
musratah,2,14,06:19,07:43,13:18,16:20,18:48,20:08
musratah,2,15,06:18,07:42,13:18,16:21,18:49,20:09
musratah,2,16,06:17,07:41,13:18,16:21,18:50,20:10
musratah,2,17,06:16,07:40,13:18,16:22,18:51,20:11
musratah,2,18,06:15,07:39,13:17,16:23,18:52,20:12
musratah,2,19,06:15,07:38,13:17,16:23,18:52,20:12
musratah,2,20,06:14,07:37,13:17,16:24,18:53,20:13
musratah,2,21,06:13,07:36,13:17,16:24,18:54,20:14
musratah,2,22,06:12,07:35,13:17,16:25,18:55,20:15
musratah,2,23,06:11,07:34,13:17,16:25,18:56,20:15
musratah,2,24,06:10,07:33,13:17,16:26,18:57,20:16
musratah,2,25,06:08,07:32,13:17,16:26,18:57,20:17
musratah,2,26,06:07,07:31,13:16,16:27,18:58,20:18
musratah,2,27,06:06,07:30,13:16,16:27,18:59,20:18
musratah,2,28,06:05,07:28,13:16,16:28,19:00,20:19
musratah,2,29,06:05,07:28,13:16,16:28,19:00,20:19
musratah,3,1,06:04,07:27,13:16,16:28,19:01,20:20
musratah,3,2,06:03,07:26,13:16,16:29,19:01,20:21
musratah,3,3,06:02,07:25,13:16,16:29,19:02,20:21
musratah,3,4,06:01,07:24,13:15,16:29,19:03,20:22
musratah,3,5,05:59,07:22,13:15,16:30,19:04,20:23
musratah,3,6,05:58,07:21,13:15,16:30,19:04,20:23
musratah,3,7,05:57,07:20,13:15,16:31,19:05,20:24
musratah,3,8,05:56,07:19,13:14,16:31,19:06,20:25
musratah,3,9,05:54,07:17,13:14,16:31,19:07,20:26
musratah,3,10,05:53,07:16,13:14,16:31,19:07,20:26
musratah,3,11,05:52,07:15,13:14,16:32,19:08,20:27
musratah,3,12,05:51,07:14,13:13,16:32,19:09,20:28
musratah,3,13,05:49,07:12,13:13,16:32,19:10,20:29
musratah,3,14,05:48,07:11,13:13,16:33,19:10,20:29
musratah,3,15,05:47,07:10,13:12,16:33,19:11,20:30
musratah,3,16,05:45,07:08,13:12,16:33,19:12,20:31
musratah,3,17,05:44,07:07,13:12,16:33,19:12,20:32
musratah,3,18,05:43,07:06,13:11,16:34,19:13,20:32
musratah,3,19,05:41,07:05,13:11,16:34,19:14,20:33
musratah,3,20,05:40,07:03,13:11,16:34,19:14,20:34
musratah,3,21,05:38,07:02,13:10,16:34,19:15,20:35
musratah,3,22,05:37,07:01,13:10,16:34,19:16,20:35
musratah,3,23,05:36,06:59,13:10,16:34,19:16,20:36
musratah,3,24,05:34,06:58,13:10,16:35,19:17,20:37
musratah,3,25,05:33,06:57,13:09,16:35,19:18,20:38
musratah,3,26,05:31,06:55,13:09,16:35,19:19,20:38
musratah,3,27,05:30,06:54,13:09,16:35,19:19,20:39
musratah,3,28,05:28,06:53,13:08,16:35,19:20,20:40
musratah,3,29,05:27,06:51,13:08,16:35,19:21,20:41
musratah,3,30,05:26,06:50,13:08,16:35,19:21,20:42
musratah,3,31,05:24,06:49,13:07,16:35,19:22,20:42
musratah,4,1,05:23,06:47,13:07,16:36,19:23,20:43
musratah,4,2,05:21,06:46,13:07,16:36,19:23,20:44
musratah,4,3,05:20,06:45,13:06,16:36,19:24,20:45
musratah,4,4,05:18,06:44,13:06,16:36,19:25,20:46
musratah,4,5,05:17,06:42,13:06,16:36,19:25,20:47
musratah,4,6,05:16,06:41,13:05,16:36,19:26,20:47
musratah,4,7,05:14,06:40,13:05,16:36,19:27,20:48
musratah,4,8,05:13,06:38,13:05,16:36,19:27,20:49
musratah,4,9,05:11,06:37,13:05,16:36,19:28,20:50
musratah,4,10,05:10,06:36,13:04,16:36,19:29,20:51
musratah,4,11,05:08,06:35,13:04,16:36,19:29,20:52
musratah,4,12,05:07,06:33,13:04,16:36,19:30,20:53
musratah,4,13,05:05,06:32,13:04,16:36,19:31,20:54
musratah,4,14,05:04,06:31,13:03,16:36,19:31,20:54
musratah,4,15,05:03,06:30,13:03,16:36,19:32,20:55
musratah,4,16,05:01,06:29,13:03,16:36,19:33,20:56
musratah,4,17,05:00,06:27,13:03,16:36,19:34,20:57
musratah,4,18,04:58,06:26,13:02,16:36,19:34,20:58
musratah,4,19,04:57,06:25,13:02,16:36,19:35,20:59
musratah,4,20,04:56,06:24,13:02,16:36,19:36,21:00
musratah,4,21,04:54,06:23,13:02,16:36,19:36,21:01
musratah,4,22,04:53,06:22,13:01,16:36,19:37,21:02
musratah,4,23,04:52,06:21,13:01,16:36,19:38,21:03
musratah,4,24,04:50,06:20,13:01,16:36,19:39,21:04
musratah,4,25,04:49,06:19,13:01,16:36,19:39,21:05
musratah,4,26,04:48,06:18,13:01,16:36,19:40,21:06
musratah,4,27,04:46,06:17,13:01,16:36,19:41,21:07
musratah,4,28,04:45,06:15,13:00,16:36,19:41,21:08
musratah,4,29,04:44,06:14,13:00,16:36,19:42,21:09
musratah,4,30,04:42,06:14,13:00,16:36,19:43,21:10
musratah,5,1,04:41,06:13,13:00,16:36,19:44,21:11
musratah,5,2,04:40,06:12,13:00,16:36,19:44,21:12
musratah,5,3,04:39,06:11,13:00,16:36,19:45,21:13
musratah,5,4,04:38,06:10,13:00,16:36,19:46,21:14
musratah,5,5,04:36,06:09,13:00,16:36,19:47,21:15
musratah,5,6,04:35,06:08,13:00,16:36,19:47,21:16
musratah,5,7,04:34,06:07,13:00,16:36,19:48,21:17
musratah,5,8,04:33,06:06,13:00,16:37,19:49,21:18
musratah,5,9,04:32,06:06,13:00,16:37,19:50,21:19
musratah,5,10,04:31,06:05,12:59,16:37,19:50,21:20
musratah,5,11,04:30,06:04,12:59,16:37,19:51,21:21
musratah,5,12,04:29,06:03,12:59,16:37,19:52,21:22
musratah,5,13,04:28,06:02,12:59,16:37,19:52,21:23
musratah,5,14,04:27,06:02,12:59,16:37,19:53,21:24
musratah,5,15,04:26,06:01,12:59,16:37,19:54,21:25
musratah,5,16,04:25,06:00,13:00,16:37,19:55,21:26
musratah,5,17,04:24,06:00,13:00,16:37,19:55,21:27
musratah,5,18,04:23,05:59,13:00,16:37,19:56,21:28
musratah,5,19,04:22,05:59,13:00,16:37,19:57,21:29
musratah,5,20,04:21,05:58,13:00,16:37,19:57,21:30
musratah,5,21,04:20,05:57,13:00,16:37,19:58,21:31
musratah,5,22,04:19,05:57,13:00,16:37,19:59,21:32
musratah,5,23,04:19,05:56,13:00,16:37,19:59,21:33
musratah,5,24,04:18,05:56,13:00,16:38,20:00,21:34
musratah,5,25,04:17,05:56,13:00,16:38,20:01,21:35
musratah,5,26,04:17,05:55,13:00,16:38,20:01,21:36
musratah,5,27,04:16,05:55,13:00,16:38,20:02,21:37
musratah,5,28,04:15,05:54,13:00,16:38,20:03,21:38
musratah,5,29,04:15,05:54,13:01,16:38,20:03,21:39
musratah,5,30,04:14,05:54,13:01,16:38,20:04,21:39
musratah,5,31,04:14,05:53,13:01,16:38,20:04,21:40
musratah,6,1,04:13,05:53,13:01,16:39,20:05,21:41
musratah,6,2,04:13,05:53,13:01,16:39,20:06,21:42
musratah,6,3,04:12,05:53,13:01,16:39,20:06,21:42
musratah,6,4,04:12,05:52,13:01,16:39,20:07,21:43
musratah,6,5,04:11,05:52,13:02,16:39,20:07,21:44
musratah,6,6,04:11,05:52,13:02,16:39,20:08,21:45
musratah,6,7,04:11,05:52,13:02,16:39,20:08,21:45
musratah,6,8,04:10,05:52,13:02,16:40,20:09,21:46
musratah,6,9,04:10,05:52,13:02,16:40,20:09,21:46
musratah,6,10,04:10,05:52,13:03,16:40,20:10,21:47
musratah,6,11,04:10,05:52,13:03,16:40,20:10,21:48
musratah,6,12,04:10,05:52,13:03,16:40,20:10,21:48
musratah,6,13,04:10,05:52,13:03,16:40,20:11,21:49
musratah,6,14,04:10,05:52,13:03,16:41,20:11,21:49
musratah,6,15,04:10,05:52,13:04,16:41,20:11,21:50
musratah,6,16,04:10,05:52,13:04,16:41,20:12,21:50
musratah,6,17,04:10,05:52,13:04,16:41,20:12,21:50
musratah,6,18,04:10,05:52,13:04,16:41,20:12,21:51
musratah,6,19,04:10,05:52,13:04,16:42,20:13,21:51
musratah,6,20,04:10,05:52,13:05,16:42,20:13,21:51
musratah,6,21,04:10,05:52,13:05,16:42,20:13,21:51
musratah,6,22,04:10,05:53,13:05,16:42,20:13,21:52
musratah,6,23,04:11,05:53,13:05,16:42,20:13,21:52
musratah,6,24,04:11,05:53,13:05,16:43,20:14,21:52
musratah,6,25,04:11,05:53,13:06,16:43,20:14,21:52
musratah,6,26,04:12,05:54,13:06,16:43,20:14,21:52
musratah,6,27,04:12,05:54,13:06,16:43,20:14,21:52
musratah,6,28,04:12,05:54,13:06,16:43,20:14,21:52
musratah,6,29,04:13,05:55,13:06,16:44,20:14,21:52
musratah,6,30,04:13,05:55,13:07,16:44,20:14,21:52
musratah,7,1,04:14,05:55,13:07,16:44,20:14,21:52
musratah,7,2,04:14,05:56,13:07,16:44,20:14,21:52
musratah,7,3,04:15,05:56,13:07,16:44,20:14,21:51
musratah,7,4,04:15,05:57,13:07,16:45,20:14,21:51
musratah,7,5,04:16,05:57,13:07,16:45,20:14,21:51
musratah,7,6,04:17,05:58,13:08,16:45,20:14,21:50
musratah,7,7,04:17,05:58,13:08,16:45,20:13,21:50
musratah,7,8,04:18,05:59,13:08,16:45,20:13,21:50
musratah,7,9,04:19,05:59,13:08,16:46,20:13,21:49
musratah,7,10,04:19,06:00,13:08,16:46,20:13,21:49
musratah,7,11,04:20,06:00,13:08,16:46,20:12,21:48
musratah,7,12,04:21,06:01,13:08,16:46,20:12,21:48
musratah,7,13,04:22,06:01,13:09,16:46,20:12,21:47
musratah,7,14,04:23,06:02,13:09,16:46,20:11,21:47
musratah,7,15,04:23,06:02,13:09,16:46,20:11,21:46
musratah,7,16,04:24,06:03,13:09,16:46,20:11,21:46
musratah,7,17,04:25,06:04,13:09,16:47,20:10,21:45
musratah,7,18,04:26,06:04,13:09,16:47,20:10,21:44
musratah,7,19,04:27,06:05,13:09,16:47,20:09,21:43
musratah,7,20,04:28,06:06,13:09,16:47,20:09,21:43
musratah,7,21,04:29,06:06,13:09,16:47,20:08,21:42
musratah,7,22,04:30,06:07,13:09,16:47,20:08,21:41
musratah,7,23,04:30,06:07,13:09,16:47,20:07,21:40
musratah,7,24,04:31,06:08,13:09,16:47,20:07,21:39
musratah,7,25,04:32,06:09,13:09,16:47,20:06,21:39
musratah,7,26,04:33,06:09,13:09,16:47,20:05,21:38
musratah,7,27,04:34,06:10,13:09,16:47,20:05,21:37
musratah,7,28,04:35,06:11,13:09,16:47,20:04,21:36
musratah,7,29,04:36,06:11,13:09,16:47,20:03,21:35
musratah,7,30,04:37,06:12,13:09,16:47,20:03,21:34
musratah,7,31,04:38,06:13,13:09,16:47,20:02,21:33
musratah,8,1,04:39,06:14,13:09,16:47,20:01,21:32
musratah,8,2,04:40,06:14,13:09,16:46,20:00,21:30
musratah,8,3,04:41,06:15,13:09,16:46,20:00,21:29
musratah,8,4,04:42,06:16,13:09,16:46,19:59,21:28
musratah,8,5,04:43,06:16,13:09,16:46,19:58,21:27
musratah,8,6,04:44,06:17,13:09,16:46,19:57,21:26
musratah,8,7,04:45,06:18,13:09,16:46,19:56,21:25
musratah,8,8,04:46,06:18,13:09,16:45,19:55,21:24
musratah,8,9,04:47,06:19,13:09,16:45,19:54,21:22
musratah,8,10,04:48,06:20,13:09,16:45,19:53,21:21
musratah,8,11,04:49,06:20,13:08,16:45,19:52,21:20
musratah,8,12,04:50,06:21,13:08,16:44,19:51,21:19
musratah,8,13,04:51,06:22,13:08,16:44,19:50,21:17
musratah,8,14,04:52,06:22,13:08,16:44,19:49,21:16
musratah,8,15,04:53,06:23,13:08,16:44,19:48,21:15
musratah,8,16,04:54,06:24,13:08,16:43,19:47,21:13
musratah,8,17,04:55,06:24,13:07,16:43,19:46,21:12
musratah,8,18,04:56,06:25,13:07,16:42,19:45,21:11
musratah,8,19,04:57,06:26,13:07,16:42,19:44,21:09
musratah,8,20,04:57,06:26,13:07,16:42,19:43,21:08
musratah,8,21,04:58,06:27,13:06,16:41,19:42,21:07
musratah,8,22,04:59,06:28,13:06,16:41,19:41,21:05
musratah,8,23,05:00,06:28,13:06,16:40,19:40,21:04
musratah,8,24,05:01,06:29,13:06,16:40,19:38,21:02
musratah,8,25,05:02,06:30,13:05,16:39,19:37,21:01
musratah,8,26,05:03,06:30,13:05,16:39,19:36,21:00
musratah,8,27,05:04,06:31,13:05,16:38,19:35,20:58
musratah,8,28,05:05,06:32,13:05,16:38,19:34,20:57
musratah,8,29,05:05,06:32,13:04,16:37,19:32,20:55
musratah,8,30,05:06,06:33,13:04,16:37,19:31,20:54
musratah,8,31,05:07,06:34,13:04,16:36,19:30,20:52
musratah,9,1,05:08,06:34,13:03,16:35,19:29,20:51
musratah,9,2,05:09,06:35,13:03,16:35,19:27,20:49
musratah,9,3,05:10,06:35,13:03,16:34,19:26,20:48
musratah,9,4,05:10,06:36,13:02,16:33,19:25,20:46
musratah,9,5,05:11,06:37,13:02,16:33,19:23,20:45
musratah,9,6,05:12,06:37,13:02,16:32,19:22,20:44
musratah,9,7,05:13,06:38,13:01,16:31,19:21,20:42
musratah,9,8,05:13,06:39,13:01,16:31,19:19,20:41
musratah,9,9,05:14,06:39,13:01,16:30,19:18,20:39
musratah,9,10,05:15,06:40,13:00,16:29,19:17,20:38
musratah,9,11,05:16,06:40,13:00,16:28,19:15,20:36
musratah,9,12,05:17,06:41,13:00,16:28,19:14,20:35
musratah,9,13,05:17,06:42,12:59,16:27,19:13,20:33
musratah,9,14,05:18,06:42,12:59,16:26,19:11,20:32
musratah,9,15,05:19,06:43,12:59,16:25,19:10,20:30
musratah,9,16,05:19,06:44,12:58,16:25,19:09,20:29
musratah,9,17,05:20,06:44,12:58,16:24,19:07,20:27
musratah,9,18,05:21,06:45,12:57,16:23,19:06,20:26
musratah,9,19,05:22,06:45,12:57,16:22,19:05,20:24
musratah,9,20,05:22,06:46,12:57,16:21,19:03,20:23
musratah,9,21,05:23,06:47,12:56,16:20,19:02,20:22
musratah,9,22,05:24,06:47,12:56,16:20,19:01,20:20
musratah,9,23,05:24,06:48,12:56,16:19,18:59,20:19
musratah,9,24,05:25,06:48,12:55,16:18,18:58,20:17
musratah,9,25,05:26,06:49,12:55,16:17,18:57,20:16
musratah,9,26,05:26,06:50,12:54,16:16,18:55,20:14
musratah,9,27,05:27,06:50,12:54,16:15,18:54,20:13
musratah,9,28,05:28,06:51,12:54,16:14,18:53,20:12
musratah,9,29,05:28,06:52,12:53,16:13,18:51,20:10
musratah,9,30,05:29,06:52,12:53,16:13,18:50,20:09
musratah,10,1,05:30,06:53,12:53,16:12,18:49,20:08
musratah,10,2,05:31,06:54,12:52,16:11,18:47,20:06
musratah,10,3,05:31,06:54,12:52,16:10,18:46,20:05
musratah,10,4,05:32,06:55,12:52,16:09,18:45,20:04
musratah,10,5,05:33,06:56,12:51,16:08,18:43,20:02
musratah,10,6,05:33,06:56,12:51,16:07,18:42,20:01
musratah,10,7,05:34,06:57,12:51,16:06,18:41,20:00
musratah,10,8,05:35,06:58,12:51,16:05,18:39,19:59
musratah,10,9,05:35,06:58,12:50,16:05,18:38,19:57
musratah,10,10,05:36,06:59,12:50,16:04,18:37,19:56
musratah,10,11,05:37,07:00,12:50,16:03,18:36,19:55
musratah,10,12,05:37,07:00,12:49,16:02,18:35,19:54
musratah,10,13,05:38,07:01,12:49,16:01,18:33,19:52
musratah,10,14,05:39,07:02,12:49,16:00,18:32,19:51
musratah,10,15,05:39,07:03,12:49,15:59,18:31,19:50
musratah,10,16,05:40,07:03,12:49,15:58,18:30,19:49
musratah,10,17,05:41,07:04,12:48,15:58,18:29,19:48
musratah,10,18,05:41,07:05,12:48,15:57,18:27,19:47
musratah,10,19,05:42,07:06,12:48,15:56,18:26,19:46
musratah,10,20,05:43,07:06,12:48,15:55,18:25,19:45
musratah,10,21,05:43,07:07,12:48,15:54,18:24,19:44
musratah,10,22,05:44,07:08,12:47,15:54,18:23,19:43
musratah,10,23,05:45,07:09,12:47,15:53,18:22,19:42
musratah,10,24,05:46,07:09,12:47,15:52,18:21,19:41
musratah,10,25,05:46,07:10,12:47,15:51,18:20,19:40
musratah,10,26,05:47,07:11,12:47,15:50,18:19,19:39
musratah,10,27,05:48,07:12,12:47,15:50,18:18,19:38
musratah,10,28,05:48,07:13,12:47,15:49,18:17,19:37
musratah,10,29,05:49,07:14,12:47,15:48,18:16,19:36
musratah,10,30,05:50,07:14,12:47,15:48,18:15,19:35
musratah,10,31,05:51,07:15,12:47,15:47,18:14,19:35
musratah,11,1,05:51,07:16,12:47,15:46,18:13,19:34
musratah,11,2,05:52,07:17,12:47,15:45,18:12,19:33
musratah,11,3,05:53,07:18,12:47,15:45,18:11,19:32
musratah,11,4,05:54,07:19,12:47,15:44,18:11,19:32
musratah,11,5,05:54,07:20,12:47,15:44,18:10,19:31
musratah,11,6,05:55,07:20,12:47,15:43,18:09,19:30
musratah,11,7,05:56,07:21,12:47,15:42,18:08,19:30
musratah,11,8,05:57,07:22,12:47,15:42,18:08,19:29
musratah,11,9,05:57,07:23,12:47,15:41,18:07,19:29
musratah,11,10,05:58,07:24,12:47,15:41,18:06,19:28
musratah,11,11,05:59,07:25,12:47,15:40,18:05,19:28
musratah,11,12,06:00,07:26,12:47,15:40,18:05,19:27
musratah,11,13,06:00,07:27,12:47,15:39,18:04,19:27
musratah,11,14,06:01,07:28,12:48,15:39,18:04,19:26
musratah,11,15,06:02,07:29,12:48,15:39,18:03,19:26
musratah,11,16,06:03,07:29,12:48,15:38,18:03,19:25
musratah,11,17,06:04,07:30,12:48,15:38,18:02,19:25
musratah,11,18,06:04,07:31,12:48,15:37,18:02,19:25
musratah,11,19,06:05,07:32,12:49,15:37,18:01,19:24
musratah,11,20,06:06,07:33,12:49,15:37,18:01,19:24
musratah,11,21,06:07,07:34,12:49,15:37,18:00,19:24
musratah,11,22,06:07,07:35,12:49,15:36,18:00,19:23
musratah,11,23,06:08,07:36,12:50,15:36,18:00,19:23
musratah,11,24,06:09,07:37,12:50,15:36,17:59,19:23
musratah,11,25,06:10,07:38,12:50,15:36,17:59,19:23
musratah,11,26,06:10,07:38,12:51,15:36,17:59,19:23
musratah,11,27,06:11,07:39,12:51,15:35,17:59,19:23
musratah,11,28,06:12,07:40,12:51,15:35,17:58,19:23
musratah,11,29,06:13,07:41,12:52,15:35,17:58,19:23
musratah,11,30,06:13,07:42,12:52,15:35,17:58,19:23
musratah,12,1,06:14,07:43,12:52,15:35,17:58,19:23
musratah,12,2,06:15,07:44,12:53,15:35,17:58,19:23
musratah,12,3,06:16,07:44,12:53,15:35,17:58,19:23
musratah,12,4,06:16,07:45,12:54,15:35,17:58,19:23
musratah,12,5,06:17,07:46,12:54,15:35,17:58,19:23
musratah,12,6,06:18,07:47,12:54,15:35,17:58,19:23
musratah,12,7,06:18,07:48,12:55,15:35,17:58,19:23
musratah,12,8,06:19,07:48,12:55,15:36,17:58,19:23
musratah,12,9,06:20,07:49,12:56,15:36,17:58,19:24
musratah,12,10,06:20,07:50,12:56,15:36,17:58,19:24
musratah,12,11,06:21,07:51,12:57,15:36,17:59,19:24
musratah,12,12,06:22,07:51,12:57,15:36,17:59,19:24
musratah,12,13,06:22,07:52,12:57,15:37,17:59,19:25
musratah,12,14,06:23,07:53,12:58,15:37,17:59,19:25
musratah,12,15,06:24,07:53,12:58,15:37,18:00,19:25
musratah,12,16,06:24,07:54,12:59,15:38,18:00,19:26
musratah,12,17,06:25,07:54,12:59,15:38,18:00,19:26
musratah,12,18,06:25,07:55,13:00,15:39,18:01,19:26
musratah,12,19,06:26,07:56,13:00,15:39,18:01,19:27
musratah,12,20,06:26,07:56,13:01,15:39,18:01,19:27
musratah,12,21,06:27,07:57,13:01,15:40,18:02,19:28
musratah,12,22,06:27,07:57,13:02,15:40,18:02,19:28
musratah,12,23,06:28,07:58,13:02,15:41,18:03,19:29
musratah,12,24,06:28,07:58,13:03,15:41,18:03,19:29
musratah,12,25,06:29,07:58,13:03,15:42,18:04,19:30
musratah,12,26,06:29,07:59,13:04,15:42,18:05,19:30
musratah,12,27,06:29,07:59,13:04,15:43,18:05,19:31
musratah,12,28,06:30,08:00,13:05,15:44,18:06,19:32
musratah,12,29,06:30,08:00,13:05,15:44,18:06,19:32
musratah,12,30,06:31,08:00,13:06,15:45,18:07,19:33
musratah,12,31,06:31,08:00,13:06,15:46,18:08,19:33
sabha,1,1,06:26,07:51,13:09,16:00,18:23,19:44
sabha,1,2,06:27,07:51,13:10,16:01,18:24,19:45
sabha,1,3,06:27,07:51,13:10,16:01,18:25,19:45
sabha,1,4,06:27,07:52,13:11,16:02,18:25,19:46
sabha,1,5,06:28,07:52,13:11,16:03,18:26,19:46
sabha,1,6,06:28,07:52,13:11,16:03,18:27,19:47
sabha,1,7,06:28,07:52,13:12,16:04,18:28,19:48
sabha,1,8,06:28,07:52,13:12,16:05,18:28,19:48
sabha,1,9,06:28,07:52,13:13,16:06,18:29,19:49
sabha,1,10,06:29,07:52,13:13,16:06,18:30,19:50
sabha,1,11,06:29,07:52,13:14,16:07,18:31,19:50
sabha,1,12,06:29,07:52,13:14,16:08,18:31,19:51
sabha,1,13,06:29,07:52,13:14,16:08,18:32,19:52
sabha,1,14,06:29,07:52,13:15,16:09,18:33,19:52
sabha,1,15,06:29,07:52,13:15,16:10,18:34,19:53
sabha,1,16,06:29,07:52,13:15,16:10,18:35,19:54
sabha,1,17,06:29,07:52,13:16,16:11,18:35,19:55
sabha,1,18,06:29,07:52,13:16,16:12,18:36,19:55
sabha,1,19,06:29,07:52,13:16,16:13,18:37,19:56
sabha,1,20,06:29,07:52,13:17,16:13,18:38,19:57
sabha,1,21,06:29,07:51,13:17,16:14,18:39,19:57
sabha,1,22,06:29,07:51,13:17,16:15,18:39,19:58
sabha,1,23,06:28,07:51,13:18,16:15,18:40,19:59
sabha,1,24,06:28,07:51,13:18,16:16,18:41,19:59
sabha,1,25,06:28,07:50,13:18,16:17,18:42,20:00
sabha,1,26,06:28,07:50,13:18,16:17,18:43,20:01
sabha,1,27,06:28,07:50,13:19,16:18,18:43,20:01
sabha,1,28,06:27,07:49,13:19,16:19,18:44,20:02
sabha,1,29,06:27,07:49,13:19,16:19,18:45,20:03
sabha,1,30,06:27,07:48,13:19,16:20,18:46,20:03
sabha,1,31,06:27,07:48,13:19,16:21,18:47,20:04
sabha,2,1,06:26,07:48,13:19,16:21,18:47,20:05
sabha,2,2,06:26,07:47,13:20,16:22,18:48,20:05
sabha,2,3,06:25,07:47,13:20,16:23,18:49,20:06
sabha,2,4,06:25,07:46,13:20,16:23,18:50,20:07
sabha,2,5,06:25,07:45,13:20,16:24,18:50,20:07
sabha,2,6,06:24,07:45,13:20,16:24,18:51,20:08
sabha,2,7,06:24,07:44,13:20,16:25,18:52,20:09
sabha,2,8,06:23,07:44,13:20,16:26,18:53,20:09
sabha,2,9,06:22,07:43,13:20,16:26,18:53,20:10
sabha,2,10,06:22,07:42,13:20,16:27,18:54,20:11
sabha,2,11,06:21,07:42,13:20,16:27,18:55,20:11
sabha,2,12,06:21,07:41,13:20,16:28,18:56,20:12
sabha,2,13,06:20,07:40,13:20,16:28,18:56,20:12
sabha,2,14,06:19,07:39,13:20,16:29,18:57,20:13
sabha,2,15,06:19,07:39,13:20,16:29,18:58,20:14
sabha,2,16,06:18,07:38,13:20,16:30,18:58,20:14
sabha,2,17,06:17,07:37,13:20,16:30,18:59,20:15
sabha,2,18,06:17,07:36,13:20,16:30,19:00,20:15
sabha,2,19,06:16,07:35,13:20,16:31,19:00,20:16
sabha,2,20,06:15,07:35,13:20,16:31,19:01,20:17
sabha,2,21,06:14,07:34,13:20,16:32,19:02,20:17
sabha,2,22,06:14,07:33,13:20,16:32,19:02,20:18
sabha,2,23,06:13,07:32,13:19,16:32,19:03,20:18
sabha,2,24,06:12,07:31,13:19,16:33,19:04,20:19
sabha,2,25,06:11,07:30,13:19,16:33,19:04,20:19
sabha,2,26,06:10,07:29,13:19,16:33,19:05,20:20
sabha,2,27,06:09,07:28,13:19,16:33,19:06,20:20
sabha,2,28,06:08,07:27,13:19,16:34,19:06,20:21
sabha,2,29,06:08,07:27,13:19,16:34,19:06,20:21
sabha,3,1,06:07,07:26,13:18,16:34,19:07,20:22
sabha,3,2,06:06,07:25,13:18,16:34,19:07,20:22
sabha,3,3,06:05,07:24,13:18,16:34,19:08,20:23
sabha,3,4,06:04,07:23,13:18,16:35,19:08,20:23
sabha,3,5,06:03,07:22,13:18,16:35,19:09,20:24
sabha,3,6,06:02,07:21,13:17,16:35,19:10,20:24
sabha,3,7,06:01,07:20,13:17,16:35,19:10,20:25
sabha,3,8,06:00,07:19,13:17,16:35,19:11,20:25
sabha,3,9,05:59,07:18,13:17,16:35,19:11,20:26
sabha,3,10,05:58,07:17,13:16,16:36,19:12,20:26
sabha,3,11,05:57,07:16,13:16,16:36,19:12,20:27
sabha,3,12,05:56,07:15,13:16,16:36,19:13,20:27
sabha,3,13,05:55,07:14,13:15,16:36,19:13,20:28
sabha,3,14,05:54,07:13,13:15,16:36,19:14,20:29
sabha,3,15,05:53,07:11,13:15,16:36,19:14,20:29
sabha,3,16,05:52,07:10,13:15,16:36,19:15,20:30
sabha,3,17,05:50,07:09,13:14,16:36,19:15,20:30
sabha,3,18,05:49,07:08,13:14,16:36,19:16,20:31
sabha,3,19,05:48,07:07,13:14,16:36,19:16,20:31
sabha,3,20,05:47,07:06,13:13,16:36,19:17,20:32
sabha,3,21,05:46,07:05,13:13,16:36,19:17,20:32
sabha,3,22,05:45,07:04,13:13,16:36,19:18,20:33
sabha,3,23,05:43,07:03,13:12,16:36,19:18,20:33
sabha,3,24,05:42,07:01,13:12,16:36,19:19,20:34
sabha,3,25,05:41,07:00,13:12,16:36,19:19,20:34
sabha,3,26,05:40,06:59,13:11,16:36,19:20,20:35
sabha,3,27,05:39,06:58,13:11,16:36,19:20,20:36
sabha,3,28,05:37,06:57,13:11,16:36,19:21,20:36
sabha,3,29,05:36,06:56,13:10,16:36,19:21,20:37
sabha,3,30,05:35,06:55,13:10,16:35,19:22,20:37
sabha,3,31,05:34,06:54,13:10,16:35,19:22,20:38
sabha,4,1,05:33,06:52,13:10,16:35,19:23,20:38
sabha,4,2,05:31,06:51,13:09,16:35,19:23,20:39
sabha,4,3,05:30,06:50,13:09,16:35,19:24,20:40
sabha,4,4,05:29,06:49,13:09,16:35,19:24,20:40
sabha,4,5,05:28,06:48,13:08,16:35,19:25,20:41
sabha,4,6,05:27,06:47,13:08,16:35,19:25,20:41
sabha,4,7,05:25,06:46,13:08,16:34,19:26,20:42
sabha,4,8,05:24,06:45,13:07,16:34,19:26,20:43
sabha,4,9,05:23,06:44,13:07,16:34,19:27,20:43
sabha,4,10,05:22,06:43,13:07,16:34,19:27,20:44
sabha,4,11,05:20,06:42,13:07,16:34,19:28,20:45
sabha,4,12,05:19,06:41,13:06,16:34,19:28,20:45
sabha,4,13,05:18,06:40,13:06,16:33,19:29,20:46
sabha,4,14,05:17,06:39,13:06,16:33,19:29,20:47
sabha,4,15,05:16,06:38,13:06,16:33,19:30,20:47
sabha,4,16,05:15,06:37,13:05,16:33,19:30,20:48
sabha,4,17,05:13,06:36,13:05,16:33,19:31,20:49
sabha,4,18,05:12,06:35,13:05,16:33,19:31,20:49
sabha,4,19,05:11,06:34,13:05,16:32,19:32,20:50
sabha,4,20,05:10,06:33,13:04,16:32,19:32,20:51
sabha,4,21,05:09,06:32,13:04,16:32,19:33,20:52
sabha,4,22,05:08,06:31,13:04,16:32,19:33,20:52
sabha,4,23,05:07,06:30,13:04,16:32,19:34,20:53
sabha,4,24,05:05,06:29,13:04,16:32,19:34,20:54
sabha,4,25,05:04,06:28,13:03,16:31,19:35,20:55
sabha,4,26,05:03,06:27,13:03,16:31,19:35,20:55
sabha,4,27,05:02,06:26,13:03,16:31,19:36,20:56
sabha,4,28,05:01,06:26,13:03,16:31,19:37,20:57
sabha,4,29,05:00,06:25,13:03,16:31,19:37,20:58
sabha,4,30,04:59,06:24,13:03,16:31,19:38,20:58
sabha,5,1,04:58,06:23,13:03,16:30,19:38,20:59
sabha,5,2,04:57,06:22,13:03,16:30,19:39,21:00
sabha,5,3,04:56,06:22,13:02,16:30,19:39,21:01
sabha,5,4,04:55,06:21,13:02,16:30,19:40,21:02
sabha,5,5,04:54,06:20,13:02,16:30,19:40,21:02
sabha,5,6,04:53,06:19,13:02,16:30,19:41,21:03
sabha,5,7,04:52,06:19,13:02,16:29,19:42,21:04
sabha,5,8,04:51,06:18,13:02,16:29,19:42,21:05
sabha,5,9,04:51,06:17,13:02,16:29,19:43,21:06
sabha,5,10,04:50,06:17,13:02,16:29,19:43,21:06
sabha,5,11,04:49,06:16,13:02,16:29,19:44,21:07
sabha,5,12,04:48,06:16,13:02,16:29,19:44,21:08
sabha,5,13,04:47,06:15,13:02,16:29,19:45,21:09
sabha,5,14,04:46,06:14,13:02,16:29,19:46,21:10
sabha,5,15,04:46,06:14,13:02,16:29,19:46,21:10
sabha,5,16,04:45,06:13,13:02,16:29,19:47,21:11
sabha,5,17,04:44,06:13,13:02,16:28,19:47,21:12
sabha,5,18,04:43,06:12,13:02,16:28,19:48,21:13
sabha,5,19,04:43,06:12,13:02,16:28,19:48,21:14
sabha,5,20,04:42,06:11,13:02,16:28,19:49,21:14
sabha,5,21,04:42,06:11,13:02,16:28,19:50,21:15
sabha,5,22,04:41,06:11,13:02,16:28,19:50,21:16
sabha,5,23,04:40,06:10,13:02,16:28,19:51,21:17
sabha,5,24,04:40,06:10,13:03,16:28,19:51,21:17
sabha,5,25,04:39,06:10,13:03,16:28,19:52,21:18
sabha,5,26,04:39,06:09,13:03,16:28,19:52,21:19
sabha,5,27,04:38,06:09,13:03,16:28,19:53,21:20
sabha,5,28,04:38,06:09,13:03,16:28,19:53,21:20
sabha,5,29,04:37,06:08,13:03,16:28,19:54,21:21
sabha,5,30,04:37,06:08,13:03,16:28,19:54,21:22
sabha,5,31,04:37,06:08,13:03,16:28,19:55,21:22
sabha,6,1,04:36,06:08,13:04,16:28,19:55,21:23
sabha,6,2,04:36,06:08,13:04,16:28,19:56,21:24
sabha,6,3,04:36,06:07,13:04,16:28,19:56,21:24
sabha,6,4,04:35,06:07,13:04,16:28,19:57,21:25
sabha,6,5,04:35,06:07,13:04,16:28,19:57,21:25
sabha,6,6,04:35,06:07,13:04,16:29,19:58,21:26
sabha,6,7,04:35,06:07,13:05,16:29,19:58,21:26
sabha,6,8,04:34,06:07,13:05,16:29,19:58,21:27
sabha,6,9,04:34,06:07,13:05,16:29,19:59,21:27
sabha,6,10,04:34,06:07,13:05,16:29,19:59,21:28
sabha,6,11,04:34,06:07,13:05,16:29,20:00,21:28
sabha,6,12,04:34,06:07,13:05,16:29,20:00,21:29
sabha,6,13,04:34,06:07,13:06,16:29,20:00,21:29
sabha,6,14,04:34,06:07,13:06,16:29,20:01,21:30
sabha,6,15,04:34,06:07,13:06,16:30,20:01,21:30
sabha,6,16,04:34,06:07,13:06,16:30,20:01,21:30
sabha,6,17,04:34,06:07,13:06,16:30,20:02,21:31
sabha,6,18,04:34,06:07,13:07,16:30,20:02,21:31
sabha,6,19,04:34,06:08,13:07,16:30,20:02,21:31
sabha,6,20,04:35,06:08,13:07,16:31,20:02,21:32
sabha,6,21,04:35,06:08,13:07,16:31,20:03,21:32
sabha,6,22,04:35,06:08,13:07,16:31,20:03,21:32
sabha,6,23,04:35,06:08,13:08,16:31,20:03,21:32
sabha,6,24,04:35,06:09,13:08,16:31,20:03,21:32
sabha,6,25,04:36,06:09,13:08,16:32,20:03,21:32
sabha,6,26,04:36,06:09,13:08,16:32,20:03,21:32
sabha,6,27,04:36,06:10,13:08,16:32,20:03,21:33
sabha,6,28,04:37,06:10,13:09,16:32,20:04,21:33
sabha,6,29,04:37,06:10,13:09,16:33,20:04,21:33
sabha,6,30,04:38,06:10,13:09,16:33,20:04,21:33
sabha,7,1,04:38,06:11,13:09,16:33,20:04,21:32
sabha,7,2,04:38,06:11,13:09,16:33,20:04,21:32
sabha,7,3,04:39,06:12,13:10,16:34,20:04,21:32
sabha,7,4,04:39,06:12,13:10,16:34,20:04,21:32
sabha,7,5,04:40,06:12,13:10,16:34,20:04,21:32
sabha,7,6,04:40,06:13,13:10,16:34,20:03,21:32
sabha,7,7,04:41,06:13,13:10,16:34,20:03,21:32
sabha,7,8,04:42,06:14,13:10,16:35,20:03,21:31
sabha,7,9,04:42,06:14,13:11,16:35,20:03,21:31
sabha,7,10,04:43,06:14,13:11,16:35,20:03,21:31
sabha,7,11,04:43,06:15,13:11,16:35,20:03,21:30
sabha,7,12,04:44,06:15,13:11,16:36,20:03,21:30
sabha,7,13,04:45,06:16,13:11,16:36,20:02,21:30
sabha,7,14,04:45,06:16,13:11,16:36,20:02,21:29
sabha,7,15,04:46,06:17,13:11,16:36,20:02,21:29
sabha,7,16,04:47,06:17,13:11,16:37,20:02,21:28
sabha,7,17,04:47,06:18,13:12,16:37,20:01,21:28
sabha,7,18,04:48,06:18,13:12,16:37,20:01,21:27
sabha,7,19,04:49,06:19,13:12,16:37,20:01,21:27
sabha,7,20,04:49,06:19,13:12,16:37,20:00,21:26
sabha,7,21,04:50,06:20,13:12,16:38,20:00,21:26
sabha,7,22,04:51,06:20,13:12,16:38,19:59,21:25
sabha,7,23,04:52,06:21,13:12,16:38,19:59,21:24
sabha,7,24,04:52,06:21,13:12,16:38,19:58,21:24
sabha,7,25,04:53,06:22,13:12,16:38,19:58,21:23
sabha,7,26,04:54,06:23,13:12,16:38,19:57,21:22
sabha,7,27,04:55,06:23,13:12,16:38,19:57,21:21
sabha,7,28,04:55,06:24,13:12,16:39,19:56,21:21
sabha,7,29,04:56,06:24,13:12,16:39,19:56,21:20
sabha,7,30,04:57,06:25,13:12,16:39,19:55,21:19
sabha,7,31,04:58,06:25,13:12,16:39,19:55,21:18
sabha,8,1,04:58,06:26,13:12,16:39,19:54,21:17
sabha,8,2,04:59,06:26,13:12,16:39,19:53,21:17
sabha,8,3,05:00,06:27,13:12,16:39,19:53,21:16
sabha,8,4,05:01,06:27,13:12,16:39,19:52,21:15
sabha,8,5,05:01,06:28,13:12,16:39,19:51,21:14
sabha,8,6,05:02,06:28,13:12,16:39,19:51,21:13
sabha,8,7,05:03,06:29,13:11,16:39,19:50,21:12
sabha,8,8,05:04,06:29,13:11,16:39,19:49,21:11
sabha,8,9,05:04,06:30,13:11,16:39,19:48,21:10
sabha,8,10,05:05,06:31,13:11,16:39,19:48,21:09
sabha,8,11,05:06,06:31,13:11,16:39,19:47,21:08
sabha,8,12,05:07,06:32,13:11,16:39,19:46,21:07
sabha,8,13,05:07,06:32,13:11,16:38,19:45,21:06
sabha,8,14,05:08,06:33,13:10,16:38,19:44,21:05
sabha,8,15,05:09,06:33,13:10,16:38,19:43,21:04
sabha,8,16,05:10,06:34,13:10,16:38,19:43,21:03
sabha,8,17,05:10,06:34,13:10,16:38,19:42,21:02
sabha,8,18,05:11,06:35,13:10,16:38,19:41,21:00
sabha,8,19,05:12,06:35,13:09,16:37,19:40,20:59
sabha,8,20,05:12,06:36,13:09,16:37,19:39,20:58
sabha,8,21,05:13,06:36,13:09,16:37,19:38,20:57
sabha,8,22,05:14,06:37,13:09,16:37,19:37,20:56
sabha,8,23,05:14,06:37,13:09,16:36,19:36,20:55
sabha,8,24,05:15,06:37,13:08,16:36,19:35,20:54
sabha,8,25,05:16,06:38,13:08,16:36,19:34,20:52
sabha,8,26,05:16,06:38,13:08,16:35,19:33,20:51
sabha,8,27,05:17,06:39,13:07,16:35,19:32,20:50
sabha,8,28,05:18,06:39,13:07,16:35,19:31,20:49
sabha,8,29,05:18,06:40,13:07,16:34,19:30,20:48
sabha,8,30,05:19,06:40,13:07,16:34,19:29,20:46
sabha,8,31,05:19,06:41,13:06,16:34,19:28,20:45
sabha,9,1,05:20,06:41,13:06,16:33,19:27,20:44
sabha,9,2,05:21,06:42,13:06,16:33,19:26,20:43
sabha,9,3,05:21,06:42,13:05,16:32,19:25,20:41
sabha,9,4,05:22,06:42,13:05,16:32,19:23,20:40
sabha,9,5,05:22,06:43,13:05,16:31,19:22,20:39
sabha,9,6,05:23,06:43,13:04,16:31,19:21,20:38
sabha,9,7,05:23,06:44,13:04,16:30,19:20,20:36
sabha,9,8,05:24,06:44,13:04,16:30,19:19,20:35
sabha,9,9,05:25,06:45,13:03,16:29,19:18,20:34
sabha,9,10,05:25,06:45,13:03,16:29,19:17,20:33
sabha,9,11,05:26,06:45,13:03,16:28,19:16,20:31
sabha,9,12,05:26,06:46,13:02,16:28,19:14,20:30
sabha,9,13,05:27,06:46,13:02,16:27,19:13,20:29
sabha,9,14,05:27,06:47,13:01,16:26,19:12,20:28
sabha,9,15,05:28,06:47,13:01,16:26,19:11,20:26
sabha,9,16,05:28,06:48,13:01,16:25,19:10,20:25
sabha,9,17,05:29,06:48,13:00,16:25,19:09,20:24
sabha,9,18,05:29,06:48,13:00,16:24,19:07,20:23
sabha,9,19,05:30,06:49,13:00,16:23,19:06,20:21
sabha,9,20,05:30,06:49,12:59,16:23,19:05,20:20
sabha,9,21,05:31,06:50,12:59,16:22,19:04,20:19
sabha,9,22,05:31,06:50,12:58,16:21,19:03,20:18
sabha,9,23,05:32,06:51,12:58,16:21,19:02,20:17
sabha,9,24,05:32,06:51,12:58,16:20,19:00,20:15
sabha,9,25,05:33,06:51,12:57,16:19,18:59,20:14
sabha,9,26,05:33,06:52,12:57,16:19,18:58,20:13
sabha,9,27,05:34,06:52,12:57,16:18,18:57,20:12
sabha,9,28,05:34,06:53,12:56,16:17,18:56,20:11
sabha,9,29,05:34,06:53,12:56,16:17,18:55,20:09
sabha,9,30,05:35,06:54,12:56,16:16,18:54,20:08
sabha,10,1,05:35,06:54,12:55,16:15,18:52,20:07
sabha,10,2,05:36,06:55,12:55,16:15,18:51,20:06
sabha,10,3,05:36,06:55,12:55,16:14,18:50,20:05
sabha,10,4,05:37,06:55,12:54,16:13,18:49,20:04
sabha,10,5,05:37,06:56,12:54,16:13,18:48,20:03
sabha,10,6,05:38,06:56,12:54,16:12,18:47,20:02
sabha,10,7,05:38,06:57,12:53,16:11,18:46,20:01
sabha,10,8,05:39,06:57,12:53,16:10,18:45,19:59
sabha,10,9,05:39,06:58,12:53,16:10,18:44,19:58
sabha,10,10,05:40,06:58,12:53,16:09,18:43,19:57
sabha,10,11,05:40,06:59,12:52,16:08,18:42,19:56
sabha,10,12,05:41,06:59,12:52,16:08,18:41,19:55
sabha,10,13,05:41,07:00,12:52,16:07,18:40,19:54
sabha,10,14,05:42,07:00,12:51,16:06,18:39,19:53
sabha,10,15,05:42,07:01,12:51,16:06,18:38,19:52
sabha,10,16,05:43,07:02,12:51,16:05,18:37,19:52
sabha,10,17,05:43,07:02,12:51,16:04,18:36,19:51
sabha,10,18,05:44,07:03,12:51,16:04,18:35,19:50
sabha,10,19,05:44,07:03,12:50,16:03,18:34,19:49
sabha,10,20,05:45,07:04,12:50,16:02,18:33,19:48
sabha,10,21,05:45,07:04,12:50,16:02,18:32,19:47
sabha,10,22,05:46,07:05,12:50,16:01,18:31,19:46
sabha,10,23,05:46,07:06,12:50,16:00,18:30,19:46
sabha,10,24,05:47,07:06,12:50,16:00,18:29,19:45
sabha,10,25,05:47,07:07,12:50,15:59,18:28,19:44
sabha,10,26,05:48,07:07,12:49,15:59,18:27,19:43
sabha,10,27,05:48,07:08,12:49,15:58,18:27,19:43
sabha,10,28,05:49,07:09,12:49,15:57,18:26,19:42
sabha,10,29,05:49,07:09,12:49,15:57,18:25,19:41
sabha,10,30,05:50,07:10,12:49,15:56,18:24,19:40
sabha,10,31,05:51,07:11,12:49,15:56,18:24,19:40
sabha,11,1,05:51,07:11,12:49,15:55,18:23,19:39
sabha,11,2,05:52,07:12,12:49,15:55,18:22,19:39
sabha,11,3,05:52,07:13,12:49,15:54,18:21,19:38
sabha,11,4,05:53,07:14,12:49,15:54,18:21,19:38
sabha,11,5,05:53,07:14,12:49,15:53,18:20,19:37
sabha,11,6,05:54,07:15,12:49,15:53,18:20,19:37
sabha,11,7,05:55,07:16,12:49,15:53,18:19,19:36
sabha,11,8,05:55,07:16,12:49,15:52,18:18,19:36
sabha,11,9,05:56,07:17,12:50,15:52,18:18,19:35
sabha,11,10,05:56,07:18,12:50,15:51,18:17,19:35
sabha,11,11,05:57,07:19,12:50,15:51,18:17,19:34
sabha,11,12,05:58,07:19,12:50,15:51,18:16,19:34
sabha,11,13,05:58,07:20,12:50,15:50,18:16,19:34
sabha,11,14,05:59,07:21,12:50,15:50,18:15,19:33
sabha,11,15,06:00,07:22,12:50,15:50,18:15,19:33
sabha,11,16,06:00,07:22,12:51,15:50,18:15,19:33
sabha,11,17,06:01,07:23,12:51,15:49,18:14,19:33
sabha,11,18,06:02,07:24,12:51,15:49,18:14,19:32
sabha,11,19,06:02,07:25,12:51,15:49,18:14,19:32
sabha,11,20,06:03,07:25,12:51,15:49,18:13,19:32
sabha,11,21,06:04,07:26,12:52,15:49,18:13,19:32
sabha,11,22,06:04,07:27,12:52,15:49,18:13,19:32
sabha,11,23,06:05,07:28,12:52,15:48,18:13,19:32
sabha,11,24,06:05,07:29,12:53,15:48,18:13,19:32
sabha,11,25,06:06,07:29,12:53,15:48,18:12,19:32
sabha,11,26,06:07,07:30,12:53,15:48,18:12,19:32
sabha,11,27,06:07,07:31,12:53,15:48,18:12,19:32
sabha,11,28,06:08,07:32,12:54,15:48,18:12,19:32
sabha,11,29,06:09,07:32,12:54,15:48,18:12,19:32
sabha,11,30,06:09,07:33,12:55,15:48,18:12,19:32
sabha,12,1,06:10,07:34,12:55,15:48,18:12,19:32
sabha,12,2,06:11,07:35,12:55,15:48,18:12,19:32
sabha,12,3,06:11,07:35,12:56,15:48,18:12,19:32
sabha,12,4,06:12,07:36,12:56,15:49,18:12,19:32
sabha,12,5,06:13,07:37,12:56,15:49,18:12,19:32
sabha,12,6,06:13,07:38,12:57,15:49,18:12,19:33
sabha,12,7,06:14,07:38,12:57,15:49,18:12,19:33
sabha,12,8,06:15,07:39,12:58,15:49,18:13,19:33
sabha,12,9,06:15,07:40,12:58,15:50,18:13,19:33
sabha,12,10,06:16,07:40,12:59,15:50,18:13,19:34
sabha,12,11,06:16,07:41,12:59,15:50,18:13,19:34
sabha,12,12,06:17,07:42,13:00,15:50,18:14,19:34
sabha,12,13,06:18,07:42,13:00,15:51,18:14,19:34
sabha,12,14,06:18,07:43,13:00,15:51,18:14,19:35
sabha,12,15,06:19,07:43,13:01,15:51,18:14,19:35
sabha,12,16,06:19,07:44,13:01,15:52,18:15,19:36
sabha,12,17,06:20,07:45,13:02,15:52,18:15,19:36
sabha,12,18,06:20,07:45,13:02,15:53,18:16,19:36
sabha,12,19,06:21,07:46,13:03,15:53,18:16,19:37
sabha,12,20,06:21,07:46,13:03,15:53,18:16,19:37
sabha,12,21,06:22,07:47,13:04,15:54,18:17,19:38
sabha,12,22,06:22,07:47,13:04,15:54,18:17,19:38
sabha,12,23,06:23,07:48,13:05,15:55,18:18,19:39
sabha,12,24,06:23,07:48,13:05,15:55,18:18,19:39
sabha,12,25,06:24,07:49,13:06,15:56,18:19,19:40
sabha,12,26,06:24,07:49,13:06,15:56,18:20,19:40
sabha,12,27,06:25,07:49,13:07,15:57,18:20,19:41
sabha,12,28,06:25,07:50,13:07,15:58,18:21,19:41
sabha,12,29,06:25,07:50,13:08,15:58,18:21,19:42
sabha,12,30,06:26,07:50,13:08,15:59,18:22,19:43
sabha,12,31,06:26,07:51,13:09,15:59,18:23,19:43
subratah,1,1,6:42,8:12,13:17,15:56,18:18,19:44
subratah,1,2,6:42,8:12,13:18,15:57,18:19,19:45
subratah,1,3,6:43,8:12,13:18,15:57,18:20,19:45
subratah,1,4,6:43,8:13,13:18,15:58,18:20,19:46
subratah,1,5,6:43,8:13,13:19,15:59,18:21,19:47
subratah,1,6,6:43,8:13,13:19,15:59,18:22,19:47
subratah,1,7,6:43,8:13,13:20,16:00,18:23,19:48
subratah,1,8,6:43,8:13,13:20,16:01,18:24,19:49
subratah,1,9,6:44,8:13,13:21,16:02,18:24,19:50
subratah,1,10,6:44,8:13,13:21,16:03,18:25,19:50
subratah,1,11,6:44,8:13,13:21,16:03,18:26,19:51
subratah,1,12,6:44,8:13,13:22,16:04,18:27,19:52
subratah,1,13,6:44,8:12,13:22,16:05,18:28,19:53
subratah,1,14,6:44,8:12,13:23,16:06,18:29,19:54
subratah,1,15,6:44,8:12,13:23,16:07,18:30,19:54
subratah,1,16,6:43,8:12,13:23,16:07,18:31,19:55
subratah,1,17,6:43,8:12,13:24,16:08,18:32,19:56
subratah,1,18,6:43,8:11,13:24,16:09,18:32,19:57
subratah,1,19,6:43,8:11,13:24,16:10,18:33,19:57
subratah,1,20,6:43,8:11,13:25,16:11,18:34,19:58
subratah,1,21,6:43,8:10,13:25,16:12,18:35,19:59
subratah,1,22,6:42,8:10,13:25,16:12,18:36,20:00
subratah,1,23,6:42,8:10,13:25,16:13,18:37,20:01
subratah,1,24,6:42,8:09,13:26,16:14,18:38,20:02
subratah,1,25,6:41,8:09,13:26,16:15,18:39,20:02
subratah,1,26,6:41,8:08,13:26,16:16,18:40,20:03
subratah,1,27,6:41,8:08,13:26,16:17,18:41,20:04
subratah,1,28,6:40,8:07,13:27,16:17,18:42,20:05
subratah,1,29,6:40,8:07,13:27,16:18,18:43,20:06
subratah,1,30,6:39,8:06,13:27,16:19,18:44,20:07
subratah,1,31,6:39,8:05,13:27,16:20,18:45,20:07
subratah,2,1,6:38,8:05,13:27,16:21,18:46,20:08
subratah,2,2,6:38,8:04,13:28,16:21,18:47,20:09
subratah,2,3,6:37,8:03,13:28,16:22,18:48,20:10
subratah,2,4,6:37,8:03,13:28,16:23,18:49,20:11
subratah,2,5,6:36,8:02,13:28,16:24,18:50,20:11
subratah,2,6,6:36,8:01,13:28,16:24,18:51,20:12
subratah,2,7,6:35,8:00,13:28,16:25,18:52,20:13
subratah,2,8,6:34,8:00,13:28,16:26,18:53,20:14
subratah,2,9,6:33,7:59,13:28,16:27,18:53,20:15
subratah,2,10,6:33,7:58,13:28,16:27,18:54,20:15
subratah,2,11,6:33,7:57,13:28,16:28,18:55,20:16
subratah,2,12,6:31,7:56,13:28,16:29,18:56,20:17
subratah,2,13,6:30,7:55,13:28,16:29,18:57,20:18
subratah,2,14,6:30,7:54,13:28,16:30,18:58,20:19
subratah,2,15,6:29,7:53,13:28,16:31,18:59,20:19
subratah,2,16,6:28,7:52,13:28,16:31,19:00,20:20
subratah,2,17,6:27,7:51,13:28,16:32,19:01,20:21
subratah,2,18,6:26,7:50,13:28,16:33,19:02,20:22
subratah,2,19,6:25,7:49,13:28,16:33,19:02,20:23
subratah,2,20,6:24,7:48,13:28,16:34,19:03,20:23
subratah,2,21,6:23,7:47,13:28,16:34,19:04,20:24
subratah,2,22,6:22,7:46,13:27,16:35,19:05,20:25
subratah,2,23,6:21,7:45,13:27,16:35,19:06,20:26
subratah,2,24,6:20,7:44,13:27,16:36,19:07,20:26
subratah,2,25,6:19,7:43,13:27,16:36,19:07,20:27
subratah,2,26,6:18,7:41,13:27,16:37,19:08,20:28
subratah,2,27,6:17,7:40,13:27,16:37,19:09,20:29
subratah,2,28,6:16,7:39,13:27,16:38,19:10,20:30
subratah,2,29,6:16,7:39,13:27,16:38,19:10,20:30
subratah,3,1,6:14,7:38,13:26,16:38,19:11,20:30
subratah,3,2,6:13,7:37,13:26,16:39,19:12,20:31
subratah,3,3,6:12,7:36,13:26,16:39,19:12,20:32
subratah,3,4,6:11,7:34,13:26,16:40,19:13,20:33
subratah,3,5,6:10,7:33,13:25,16:40,19:14,20:33
subratah,3,6,6:08,7:32,13:25,16:40,19:15,20:34
subratah,3,7,6:07,7:31,13:25,16:41,19:15,20:35
subratah,3,8,6:06,7:29,13:25,16:41,19:16,20:36
subratah,3,9,6:05,7:28,13:24,16:41,19:17,20:36
subratah,3,10,6:03,7:27,13:24,16:42,19:18,20:37
subratah,3,11,6:02,7:25,13:24,16:42,19:18,20:38
subratah,3,12,6:01,7:24,13:24,16:42,19:19,20:39
subratah,3,13,5:59,7:23,13:23,16:43,19:20,20:39
subratah,3,14,5:58,7:22,13:23,16:43,19:21,20:40
subratah,3,15,5:57,7:20,13:23,16:43,19:21,20:41
subratah,3,16,5:55,7:19,13:22,16:43,19:22,20:42
subratah,3,17,5:54,7:18,13:22,16:44,19:23,20:42
subratah,3,18,5:53,7:16,13:22,16:44,19:23,20:43
subratah,3,19,5:51,7:15,13:22,16:44,19:24,20:44
subratah,3,20,5:50,7:14,13:21,16:44,19:25,20:45
subratah,3,21,5:48,7:12,13:21,16:45,19:26,20:45
subratah,3,22,5:47,7:11,13:21,16:45,19:26,20:46
subratah,3,23,5:46,7:10,13:20,16:45,19:27,20:47
subratah,3,24,5:44,7:08,13:20,16:45,19:28,20:48
subratah,3,25,5:43,7:07,13:20,16:45,19:28,20:49
subratah,3,26,5:41,7:06,13:19,16:45,19:29,20:49
subratah,3,27,5:40,7:04,13:19,16:45,19:30,20:50
subratah,3,28,5:38,7:03,13:19,16:46,19:30,20:51
subratah,3,29,5:37,7:02,13:18,16:46,19:31,20:52
subratah,3,30,5:35,7:00,13:18,16:46,19:32,20:53
subratah,3,31,5:34,6:59,13:18,16:46,19:32,20:53
subratah,4,1,5:32,6:58,13:17,16:46,19:33,20:54
subratah,4,2,5:31,6:56,13:17,16:46,19:34,20:55
subratah,4,3,5:30,6:55,13:17,16:46,19:35,20:56
subratah,4,4,5:28,6:54,13:16,16:46,19:35,20:57
subratah,4,5,5:27,6:52,13:16,16:46,19:36,20:58
subratah,4,6,5:25,6:51,13:16,16:46,19:37,20:59
subratah,4,7,5:24,6:50,13:16,16:47,19:37,20:59
subratah,4,8,5:22,6:49,13:15,16:47,19:38,21:00
subratah,4,9,5:21,6:47,13:15,16:47,19:39,21:01
subratah,4,10,5:19,6:46,13:15,16:47,19:39,21:02
subratah,4,11,5:18,6:45,13:14,16:47,19:40,21:03
subratah,4,12,5:16,6:43,13:14,16:47,19:41,21:04
subratah,4,13,5:15,6:42,13:14,16:47,19:42,21:05
subratah,4,14,5:14,6:41,13:14,16:47,19:42,21:06
subratah,4,15,5:12,6:40,13:13,16:47,19:43,21:07
subratah,4,16,5:11,6:39,13:13,16:47,19:44,21:08
subratah,4,17,5:09,6:37,13:13,16:47,19:44,21:09
subratah,4,18,5:08,6:36,13:13,16:47,19:45,21:10
subratah,4,19,5:06,6:35,13:12,16:47,19:46,21:11
subratah,4,20,5:05,6:34,13:12,16:47,19:47,21:11
subratah,4,21,5:04,6:33,13:12,16:47,19:47,21:12
subratah,4,22,5:02,6:32,13:12,16:47,19:48,21:13
subratah,4,23,5:01,6:31,13:12,16:47,19:49,21:14
subratah,4,24,5:00,6:29,13:12,16:47,19:50,21:15
subratah,4,25,4:58,6:28,13:11,16:47,19:50,21:16
subratah,4,26,4:57,6:27,13:11,16:47,19:51,21:17
subratah,4,27,4:56,6:26,13:11,16:47,19:52,21:18
subratah,4,28,4:54,6:25,13:11,16:47,19:53,21:20
subratah,4,29,4:53,6:24,13:11,16:47,19:53,21:21
subratah,4,30,4:52,6:23,13:11,16:47,19:54,21:22
subratah,5,1,4:50,6:22,13:11,16:47,19:55,21:23
subratah,5,2,4:49,6:21,13:10,16:47,19:55,21:24
subratah,5,3,4:48,6:20,13:10,16:47,19:56,21:25
subratah,5,4,4:47,6:19,13:10,16:47,19:57,21:26
subratah,5,5,4:45,6:19,13:10,16:48,19:58,21:27
subratah,5,6,4:44,6:18,13:10,16:48,19:58,21:28
subratah,5,7,4:43,6:17,13:10,16:48,19:59,21:29
subratah,5,8,4:42,6:16,13:10,16:48,20:00,21:30
subratah,5,9,4:41,6:15,13:10,16:48,20:01,21:31
subratah,5,10,4:40,6:14,13:10,16:48,20:01,21:32
subratah,5,11,4:39,6:14,13:10,16:48,20:02,21:33
subratah,5,12,4:38,6:13,13:10,16:48,20:03,21:34
subratah,5,13,4:37,6:12,13:10,16:48,20:04,21:35
subratah,5,14,4:36,6:11,13:10,16:48,20:04,21:36
subratah,5,15,4:35,6:11,13:10,16:48,20:05,21:37
subratah,5,16,4:34,6:10,13:10,16:48,20:06,21:38
subratah,5,17,4:33,6:09,13:10,16:48,20:07,21:39
subratah,5,18,4:32,6:09,13:10,16:48,20:07,21:40
subratah,5,19,4:31,6:08,13:10,16:48,20:08,21:41
subratah,5,20,4:30,6:08,13:10,16:48,20:09,21:42
subratah,5,21,4:29,6:07,13:10,16:49,20:09,21:43
subratah,5,22,4:28,6:06,13:10,16:49,20:10,21:44
subratah,5,23,4:27,6:06,13:10,16:49,20:11,21:45
subratah,5,24,4:27,6:05,13:10,16:49,20:11,21:46
subratah,5,25,4:26,6:05,13:11,16:49,20:12,21:47
subratah,5,26,4:25,6:05,13:11,16:49,20:13,21:48
subratah,5,27,4:25,6:04,13:11,16:49,20:13,21:49
subratah,5,28,4:24,6:04,13:11,16:49,20:14,21:50
subratah,5,29,4:23,6:03,13:11,16:49,20:15,21:51
subratah,5,30,4:23,6:03,13:11,16:50,20:15,21:52
subratah,5,31,4:22,6:03,13:11,16:50,20:16,21:52
subratah,6,1,4:22,6:02,13:11,16:50,20:16,21:53
subratah,6,2,4:21,6:02,13:12,16:50,20:17,21:54
subratah,6,3,4:21,6:02,13:12,16:50,20:18,21:55
subratah,6,4,4:20,6:02,13:12,16:50,20:18,21:55
subratah,6,5,4:20,6:01,13:12,16:50,20:19,21:56
subratah,6,6,4:20,6:01,13:12,16:51,20:19,21:57
subratah,6,7,4:19,6:01,13:12,16:51,20:20,21:58
subratah,6,8,4:19,6:01,13:13,16:51,20:20,21:58
subratah,6,9,4:19,6:01,13:13,16:51,20:21,21:59
subratah,6,10,4:19,6:01,13:13,16:51,20:21,21:59
subratah,6,11,4:18,6:01,13:13,16:52,20:21,22:00
subratah,6,12,4:18,6:01,13:13,16:52,20:22,22:00
subratah,6,13,4:18,6:01,13:14,16:52,20:22,22:01
subratah,6,14,4:18,6:01,13:14,16:52,20:23,22:01
subratah,6,15,4:18,6:01,13:14,16:52,20:23,22:02
subratah,6,16,4:18,6:01,13:14,16:52,20:23,22:02
subratah,6,17,4:18,6:01,13:14,16:53,20:24,22:03
subratah,6,18,4:18,6:01,13:15,16:53,20:24,22:03
subratah,6,19,4:18,6:01,13:15,16:53,20:24,22:03
subratah,6,20,4:18,6:02,13:15,16:53,20:24,22:03
subratah,6,21,4:19,6:02,13:15,16:53,20:25,22:04
subratah,6,22,4:19,6:02,13:15,16:54,20:25,22:04
subratah,6,23,4:19,6:02,13:16,16:54,20:25,22:04
subratah,6,24,4:19,6:02,13:16,16:54,20:25,22:04
subratah,6,25,4:20,6:03,13:16,16:54,20:25,22:04
subratah,6,26,4:20,6:03,13:16,16:54,20:25,22:04
subratah,6,27,4:20,6:03,13:16,16:54,20:25,22:04
subratah,6,28,4:21,6:04,13:17,16:55,20:25,22:04
subratah,6,29,4:21,6:04,13:17,16:55,20:25,22:04
subratah,6,30,4:22,6:04,13:17,16:55,20:25,22:04
subratah,7,1,4:22,6:05,13:17,16:55,20:25,22:04
subratah,7,2,4:23,6:05,13:17,16:56,20:25,22:04
subratah,7,3,4:23,6:06,13:17,16:56,20:25,22:04
subratah,7,4,4:24,6:06,13:18,16:56,20:25,22:03
subratah,7,5,4:25,6:07,13:18,16:56,20:25,22:03
subratah,7,6,4:25,6:07,13:18,16:56,20:25,22:03
subratah,7,7,4:26,6:07,13:18,16:57,20:25,22:02
subratah,7,8,4:27,6:08,13:18,16:57,20:25,22:02
subratah,7,9,4:27,6:09,13:18,16:57,20:24,22:02
subratah,7,10,4:28,6:09,13:18,16:57,20:24,22:01
subratah,7,11,4:29,6:10,13:19,16:57,20:24,22:01
subratah,7,12,4:30,6:10,13:19,16:57,20:24,22:00
subratah,7,13,4:30,6:11,13:19,16:57,20:23,22:00
subratah,7,14,4:31,6:11,13:19,16:58,20:23,21:59
subratah,7,15,4:32,6:12,13:19,16:58,20:22,21:58
subratah,7,16,4:33,6:13,13:19,16:58,20:22,21:58
subratah,7,17,4:34,6:13,13:19,16:58,20:22,21:57
subratah,7,18,4:35,6:14,13:19,16:58,20:21,21:56
subratah,7,19,4:36,6:14,13:20,16:58,20:21,21:56
subratah,7,20,4:36,6:15,13:20,16:58,20:20,21:55
subratah,7,21,4:37,6:16,13:20,16:58,20:20,21:54
subratah,7,22,4:38,6:16,13:20,16:58,20:19,21:53
subratah,7,23,4:39,6:17,13:20,16:58,20:19,21:52
subratah,7,24,4:40,6:18,13:20,16:58,20:18,21:51
subratah,7,25,4:41,6:18,13:20,16:58,20:17,21:51
subratah,7,26,4:42,6:19,13:20,16:58,20:17,21:50
subratah,7,27,4:43,6:20,13:20,16:58,20:16,21:49
subratah,7,28,4:44,6:20,13:20,16:58,20:15,21:48
subratah,7,29,4:45,6:21,13:20,16:58,20:15,21:47
subratah,7,30,4:46,6:22,13:20,16:58,20:14,21:46
subratah,7,31,4:47,6:22,13:20,16:58,20:13,21:45
subratah,8,1,4:48,6:23,13:20,16:58,20:12,21:43
subratah,8,2,4:49,6:24,13:20,16:58,20:12,21:42
subratah,8,3,4:50,6:25,13:20,16:57,20:11,21:41
subratah,8,4,4:51,6:25,13:20,16:57,20:10,21:40
subratah,8,5,4:52,6:26,13:19,16:57,20:09,21:39
subratah,8,6,4:53,6:27,13:19,16:57,20:08,21:38
subratah,8,7,4:54,6:27,13:19,16:57,20:07,21:37
subratah,8,8,4:55,6:28,13:19,16:56,20:06,21:35
subratah,8,9,4:56,6:29,13:19,16:56,20:05,21:34
subratah,8,10,4:57,6:29,13:19,16:56,20:04,21:33
subratah,8,11,4:58,6:30,13:19,16:56,20:03,21:32
subratah,8,12,4:59,6:31,13:19,16:55,20:02,21:30
subratah,8,13,5:00,6:32,13:18,16:55,20:01,21:29
subratah,8,14,5:01,6:32,13:18,16:55,20:00,21:28
subratah,8,15,5:02,6:33,13:18,16:54,19:59,21:26
subratah,8,16,5:03,6:34,13:18,16:54,19:58,21:25
subratah,8,17,5:04,6:34,13:18,16:54,19:57,21:24
subratah,8,18,5:05,6:35,13:18,16:53,19:56,21:22
subratah,8,19,5:06,6:36,13:17,16:53,19:55,21:21
subratah,8,20,5:07,6:36,13:17,16:53,19:54,21:19
subratah,8,21,5:08,6:37,13:17,16:52,19:53,21:18
subratah,8,22,5:09,6:38,13:17,16:52,19:52,21:17
subratah,8,23,5:10,6:38,13:16,16:51,19:50,21:15
subratah,8,24,5:10,6:39,13:16,16:51,19:49,21:14
subratah,8,25,5:11,6:40,13:16,16:50,19:48,21:12
subratah,8,26,5:12,6:40,13:16,16:50,19:47,21:11
subratah,8,27,5:13,6:41,13:15,16:49,19:46,21:09
subratah,8,28,5:14,6:42,13:15,16:48,19:44,21:08
subratah,8,29,5:15,6:42,13:15,16:48,19:43,21:07
subratah,8,30,5:16,6:43,13:14,16:47,19:42,21:05
subratah,8,31,5:17,6:44,13:14,16:47,19:41,21:04
subratah,9,1,5:17,6:44,13:14,16:46,19:39,21:02
subratah,9,2,5:18,6:45,13:13,16:45,19:38,21:01
subratah,9,3,5:19,6:46,13:13,16:45,19:37,20:59
subratah,9,4,5:20,6:46,13:13,16:44,19:35,20:58
subratah,9,5,5:21,6:47,13:12,16:43,19:34,20:56
subratah,9,6,5:22,6:47,13:12,16:43,19:33,20:55
subratah,9,7,5:22,6:48,13:12,16:42,19:31,20:53
subratah,9,8,5:23,6:49,13:11,16:41,19:30,20:52
subratah,9,9,5:24,6:49,13:11,16:41,19:29,20:50
subratah,9,10,5:25,6:50,13:11,16:40,19:27,20:49
subratah,9,11,5:26,6:51,13:10,16:39,19:26,20:47
subratah,9,12,5:26,6:51,13:10,16:38,19:25,20:46
subratah,9,13,5:27,6:52,13:10,16:37,19:23,20:44
subratah,9,14,5:28,6:53,13:09,16:37,19:22,20:43
subratah,9,15,5:29,6:53,13:09,16:36,19:21,20:41
subratah,9,16,5:29,6:54,13:09,16:35,19:19,20:40
subratah,9,17,5:30,6:54,13:08,16:34,19:18,20:38
subratah,9,18,5:31,6:55,13:08,16:33,19:17,20:37
subratah,9,19,5:32,6:56,13:07,16:33,19:15,20:35
subratah,9,20,5:32,6:56,13:07,16:32,19:14,20:34
subratah,9,21,5:33,6:57,13:07,16:31,19:12,20:32
subratah,9,22,5:34,6:58,13:06,16:30,19:11,20:31
subratah,9,23,5:34,6:58,13:06,16:29,19:10,20:30
subratah,9,24,5:35,6:59,13:06,16:28,19:08,20:28
subratah,9,25,5:36,6:59,13:05,16:27,19:07,20:27
subratah,9,26,5:36,7:00,13:05,16:26,19:06,20:25
subratah,9,27,5:37,7:01,13:05,16:26,19:04,20:24
subratah,9,28,5:38,7:01,13:04,16:25,19:03,20:22
subratah,9,29,5:39,7:02,13:04,16:24,19:02,20:21
subratah,9,30,5:39,7:03,13:03,16:23,19:00,20:20
subratah,10,1,5:40,7:03,13:03,16:22,18:59,20:18
subratah,10,2,5:41,7:04,13:03,16:21,18:58,20:17
subratah,10,3,5:41,7:05,13:02,16:20,18:56,20:16
subratah,10,4,5:42,7:05,13:02,16:19,18:55,20:14
subratah,10,5,5:43,7:06,13:02,16:18,18:54,20:13
subratah,10,6,5:43,7:07,13:02,16:17,18:52,20:12
subratah,10,7,5:44,7:08,13:01,16:17,18:51,20:10
subratah,10,8,5:45,7:08,13:01,16:16,18:50,20:09
subratah,10,9,5:45,7:09,13:01,16:15,18:48,20:08
subratah,10,10,5:46,7:10,13:00,16:14,18:47,20:07
subratah,10,11,5:47,7:10,13:00,16:13,18:46,20:05
subratah,10,12,5:48,7:11,13:00,16:12,18:45,20:04
subratah,10,13,5:48,7:12,13:00,16:11,18:43,20:03
subratah,10,14,5:49,7:13,12:59,16:10,18:42,20:02
subratah,10,15,5:50,7:13,12:59,16:09,18:41,20:01
subratah,10,16,5:50,7:14,12:59,16:09,18:40,19:59
subratah,10,17,5:51,7:15,12:59,16:08,18:39,19:58
subratah,10,18,5:52,7:16,12:59,16:07,18:37,19:57
subratah,10,19,5:52,7:16,12:58,16:06,18:36,19:56
subratah,10,20,5:53,7:17,12:58,16:05,18:35,19:55
subratah,10,21,5:54,7:18,12:58,16:04,18:34,19:54
subratah,10,22,5:55,7:19,12:58,16:03,18:33,19:53
subratah,10,23,5:55,7:20,12:58,16:03,18:32,19:52
subratah,10,24,5:56,7:20,12:58,16:02,18:31,19:51
subratah,10,25,5:57,7:21,12:57,16:01,18:30,19:50
subratah,10,26,5:57,7:22,12:57,16:00,18:29,19:49
subratah,10,27,5:58,7:23,12:57,16:00,18:28,19:48
subratah,10,28,5:59,7:24,12:57,15:59,18:27,19:47
subratah,10,29,6:00,7:25,12:57,15:58,18:26,19:47
subratah,10,30,6:00,7:25,12:57,15:57,18:25,19:46
subratah,10,31,6:01,7:26,12:57,15:57,18:24,19:45
subratah,11,1,6:02,7:27,12:57,15:56,18:23,19:44
subratah,11,2,6:03,7:28,12:57,15:55,18:22,19:43
subratah,11,3,6:03,7:29,12:57,15:55,18:21,19:43
subratah,11,4,6:04,7:30,12:57,15:54,18:20,19:42
subratah,11,5,6:05,7:31,12:57,15:53,18:20,19:41
subratah,11,6,6:06,7:32,12:57,15:53,18:19,19:41
subratah,11,7,6:07,7:32,12:57,15:52,18:18,19:40
subratah,11,8,6:07,7:33,12:57,15:52,18:17,19:39
subratah,11,9,6:08,7:34,12:57,15:51,18:17,19:39
subratah,11,10,6:09,7:35,12:57,15:51,18:16,19:38
subratah,11,11,6:10,7:35,12:58,15:50,18:15,19:38
subratah,11,12,6:10,7:37,12:58,15:50,18:14,19:37
subratah,11,13,6:11,7:38,12:58,15:49,18:14,19:37
subratah,11,14,6:12,7:39,12:58,15:49,18:13,19:36
subratah,11,15,6:13,7:40,12:58,15:48,18:13,19:36
subratah,11,16,6:14,7:41,12:58,15:48,18:12,19:35
subratah,11,17,6:14,7:42,12:59,15:47,18:12,19:35
subratah,11,18,6:15,7:43,12:59,15:47,18:11,19:35
subratah,11,19,6:16,7:43,12:59,15:47,18:11,19:34
subratah,11,20,6:17,7:44,12:59,15:46,18:10,19:34
subratah,11,21,6:17,7:45,13:00,15:46,18:10,19:34
subratah,11,22,6:18,7:46,13:00,15:46,18:09,19:33
subratah,11,23,6:19,7:47,13:00,15:46,18:09,19:33
subratah,11,24,6:20,7:48,13:00,15:45,18:09,19:33
subratah,11,25,6:21,7:49,13:01,15:45,18:09,19:33
subratah,11,26,6:21,7:50,13:01,15:45,18:08,19:33
subratah,11,27,6:22,7:51,13:01,15:45,18:08,19:33
subratah,11,28,6:23,7:52,13:02,15:45,18:08,19:33
subratah,11,29,6:24,7:52,13:02,15:45,18:08,19:33
subratah,11,30,6:24,7:53,13:02,15:45,18:08,19:32
subratah,12,1,6:25,7:54,13:03,15:45,18:07,19:32
subratah,12,2,6:26,7:55,13:03,15:45,18:07,19:33
subratah,12,3,6:27,7:56,13:04,15:45,18:07,19:33
subratah,12,4,6:27,7:57,13:04,15:45,18:07,19:33
subratah,12,5,6:28,7:57,13:04,15:45,18:07,19:33
subratah,12,6,6:29,7:58,13:05,15:45,18:07,19:33
subratah,12,7,6:29,7:59,13:05,15:45,18:07,19:33
subratah,12,8,6:30,8:00,13:06,15:45,18:07,19:33
subratah,12,9,6:31,8:01,13:06,15:45,18:08,19:33
subratah,12,10,6:31,8:01,13:07,15:45,18:08,19:34
subratah,12,11,6:32,8:02,13:07,15:46,18:08,19:34
subratah,12,12,6:33,8:03,13:07,15:46,18:08,19:34
subratah,12,13,6:33,8:03,13:08,15:46,18:08,19:34
subratah,12,14,6:34,8:04,13:08,15:46,18:09,19:35
subratah,12,15,6:35,8:05,13:09,15:47,18:09,19:35
subratah,12,16,6:35,8:05,13:09,15:47,18:09,19:35
subratah,12,17,6:36,8:06,13:10,15:48,18:10,19:36
subratah,12,18,6:36,8:06,13:10,15:48,18:10,19:36
subratah,12,19,6:37,8:07,13:11,15:48,18:10,19:37
subratah,12,20,6:37,8:08,13:11,15:49,18:11,19:37
subratah,12,21,6:38,8:08,13:12,15:49,18:11,19:38
subratah,12,22,6:38,8:09,13:12,15:50,18:12,19:38
subratah,12,23,6:39,8:09,13:13,15:50,18:12,19:39
subratah,12,24,6:39,8:09,13:13,15:51,18:13,19:39
subratah,12,25,6:40,8:10,13:14,15:51,18:13,19:40
subratah,12,26,6:40,8:10,13:14,15:52,18:14,19:40
subratah,12,27,6:40,8:11,13:15,15:52,18:15,19:41
subratah,12,28,6:41,8:11,13:15,15:53,18:15,19:41
subratah,12,29,6:41,8:11,13:16,15:54,18:16,19:42
subratah,12,30,6:41,8:12,13:16,15:54,18:17,19:43
subratah,12,31,6:42,8:12,13:16,15:55,18:17,19:43
surman,1,1,06:41,08:11,13:16,15:55,18:17,19:43
surman,1,2,06:41,08:11,13:16,15:56,18:18,19:44
surman,1,3,06:41,08:11,13:17,15:56,18:19,19:44
surman,1,4,06:42,08:11,13:17,15:57,18:19,19:45
surman,1,5,06:42,08:11,13:18,15:58,18:20,19:46
surman,1,6,06:42,08:12,13:18,15:58,18:21,19:46
surman,1,7,06:42,08:12,13:19,15:59,18:22,19:47
surman,1,8,06:42,08:12,13:19,16:00,18:23,19:48
surman,1,9,06:42,08:12,13:20,16:01,18:23,19:49
surman,1,10,06:42,08:12,13:20,16:02,18:24,19:49
surman,1,11,06:43,08:12,13:20,16:02,18:25,19:50
surman,1,12,06:43,08:11,13:21,16:03,18:26,19:51
surman,1,13,06:43,08:11,13:21,16:04,18:27,19:52
surman,1,14,06:42,08:11,13:21,16:05,18:28,19:52
surman,1,15,06:42,08:11,13:22,16:06,18:29,19:53
surman,1,16,06:42,08:11,13:22,16:06,18:30,19:54
surman,1,17,06:42,08:11,13:23,16:07,18:31,19:55
surman,1,18,06:42,08:10,13:23,16:08,18:32,19:56
surman,1,19,06:42,08:10,13:23,16:09,18:32,19:56
surman,1,20,06:42,08:10,13:24,16:10,18:33,19:57
surman,1,21,06:42,08:09,13:24,16:11,18:34,19:58
surman,1,22,06:41,08:09,13:24,16:11,18:35,19:59
surman,1,23,06:41,08:08,13:24,16:12,18:36,20:00
surman,1,24,06:41,08:08,13:25,16:13,18:37,20:01
surman,1,25,06:40,08:08,13:25,16:14,18:38,20:01
surman,1,26,06:40,08:07,13:25,16:15,18:39,20:02
surman,1,27,06:40,08:07,13:25,16:16,18:40,20:03
surman,1,28,06:39,08:06,13:26,16:16,18:41,20:04
surman,1,29,06:39,08:05,13:26,16:17,18:42,20:05
surman,1,30,06:38,08:05,13:26,16:18,18:43,20:05
surman,1,31,06:38,08:04,13:26,16:19,18:44,20:06
surman,2,1,06:37,08:04,13:26,16:20,18:45,20:07
surman,2,2,06:37,08:03,13:26,16:20,18:46,20:08
surman,2,3,06:36,08:02,13:27,16:21,18:47,20:09
surman,2,4,06:36,08:02,13:27,16:22,18:48,20:10
surman,2,5,06:35,08:01,13:27,16:23,18:49,20:10
surman,2,6,06:34,08:00,13:27,16:23,18:50,20:11
surman,2,7,06:34,07:59,13:27,16:24,18:51,20:12
surman,2,8,06:33,07:58,13:27,16:25,18:52,20:13
surman,2,9,06:32,07:58,13:27,16:26,18:52,20:14
surman,2,10,06:32,07:57,13:27,16:26,18:53,20:14
surman,2,11,06:31,07:56,13:27,16:27,18:54,20:15
surman,2,12,06:30,07:55,13:27,16:28,18:55,20:16
surman,2,13,06:29,07:54,13:27,16:28,18:56,20:17
surman,2,14,06:28,07:53,13:27,16:29,18:57,20:18
surman,2,15,06:28,07:52,13:27,16:30,18:58,20:18
surman,2,16,06:27,07:51,13:27,16:30,18:59,20:19
surman,2,17,06:26,07:50,13:27,16:31,19:00,20:20
surman,2,18,06:25,07:49,13:27,16:31,19:01,20:21
surman,2,19,06:24,07:48,13:27,16:32,19:01,20:22
surman,2,20,06:23,07:47,13:27,16:33,19:02,20:22
surman,2,21,06:22,07:46,13:27,16:33,19:03,20:23
surman,2,22,06:21,07:45,13:26,16:34,19:04,20:24
surman,2,23,06:20,07:44,13:26,16:34,19:05,20:25
surman,2,24,06:19,07:43,13:26,16:35,19:06,20:25
surman,2,25,06:18,07:42,13:26,16:35,19:06,20:26
surman,2,26,06:17,07:40,13:26,16:36,19:07,20:27
surman,2,27,06:16,07:39,13:26,16:36,19:08,20:28
surman,2,28,06:14,07:38,13:25,16:37,19:09,20:28
surman,2,29,06:14,07:38,13:25,16:37,19:09,20:28
surman,3,1,06:13,07:37,13:25,16:37,19:10,20:29
surman,3,2,06:12,07:36,13:25,16:38,19:10,20:30
surman,3,3,06:11,07:34,13:25,16:38,19:11,20:31
surman,3,4,06:10,07:33,13:25,16:38,19:12,20:31
surman,3,5,06:09,07:32,13:24,16:39,19:13,20:32
surman,3,6,06:07,07:31,13:24,16:39,19:14,20:33
surman,3,7,06:06,07:29,13:24,16:40,19:14,20:34
surman,3,8,06:05,07:28,13:24,16:40,19:15,20:34
surman,3,9,06:04,07:27,13:23,16:40,19:16,20:35
surman,3,10,06:02,07:26,13:23,16:41,19:17,20:36
surman,3,11,06:01,07:24,13:23,16:41,19:17,20:37
surman,3,12,06:00,07:23,13:23,16:41,19:18,20:37
surman,3,13,05:58,07:22,13:22,16:42,19:19,20:38
surman,3,14,05:57,07:20,13:22,16:42,19:19,20:39
surman,3,15,05:56,07:19,13:22,16:42,19:20,20:40
surman,3,16,05:54,07:18,13:21,16:42,19:21,20:40
surman,3,17,05:53,07:17,13:21,16:43,19:22,20:41
surman,3,18,05:52,07:15,13:21,16:43,19:22,20:42
surman,3,19,05:50,07:14,13:20,16:43,19:23,20:43
surman,3,20,05:49,07:13,13:20,16:43,19:24,20:44
surman,3,21,05:47,07:11,13:20,16:43,19:24,20:44
surman,3,22,05:46,07:10,13:20,16:44,19:25,20:45
surman,3,23,05:45,07:09,13:19,16:44,19:26,20:46
surman,3,24,05:43,07:07,13:19,16:44,19:27,20:47
surman,3,25,05:42,07:06,13:19,16:44,19:27,20:47
surman,3,26,05:40,07:05,13:18,16:44,19:28,20:48
surman,3,27,05:39,07:03,13:18,16:44,19:29,20:49
surman,3,28,05:37,07:02,13:18,16:45,19:29,20:50
surman,3,29,05:36,07:01,13:17,16:45,19:30,20:51
surman,3,30,05:34,06:59,13:17,16:45,19:31,20:51
surman,3,31,05:33,06:58,13:17,16:45,19:31,20:52
surman,4,1,05:32,06:57,13:16,16:45,19:32,20:53
surman,4,2,05:30,06:55,13:16,16:45,19:33,20:54
surman,4,3,05:29,06:54,13:16,16:45,19:33,20:55
surman,4,4,05:27,06:53,13:15,16:45,19:34,20:56
surman,4,5,05:26,06:51,13:15,16:45,19:35,20:57
surman,4,6,05:24,06:50,13:15,16:45,19:36,20:57
surman,4,7,05:23,06:49,13:15,16:45,19:36,20:58
surman,4,8,05:21,06:47,13:14,16:46,19:37,20:59
surman,4,9,05:20,06:46,13:14,16:46,19:38,21:00
surman,4,10,05:18,06:45,13:14,16:46,19:38,21:01
surman,4,11,05:17,06:44,13:13,16:46,19:39,21:02
surman,4,12,05:15,06:42,13:13,16:46,19:40,21:03
surman,4,13,05:14,06:41,13:13,16:46,19:40,21:04
surman,4,14,05:13,06:40,13:13,16:46,19:41,21:05
surman,4,15,05:11,06:39,13:12,16:46,19:42,21:06
surman,4,16,05:10,06:38,13:12,16:46,19:43,21:06
surman,4,17,05:08,06:36,13:12,16:46,19:43,21:07
surman,4,18,05:07,06:35,13:12,16:46,19:44,21:08
surman,4,19,05:06,06:34,13:11,16:46,19:45,21:09
surman,4,20,05:04,06:33,13:11,16:46,19:45,21:10
surman,4,21,05:03,06:32,13:11,16:46,19:46,21:11
surman,4,22,05:01,06:31,13:11,16:46,19:47,21:12
surman,4,23,05:00,06:30,13:11,16:46,19:48,21:13
surman,4,24,04:59,06:28,13:10,16:46,19:48,21:14
surman,4,25,04:57,06:27,13:10,16:46,19:49,21:15
surman,4,26,04:56,06:26,13:10,16:46,19:50,21:16
surman,4,27,04:55,06:25,13:10,16:46,19:51,21:17
surman,4,28,04:53,06:24,13:10,16:46,19:51,21:18
surman,4,29,04:52,06:23,13:10,16:46,19:52,21:19
surman,4,30,04:51,06:22,13:10,16:46,19:53,21:20
surman,5,1,04:49,06:21,13:09,16:46,19:54,21:21
surman,5,2,04:48,06:20,13:09,16:46,19:54,21:22
surman,5,3,04:47,06:19,13:09,16:46,19:55,21:23
surman,5,4,04:46,06:18,13:09,16:46,19:56,21:25
surman,5,5,04:45,06:18,13:09,16:46,19:57,21:26
surman,5,6,04:43,06:17,13:09,16:46,19:57,21:27
surman,5,7,04:42,06:16,13:09,16:46,19:58,21:28
surman,5,8,04:41,06:15,13:09,16:46,19:59,21:29
surman,5,9,04:40,06:14,13:09,16:47,20:00,21:30
surman,5,10,04:39,06:13,13:09,16:47,20:00,21:31
surman,5,11,04:38,06:13,13:09,16:47,20:01,21:32
surman,5,12,04:37,06:12,13:09,16:47,20:02,21:33
surman,5,13,04:36,06:11,13:09,16:47,20:02,21:34
surman,5,14,04:35,06:10,13:09,16:47,20:03,21:35
surman,5,15,04:34,06:10,13:09,16:47,20:04,21:36
surman,5,16,04:33,06:09,13:09,16:47,20:05,21:37
surman,5,17,04:32,06:08,13:09,16:47,20:05,21:38
surman,5,18,04:31,06:08,13:09,16:47,20:06,21:39
surman,5,19,04:30,06:07,13:09,16:47,20:07,21:40
surman,5,20,04:29,06:07,13:09,16:47,20:08,21:41
surman,5,21,04:28,06:06,13:09,16:47,20:08,21:42
surman,5,22,04:27,06:05,13:09,16:47,20:09,21:43
surman,5,23,04:27,06:05,13:09,16:48,20:10,21:44
surman,5,24,04:26,06:04,13:09,16:48,20:10,21:45
surman,5,25,04:25,06:04,13:09,16:48,20:11,21:46
surman,5,26,04:24,06:04,13:10,16:48,20:12,21:47
surman,5,27,04:24,06:03,13:10,16:48,20:12,21:48
surman,5,28,04:23,06:03,13:10,16:48,20:13,21:49
surman,5,29,04:22,06:02,13:10,16:48,20:13,21:49
surman,5,30,04:22,06:02,13:10,16:48,20:14,21:50
surman,5,31,04:21,06:02,13:10,16:49,20:15,21:51
surman,6,1,04:21,06:01,13:10,16:49,20:15,21:52
surman,6,2,04:20,06:01,13:10,16:49,20:16,21:53
surman,6,3,04:20,06:01,13:11,16:49,20:16,21:53
surman,6,4,04:19,06:01,13:11,16:49,20:17,21:54
surman,6,5,04:19,06:01,13:11,16:49,20:17,21:55
surman,6,6,04:19,06:00,13:11,16:49,20:18,21:56
surman,6,7,04:18,06:00,13:11,16:50,20:18,21:56
surman,6,8,04:18,06:00,13:12,16:50,20:19,21:57
surman,6,9,04:18,06:00,13:12,16:50,20:19,21:57
surman,6,10,04:18,06:00,13:12,16:50,20:20,21:58
surman,6,11,04:18,06:00,13:12,16:50,20:20,21:59
surman,6,12,04:17,06:00,13:12,16:51,20:21,21:59
surman,6,13,04:17,06:00,13:12,16:51,20:21,22:00
surman,6,14,04:17,06:00,13:13,16:51,20:21,22:00
surman,6,15,04:17,06:00,13:13,16:51,20:22,22:01
surman,6,16,04:17,06:00,13:13,16:51,20:22,22:01
surman,6,17,04:17,06:00,13:13,16:51,20:22,22:01
surman,6,18,04:17,06:00,13:13,16:52,20:23,22:02
surman,6,19,04:17,06:00,13:14,16:52,20:23,22:02
surman,6,20,04:18,06:01,13:14,16:52,20:23,22:02
surman,6,21,04:18,06:01,13:14,16:52,20:23,22:02
surman,6,22,04:18,06:01,13:14,16:52,20:24,22:03
surman,6,23,04:18,06:01,13:14,16:53,20:24,22:03
surman,6,24,04:19,06:02,13:15,16:53,20:24,22:03
surman,6,25,04:19,06:02,13:15,16:53,20:24,22:03
surman,6,26,04:19,06:02,13:15,16:53,20:24,22:03
surman,6,27,04:20,06:02,13:15,16:54,20:24,22:03
surman,6,28,04:20,06:03,13:15,16:54,20:24,22:03
surman,6,29,04:20,06:03,13:16,16:54,20:24,22:03
surman,6,30,04:21,06:03,13:16,16:54,20:24,22:03
surman,7,1,04:21,06:04,13:16,16:54,20:24,22:03
surman,7,2,04:22,06:04,13:16,16:54,20:24,22:03
surman,7,3,04:23,06:05,13:16,16:55,20:24,22:02
surman,7,4,04:23,06:05,13:17,16:55,20:24,22:02
surman,7,5,04:24,06:06,13:17,16:55,20:24,22:02
surman,7,6,04:24,06:06,13:17,16:55,20:24,22:01
surman,7,7,04:25,06:07,13:17,16:55,20:24,22:01
surman,7,8,04:26,06:07,13:17,16:56,20:23,22:01
surman,7,9,04:26,06:08,13:17,16:56,20:23,22:00
surman,7,10,04:27,06:08,13:18,16:56,20:23,22:00
surman,7,11,04:28,06:09,13:18,16:56,20:23,21:59
surman,7,12,04:29,06:09,13:18,16:56,20:22,21:59
surman,7,13,04:30,06:10,13:18,16:56,20:22,21:58
surman,7,14,04:30,06:10,13:18,16:56,20:22,21:58
surman,7,15,04:31,06:11,13:18,16:56,20:21,21:57
surman,7,16,04:32,06:12,13:18,16:57,20:21,21:56
surman,7,17,04:33,06:12,13:18,16:57,20:20,21:56
surman,7,18,04:34,06:13,13:18,16:57,20:20,21:55
surman,7,19,04:35,06:13,13:18,16:57,20:20,21:54
surman,7,20,04:36,06:14,13:19,16:57,20:19,21:54
surman,7,21,04:37,06:15,13:19,16:57,20:19,21:53
surman,7,22,04:37,06:15,13:19,16:57,20:18,21:52
surman,7,23,04:38,06:16,13:19,16:57,20:17,21:51
surman,7,24,04:39,06:17,13:19,16:57,20:17,21:50
surman,7,25,04:40,06:17,13:19,16:57,20:16,21:49
surman,7,26,04:41,06:18,13:19,16:57,20:16,21:48
surman,7,27,04:42,06:19,13:19,16:57,20:15,21:47
surman,7,28,04:43,06:19,13:19,16:57,20:14,21:46
surman,7,29,04:44,06:20,13:19,16:57,20:13,21:45
surman,7,30,04:45,06:21,13:19,16:57,20:13,21:44
surman,7,31,04:46,06:21,13:19,16:57,20:12,21:43
surman,8,1,04:47,06:22,13:19,16:57,20:11,21:42
surman,8,2,04:48,06:23,13:19,16:56,20:10,21:41
surman,8,3,04:49,06:24,13:19,16:56,20:10,21:40
surman,8,4,04:50,06:24,13:19,16:56,20:09,21:39
surman,8,5,04:51,06:25,13:18,16:56,20:08,21:38
surman,8,6,04:52,06:26,13:18,16:56,20:07,21:36
surman,8,7,04:53,06:26,13:18,16:56,20:06,21:35
surman,8,8,04:54,06:27,13:18,16:55,20:05,21:34
surman,8,9,04:55,06:28,13:18,16:55,20:04,21:33
surman,8,10,04:56,06:28,13:18,16:55,20:03,21:32
surman,8,11,04:57,06:29,13:18,16:55,20:02,21:30
surman,8,12,04:58,06:30,13:18,16:54,20:01,21:29
surman,8,13,04:59,06:31,13:17,16:54,20:00,21:28
surman,8,14,05:00,06:31,13:17,16:54,19:59,21:26
surman,8,15,05:01,06:32,13:17,16:53,19:58,21:25
surman,8,16,05:02,06:33,13:17,16:53,19:57,21:24
surman,8,17,05:03,06:33,13:17,16:53,19:56,21:22
surman,8,18,05:04,06:34,13:16,16:52,19:55,21:21
surman,8,19,05:05,06:35,13:16,16:52,19:54,21:20
surman,8,20,05:06,06:35,13:16,16:51,19:53,21:18
surman,8,21,05:07,06:36,13:16,16:51,19:52,21:17
surman,8,22,05:08,06:37,13:16,16:50,19:50,21:15
surman,8,23,05:09,06:37,13:15,16:50,19:49,21:14
surman,8,24,05:10,06:38,13:15,16:50,19:48,21:13
surman,8,25,05:10,06:39,13:15,16:49,19:47,21:11
surman,8,26,05:11,06:39,13:15,16:48,19:46,21:10
surman,8,27,05:12,06:40,13:14,16:48,19:44,21:08
surman,8,28,05:13,06:41,13:14,16:47,19:43,21:07
surman,8,29,05:14,06:41,13:14,16:47,19:42,21:05
surman,8,30,05:15,06:42,13:13,16:46,19:41,21:04
surman,8,31,05:16,06:43,13:13,16:46,19:39,21:02
surman,9,1,05:17,06:43,13:13,16:45,19:38,21:01
surman,9,2,05:17,06:44,13:12,16:44,19:37,20:59
surman,9,3,05:18,06:45,13:12,16:44,19:36,20:58
surman,9,4,05:19,06:45,13:12,16:43,19:34,20:57
surman,9,5,05:20,06:46,13:11,16:42,19:33,20:55
surman,9,6,05:21,06:46,13:11,16:42,19:32,20:54
surman,9,7,05:21,06:47,13:11,16:41,19:30,20:52
surman,9,8,05:22,06:48,13:10,16:40,19:29,20:51
surman,9,9,05:23,06:48,13:10,16:39,19:28,20:49
surman,9,10,05:24,06:49,13:10,16:39,19:26,20:48
surman,9,11,05:25,06:50,13:09,16:38,19:25,20:46
surman,9,12,05:25,06:50,13:09,16:37,19:24,20:45
surman,9,13,05:26,06:51,13:09,16:36,19:22,20:43
surman,9,14,05:27,06:51,13:08,16:36,19:21,20:42
surman,9,15,05:28,06:52,13:08,16:35,19:20,20:40
surman,9,16,05:28,06:53,13:07,16:34,19:18,20:39
surman,9,17,05:29,06:53,13:07,16:33,19:17,20:37
surman,9,18,05:30,06:54,13:07,16:32,19:15,20:36
surman,9,19,05:31,06:55,13:06,16:31,19:14,20:34
surman,9,20,05:31,06:55,13:06,16:31,19:13,20:33
surman,9,21,05:32,06:56,13:06,16:30,19:11,20:31
surman,9,22,05:33,06:57,13:05,16:29,19:10,20:30
surman,9,23,05:33,06:57,13:05,16:28,19:09,20:28
surman,9,24,05:34,06:58,13:05,16:27,19:07,20:27
surman,9,25,05:35,06:58,13:04,16:26,19:06,20:26
surman,9,26,05:35,06:59,13:04,16:25,19:05,20:24
surman,9,27,05:36,07:00,13:03,16:25,19:03,20:23
surman,9,28,05:37,07:00,13:03,16:24,19:02,20:21
surman,9,29,05:38,07:01,13:03,16:23,19:00,20:20
surman,9,30,05:38,07:02,13:02,16:22,18:59,20:19
surman,10,1,05:39,07:02,13:02,16:21,18:58,20:17
surman,10,2,05:40,07:03,13:02,16:20,18:56,20:16
surman,10,3,05:40,07:04,13:01,16:19,18:55,20:15
surman,10,4,05:41,07:04,13:01,16:18,18:54,20:13
surman,10,5,05:42,07:05,13:01,16:17,18:52,20:12
surman,10,6,05:42,07:06,13:00,16:16,18:51,20:11
surman,10,7,05:43,07:06,13:00,16:15,18:50,20:09
surman,10,8,05:44,07:07,13:00,16:15,18:49,20:08
surman,10,9,05:44,07:08,13:00,16:14,18:47,20:07
surman,10,10,05:45,07:09,12:59,16:13,18:46,20:06
surman,10,11,05:46,07:09,12:59,16:12,18:45,20:04
surman,10,12,05:46,07:10,12:59,16:11,18:44,20:03
surman,10,13,05:47,07:11,12:59,16:10,18:42,20:02
surman,10,14,05:48,07:11,12:58,16:09,18:41,20:01
surman,10,15,05:49,07:12,12:58,16:08,18:40,20:00
surman,10,16,05:49,07:13,12:58,16:07,18:39,19:58
surman,10,17,05:50,07:14,12:58,16:07,18:38,19:57
surman,10,18,05:51,07:14,12:57,16:06,18:36,19:56
surman,10,19,05:51,07:15,12:57,16:05,18:35,19:55
surman,10,20,05:52,07:16,12:57,16:04,18:34,19:54
surman,10,21,05:53,07:17,12:57,16:03,18:33,19:53
surman,10,22,05:53,07:18,12:57,16:02,18:32,19:52
surman,10,23,05:54,07:18,12:57,16:02,18:31,19:51
surman,10,24,05:55,07:19,12:56,16:01,18:30,19:50
surman,10,25,05:56,07:20,12:56,16:00,18:29,19:49
surman,10,26,05:56,07:21,12:56,15:59,18:28,19:48
surman,10,27,05:57,07:22,12:56,15:59,18:27,19:47
surman,10,28,05:58,07:23,12:56,15:58,18:26,19:46
surman,10,29,05:59,07:23,12:56,15:57,18:25,19:46
surman,10,30,05:59,07:24,12:56,15:56,18:24,19:45
surman,10,31,06:00,07:25,12:56,15:56,18:23,19:44
surman,11,1,06:01,07:26,12:56,15:55,18:22,19:43
surman,11,2,06:02,07:27,12:56,15:54,18:21,19:42
surman,11,3,06:02,07:28,12:56,15:54,18:20,19:42
surman,11,4,06:03,07:29,12:56,15:53,18:19,19:41
surman,11,5,06:04,07:29,12:56,15:52,18:19,19:40
surman,11,6,06:05,07:30,12:56,15:52,18:18,19:40
surman,11,7,06:05,07:31,12:56,15:51,18:17,19:39
surman,11,8,06:06,07:32,12:56,15:51,18:16,19:38
surman,11,9,06:07,07:33,12:56,15:50,18:16,19:38
surman,11,10,06:08,07:34,12:56,15:50,18:15,19:37
surman,11,11,06:08,07:35,12:57,15:49,18:14,19:37
surman,11,12,06:09,07:36,12:57,15:49,18:14,19:36
surman,11,13,06:10,07:37,12:57,15:48,18:13,19:36
surman,11,14,06:11,07:38,12:57,15:48,18:12,19:35
surman,11,15,06:12,07:39,12:57,15:47,18:12,19:35
surman,11,16,06:12,07:40,12:57,15:47,18:11,19:34
surman,11,17,06:13,07:40,12:58,15:46,18:11,19:34
surman,11,18,06:14,07:41,12:58,15:46,18:10,19:34
surman,11,19,06:15,07:42,12:58,15:46,18:10,19:33
surman,11,20,06:16,07:43,12:58,15:45,18:09,19:33
surman,11,21,06:16,07:44,12:59,15:45,18:09,19:33
surman,11,22,06:17,07:45,12:59,15:45,18:09,19:32
surman,11,23,06:18,07:46,12:59,15:45,18:08,19:32
surman,11,24,06:19,07:47,12:59,15:44,18:08,19:32
surman,11,25,06:19,07:48,13:00,15:44,18:08,19:32
surman,11,26,06:20,07:49,13:00,15:44,18:07,19:32
surman,11,27,06:21,07:49,13:00,15:44,18:07,19:32
surman,11,28,06:22,07:50,13:01,15:44,18:07,19:32
surman,11,29,06:22,07:51,13:01,15:44,18:07,19:32
surman,11,30,06:23,07:52,13:01,15:44,18:07,19:31
surman,12,1,06:24,07:53,13:02,15:44,18:06,19:31
surman,12,2,06:25,07:54,13:02,15:44,18:06,19:32
surman,12,3,06:25,07:55,13:02,15:44,18:06,19:32
surman,12,4,06:26,07:55,13:03,15:44,18:06,19:32
surman,12,5,06:27,07:56,13:03,15:44,18:06,19:32
surman,12,6,06:28,07:57,13:04,15:44,18:06,19:32
surman,12,7,06:28,07:58,13:04,15:44,18:06,19:32
surman,12,8,06:29,07:59,13:05,15:44,18:07,19:32
surman,12,9,06:30,07:59,13:05,15:44,18:07,19:32
surman,12,10,06:30,08:00,13:05,15:45,18:07,19:33
surman,12,11,06:31,08:01,13:06,15:45,18:07,19:33
surman,12,12,06:32,08:01,13:06,15:45,18:07,19:33
surman,12,13,06:32,08:02,13:07,15:45,18:07,19:33
surman,12,14,06:33,08:03,13:07,15:46,18:08,19:34
surman,12,15,06:33,08:03,13:08,15:46,18:08,19:34
surman,12,16,06:34,08:04,13:08,15:46,18:08,19:34
surman,12,17,06:35,08:05,13:09,15:47,18:09,19:35
surman,12,18,06:35,08:05,13:09,15:47,18:09,19:35
surman,12,19,06:36,08:06,13:10,15:47,18:09,19:36
surman,12,20,06:36,08:06,13:10,15:48,18:10,19:36
surman,12,21,06:37,08:07,13:11,15:48,18:10,19:37
surman,12,22,06:37,08:07,13:11,15:49,18:11,19:37
surman,12,23,06:38,08:08,13:12,15:49,18:11,19:38
surman,12,24,06:38,08:08,13:12,15:50,18:12,19:38
surman,12,25,06:38,08:09,13:13,15:50,18:12,19:39
surman,12,26,06:39,08:09,13:13,15:51,18:13,19:39
surman,12,27,06:39,08:09,13:14,15:52,18:14,19:40
surman,12,28,06:40,08:10,13:14,15:52,18:14,19:40
surman,12,29,06:40,08:10,13:14,15:53,18:15,19:41
surman,12,30,06:40,08:10,13:15,15:53,18:16,19:42
surman,12,31,06:41,08:11,13:15,15:54,18:16,19:42
tripoli,1,1,06:39,08:09,13:14,15:52,18:15,19:41
tripoli,1,2,06:39,08:09,13:14,15:53,18:15,19:41
tripoli,1,3,06:40,08:10,13:15,15:54,18:16,19:42
tripoli,1,4,06:40,08:10,13:15,15:55,18:17,19:43
tripoli,1,5,06:40,08:10,13:16,15:55,18:18,19:43
tripoli,1,6,06:40,08:10,13:16,15:56,18:19,19:44
tripoli,1,7,06:40,08:10,13:17,15:57,18:19,19:45
tripoli,1,8,06:40,08:10,13:17,15:58,18:20,19:46
tripoli,1,9,06:41,08:10,13:17,15:58,18:21,19:46
tripoli,1,10,06:41,08:10,13:18,15:59,18:22,19:47
tripoli,1,11,06:41,08:10,13:18,16:00,18:23,19:48
tripoli,1,12,06:41,08:10,13:19,16:01,18:24,19:49
tripoli,1,13,06:41,08:10,13:19,16:02,18:25,19:49
tripoli,1,14,06:41,08:09,13:19,16:02,18:25,19:50
tripoli,1,15,06:41,08:09,13:20,16:03,18:26,19:51
tripoli,1,16,06:40,08:09,13:20,16:04,18:27,19:52
tripoli,1,17,06:40,08:09,13:20,16:05,18:28,19:53
tripoli,1,18,06:40,08:09,13:21,16:06,18:29,19:53
tripoli,1,19,06:40,08:08,13:21,16:07,18:30,19:54
tripoli,1,20,06:40,08:08,13:21,16:07,18:31,19:55
tripoli,1,21,06:40,08:08,13:22,16:08,18:32,19:56
tripoli,1,22,06:39,08:07,13:22,16:09,18:33,19:57
tripoli,1,23,06:39,08:07,13:22,16:10,18:34,19:58
tripoli,1,24,06:39,08:06,13:23,16:11,18:35,19:58
tripoli,1,25,06:38,08:06,13:23,16:12,18:36,19:59
tripoli,1,26,06:38,08:05,13:23,16:12,18:37,20:00
tripoli,1,27,06:38,08:05,13:23,16:13,18:38,20:01
tripoli,1,28,06:37,08:04,13:23,16:14,18:39,20:02
tripoli,1,29,06:37,08:04,13:24,16:15,18:40,20:02
tripoli,1,30,06:36,08:03,13:24,16:16,18:41,20:03
tripoli,1,31,06:36,08:02,13:24,16:16,18:42,20:04
tripoli,2,1,06:35,08:02,13:24,16:17,18:43,20:05
tripoli,2,2,06:35,08:01,13:24,16:18,18:44,20:06
tripoli,2,3,06:34,08:00,13:24,16:19,18:44,20:07
tripoli,2,4,06:34,08:00,13:25,16:20,18:45,20:07
tripoli,2,5,06:33,07:59,13:25,16:20,18:46,20:08
tripoli,2,6,06:32,07:58,13:25,16:21,18:47,20:09
tripoli,2,7,06:32,07:57,13:25,16:22,18:48,20:10
tripoli,2,8,06:31,07:57,13:25,16:23,18:49,20:11
tripoli,2,9,06:30,07:56,13:25,16:23,18:50,20:12
tripoli,2,10,06:30,07:55,13:25,16:24,18:51,20:12
tripoli,2,11,06:29,07:54,13:25,16:25,18:52,20:13
tripoli,2,12,06:28,07:53,13:25,16:25,18:53,20:14
tripoli,2,13,06:27,07:52,13:25,16:26,18:54,20:15
tripoli,2,14,06:26,07:51,13:25,16:27,18:55,20:16
tripoli,2,15,06:26,07:50,13:25,16:27,18:56,20:16
tripoli,2,16,06:25,07:49,13:25,16:28,18:57,20:17
tripoli,2,17,06:24,07:48,13:25,16:29,18:57,20:18
tripoli,2,18,06:23,07:47,13:25,16:29,18:58,20:19
tripoli,2,19,06:22,07:46,13:25,16:30,18:59,20:19
tripoli,2,20,06:21,07:45,13:25,16:30,19:00,20:20
tripoli,2,21,06:20,07:44,13:24,16:31,19:01,20:21
tripoli,2,22,06:19,07:43,13:24,16:32,19:02,20:22
tripoli,2,23,06:18,07:42,13:24,16:32,19:03,20:23
tripoli,2,24,06:17,07:41,13:24,16:33,19:03,20:23
tripoli,2,25,06:16,07:40,13:24,16:33,19:04,20:24
tripoli,2,26,06:15,07:38,13:24,16:34,19:05,20:25
tripoli,2,27,06:14,07:37,13:24,16:34,19:06,20:26
tripoli,2,28,06:12,07:36,13:23,16:35,19:07,20:26
tripoli,2,29,06:12,07:36,13:23,16:35,19:07,20:26
tripoli,3,1,06:11,07:35,13:23,16:35,19:08,20:27
tripoli,3,2,06:10,07:34,13:23,16:35,19:08,20:28
tripoli,3,3,06:09,07:32,13:23,16:36,19:09,20:29
tripoli,3,4,06:08,07:31,13:23,16:36,19:10,20:29
tripoli,3,5,06:06,07:30,13:22,16:37,19:11,20:30
tripoli,3,6,06:05,07:29,13:22,16:37,19:11,20:31
tripoli,3,7,06:04,07:27,13:22,16:37,19:12,20:32
tripoli,3,8,06:03,07:26,13:22,16:38,19:13,20:32
tripoli,3,9,06:01,07:25,13:21,16:38,19:14,20:33
tripoli,3,10,06:00,07:24,13:21,16:39,19:14,20:34
tripoli,3,11,05:59,07:22,13:21,16:39,19:15,20:35
tripoli,3,12,05:57,07:21,13:20,16:39,19:16,20:35
tripoli,3,13,05:56,07:20,13:20,16:39,19:17,20:36
tripoli,3,14,05:55,07:18,13:20,16:40,19:17,20:37
tripoli,3,15,05:53,07:17,13:20,16:40,19:18,20:38
tripoli,3,16,05:52,07:16,13:19,16:40,19:19,20:39
tripoli,3,17,05:51,07:14,13:19,16:40,19:20,20:39
tripoli,3,18,05:49,07:13,13:19,16:41,19:20,20:40
tripoli,3,19,05:48,07:12,13:18,16:41,19:21,20:41
tripoli,3,20,05:47,07:10,13:18,16:41,19:22,20:42
tripoli,3,21,05:45,07:09,13:18,16:41,19:22,20:42
tripoli,3,22,05:44,07:08,13:17,16:42,19:23,20:43
tripoli,3,23,05:42,07:06,13:17,16:42,19:24,20:44
tripoli,3,24,05:41,07:05,13:17,16:42,19:25,20:45
tripoli,3,25,05:39,07:04,13:16,16:42,19:25,20:46
tripoli,3,26,05:38,07:02,13:16,16:42,19:26,20:46
tripoli,3,27,05:37,07:01,13:16,16:42,19:27,20:47
tripoli,3,28,05:35,07:00,13:16,16:43,19:27,20:48
tripoli,3,29,05:34,06:58,13:15,16:43,19:28,20:49
tripoli,3,30,05:32,06:57,13:15,16:43,19:29,20:50
tripoli,3,31,05:31,06:56,13:15,16:43,19:29,20:50
tripoli,4,1,05:29,06:54,13:14,16:43,19:30,20:51
tripoli,4,2,05:28,06:53,13:14,16:43,19:31,20:52
tripoli,4,3,05:26,06:52,13:14,16:43,19:31,20:53
tripoli,4,4,05:25,06:50,13:13,16:43,19:32,20:54
tripoli,4,5,05:23,06:49,13:13,16:43,19:33,20:55
tripoli,4,6,05:22,06:48,13:13,16:43,19:34,20:56
tripoli,4,7,05:20,06:47,13:12,16:43,19:34,20:56
tripoli,4,8,05:19,06:45,13:12,16:44,19:35,20:57
tripoli,4,9,05:17,06:44,13:12,16:44,19:36,20:58
tripoli,4,10,05:16,06:43,13:12,16:44,19:36,20:59
tripoli,4,11,05:15,06:42,13:11,16:44,19:37,21:00
tripoli,4,12,05:13,06:40,13:11,16:44,19:38,21:01
tripoli,4,13,05:12,06:39,13:11,16:44,19:39,21:02
tripoli,4,14,05:10,06:38,13:11,16:44,19:39,21:03
tripoli,4,15,05:09,06:37,13:10,16:44,19:40,21:04
tripoli,4,16,05:07,06:35,13:10,16:44,19:41,21:05
tripoli,4,17,05:06,06:34,13:10,16:44,19:41,21:06
tripoli,4,18,05:04,06:33,13:10,16:44,19:42,21:07
tripoli,4,19,05:03,06:32,13:09,16:44,19:43,21:08
tripoli,4,20,05:02,06:31,13:09,16:44,19:44,21:09
tripoli,4,21,05:00,06:30,13:09,16:44,19:44,21:10
tripoli,4,22,04:59,06:28,13:09,16:44,19:45,21:11
tripoli,4,23,04:58,06:27,13:09,16:44,19:46,21:12
tripoli,4,24,04:56,06:26,13:08,16:44,19:47,21:13
tripoli,4,25,04:55,06:25,13:08,16:44,19:47,21:14
tripoli,4,26,04:53,06:24,13:08,16:44,19:48,21:15
tripoli,4,27,04:52,06:23,13:08,16:44,19:49,21:16
tripoli,4,28,04:51,06:22,13:08,16:44,19:50,21:17
tripoli,4,29,04:50,06:21,13:08,16:44,19:50,21:18
tripoli,4,30,04:48,06:20,13:07,16:44,19:51,21:19
tripoli,5,1,04:47,06:19,13:07,16:44,19:52,21:20
tripoli,5,2,04:46,06:18,13:07,16:44,19:53,21:21
tripoli,5,3,04:44,06:17,13:07,16:44,19:53,21:22
tripoli,5,4,04:43,06:16,13:07,16:44,19:54,21:23
tripoli,5,5,04:42,06:15,13:07,16:45,19:55,21:24
tripoli,5,6,04:41,06:14,13:07,16:45,19:56,21:25
tripoli,5,7,04:40,06:13,13:07,16:45,19:56,21:26
tripoli,5,8,04:39,06:13,13:07,16:45,19:57,21:27
tripoli,5,9,04:37,06:12,13:07,16:45,19:58,21:28
tripoli,5,10,04:36,06:11,13:07,16:45,19:59,21:29
tripoli,5,11,04:35,06:10,13:07,16:45,19:59,21:30
tripoli,5,12,04:34,06:09,13:07,16:45,20:00,21:31
tripoli,5,13,04:33,06:09,13:07,16:45,20:01,21:32
tripoli,5,14,04:32,06:08,13:07,16:45,20:01,21:33
tripoli,5,15,04:31,06:07,13:07,16:45,20:02,21:34
tripoli,5,16,04:30,06:07,13:07,16:45,20:03,21:36
tripoli,5,17,04:29,06:06,13:07,16:45,20:04,21:37
tripoli,5,18,04:28,06:05,13:07,16:45,20:04,21:38
tripoli,5,19,04:27,06:05,13:07,16:45,20:05,21:39
tripoli,5,20,04:26,06:04,13:07,16:45,20:06,21:40
tripoli,5,21,04:26,06:04,13:07,16:46,20:06,21:41
tripoli,5,22,04:25,06:03,13:07,16:46,20:07,21:42
tripoli,5,23,04:24,06:03,13:07,16:46,20:08,21:42
tripoli,5,24,04:23,06:02,13:07,16:46,20:09,21:43
tripoli,5,25,04:22,06:02,13:07,16:46,20:09,21:44
tripoli,5,26,04:22,06:01,13:07,16:46,20:10,21:45
tripoli,5,27,04:21,06:01,13:08,16:46,20:10,21:46
tripoli,5,28,04:20,06:00,13:08,16:46,20:11,21:47
tripoli,5,29,04:20,06:00,13:08,16:47,20:12,21:48
tripoli,5,30,04:19,06:00,13:08,16:47,20:12,21:49
tripoli,5,31,04:19,05:59,13:08,16:47,20:13,21:50
tripoli,6,1,04:18,05:59,13:08,16:47,20:14,21:50
tripoli,6,2,04:18,05:59,13:08,16:47,20:14,21:51
tripoli,6,3,04:17,05:59,13:09,16:47,20:15,21:52
tripoli,6,4,04:17,05:58,13:09,16:47,20:15,21:53
tripoli,6,5,04:16,05:58,13:09,16:48,20:16,21:53
tripoli,6,6,04:16,05:58,13:09,16:48,20:16,21:54
tripoli,6,7,04:16,05:58,13:09,16:48,20:17,21:55
tripoli,6,8,04:15,05:58,13:09,16:48,20:17,21:56
tripoli,6,9,04:15,05:58,13:10,16:48,20:18,21:56
tripoli,6,10,04:15,05:58,13:10,16:48,20:18,21:57
tripoli,6,11,04:15,05:57,13:10,16:49,20:19,21:57
tripoli,6,12,04:15,05:57,13:10,16:49,20:19,21:58
tripoli,6,13,04:15,05:57,13:10,16:49,20:19,21:58
tripoli,6,14,04:14,05:57,13:11,16:49,20:20,21:59
tripoli,6,15,04:14,05:58,13:11,16:49,20:20,21:59
tripoli,6,16,04:14,05:58,13:11,16:50,20:20,22:00
tripoli,6,17,04:14,05:58,13:11,16:50,20:21,22:00
tripoli,6,18,04:15,05:58,13:11,16:50,20:21,22:00
tripoli,6,19,04:15,05:58,13:12,16:50,20:21,22:01
tripoli,6,20,04:15,05:58,13:12,16:50,20:21,22:01
tripoli,6,21,04:15,05:58,13:12,16:51,20:22,22:01
tripoli,6,22,04:15,05:59,13:12,16:51,20:22,22:01
tripoli,6,23,04:15,05:59,13:12,16:51,20:22,22:01
tripoli,6,24,04:16,05:59,13:13,16:51,20:22,22:02
tripoli,6,25,04:16,05:59,13:13,16:51,20:22,22:02
tripoli,6,26,04:16,06:00,13:13,16:52,20:22,22:02
tripoli,6,27,04:17,06:00,13:13,16:52,20:22,22:02
tripoli,6,28,04:17,06:00,13:13,16:52,20:23,22:02
tripoli,6,29,04:18,06:01,13:14,16:52,20:23,22:02
tripoli,6,30,04:18,06:01,13:14,16:52,20:23,22:01
tripoli,7,1,04:19,06:01,13:14,16:53,20:23,22:01
tripoli,7,2,04:19,06:02,13:14,16:53,20:23,22:01
tripoli,7,3,04:20,06:02,13:14,16:53,20:22,22:01
tripoli,7,4,04:20,06:03,13:15,16:53,20:22,22:01
tripoli,7,5,04:21,06:03,13:15,16:53,20:22,22:00
tripoli,7,6,04:22,06:04,13:15,16:53,20:22,22:00
tripoli,7,7,04:22,06:04,13:15,16:54,20:22,22:00
tripoli,7,8,04:23,06:05,13:15,16:54,20:22,21:59
tripoli,7,9,04:24,06:05,13:15,16:54,20:21,21:59
tripoli,7,10,04:24,06:06,13:15,16:54,20:21,21:58
tripoli,7,11,04:25,06:06,13:16,16:54,20:21,21:58
tripoli,7,12,04:26,06:07,13:16,16:54,20:21,21:57
tripoli,7,13,04:27,06:07,13:16,16:55,20:20,21:57
tripoli,7,14,04:28,06:08,13:16,16:55,20:20,21:56
tripoli,7,15,04:28,06:09,13:16,16:55,20:20,21:56
tripoli,7,16,04:29,06:09,13:16,16:55,20:19,21:55
tripoli,7,17,04:30,06:10,13:16,16:55,20:19,21:54
tripoli,7,18,04:31,06:10,13:16,16:55,20:18,21:54
tripoli,7,19,04:32,06:11,13:16,16:55,20:18,21:53
tripoli,7,20,04:33,06:12,13:16,16:55,20:17,21:52
tripoli,7,21,04:34,06:12,13:17,16:55,20:17,21:51
tripoli,7,22,04:35,06:13,13:17,16:55,20:16,21:50
tripoli,7,23,04:36,06:14,13:17,16:55,20:16,21:50
tripoli,7,24,04:37,06:14,13:17,16:55,20:15,21:49
tripoli,7,25,04:38,06:15,13:17,16:55,20:14,21:48
tripoli,7,26,04:39,06:16,13:17,16:55,20:14,21:47
tripoli,7,27,04:40,06:16,13:17,16:55,20:13,21:46
tripoli,7,28,04:41,06:17,13:17,16:55,20:12,21:45
tripoli,7,29,04:42,06:18,13:17,16:55,20:12,21:44
tripoli,7,30,04:43,06:18,13:17,16:55,20:11,21:43
tripoli,7,31,04:44,06:19,13:17,16:55,20:10,21:42
tripoli,8,1,04:45,06:20,13:17,16:55,20:09,21:41
tripoli,8,2,04:46,06:20,13:17,16:55,20:09,21:40
tripoli,8,3,04:47,06:21,13:17,16:54,20:08,21:38
tripoli,8,4,04:48,06:22,13:16,16:54,20:07,21:37
tripoli,8,5,04:49,06:23,13:16,16:54,20:06,21:36
tripoli,8,6,04:50,06:23,13:16,16:54,20:05,21:35
tripoli,8,7,04:51,06:24,13:16,16:54,20:04,21:34
tripoli,8,8,04:52,06:25,13:16,16:54,20:03,21:32
tripoli,8,9,04:53,06:25,13:16,16:53,20:02,21:31
tripoli,8,10,04:54,06:26,13:16,16:53,20:01,21:30
tripoli,8,11,04:55,06:27,13:16,16:53,20:01,21:29
tripoli,8,12,04:56,06:28,13:16,16:52,20:00,21:27
tripoli,8,13,04:57,06:28,13:15,16:52,19:58,21:26
tripoli,8,14,04:58,06:29,13:15,16:52,19:57,21:25
tripoli,8,15,04:59,06:30,13:15,16:51,19:56,21:23
tripoli,8,16,05:00,06:30,13:15,16:51,19:55,21:22
tripoli,8,17,05:01,06:31,13:15,16:51,19:54,21:21
tripoli,8,18,05:01,06:32,13:14,16:50,19:53,21:19
tripoli,8,19,05:02,06:32,13:14,16:50,19:52,21:18
tripoli,8,20,05:03,06:33,13:14,16:49,19:51,21:17
tripoli,8,21,05:04,06:34,13:14,16:49,19:50,21:15
tripoli,8,22,05:05,06:34,13:14,16:49,19:49,21:14
tripoli,8,23,05:06,06:35,13:13,16:48,19:47,21:12
tripoli,8,24,05:07,06:36,13:13,16:48,19:46,21:11
tripoli,8,25,05:08,06:36,13:13,16:47,19:45,21:09
tripoli,8,26,05:09,06:37,13:12,16:47,19:44,21:08
tripoli,8,27,05:10,06:38,13:12,16:46,19:43,21:07
tripoli,8,28,05:11,06:38,13:12,16:45,19:41,21:05
tripoli,8,29,05:12,06:39,13:12,16:45,19:40,21:04
tripoli,8,30,05:12,06:40,13:11,16:44,19:39,21:02
tripoli,8,31,05:13,06:40,13:11,16:44,19:38,21:01
tripoli,9,1,05:14,06:41,13:11,16:43,19:36,20:59
tripoli,9,2,05:15,06:42,13:10,16:42,19:35,20:58
tripoli,9,3,05:16,06:42,13:10,16:42,19:34,20:56
tripoli,9,4,05:17,06:43,13:10,16:41,19:32,20:55
tripoli,9,5,05:17,06:44,13:09,16:40,19:31,20:53
tripoli,9,6,05:18,06:44,13:09,16:40,19:30,20:52
tripoli,9,7,05:19,06:45,13:09,16:39,19:28,20:50
tripoli,9,8,05:20,06:46,13:08,16:38,19:27,20:49
tripoli,9,9,05:21,06:46,13:08,16:37,19:26,20:47
tripoli,9,10,05:21,06:47,13:08,16:37,19:24,20:46
tripoli,9,11,05:22,06:47,13:07,16:36,19:23,20:44
tripoli,9,12,05:23,06:48,13:07,16:35,19:22,20:43
tripoli,9,13,05:24,06:49,13:07,16:34,19:20,20:41
tripoli,9,14,05:25,06:49,13:06,16:34,19:19,20:40
tripoli,9,15,05:25,06:50,13:06,16:33,19:18,20:38
tripoli,9,16,05:26,06:51,13:05,16:32,19:16,20:37
tripoli,9,17,05:27,06:51,13:05,16:31,19:15,20:35
tripoli,9,18,05:28,06:52,13:05,16:30,19:13,20:34
tripoli,9,19,05:28,06:53,13:04,16:29,19:12,20:32
tripoli,9,20,05:29,06:53,13:04,16:29,19:11,20:31
tripoli,9,21,05:30,06:54,13:04,16:28,19:09,20:29
tripoli,9,22,05:30,06:54,13:03,16:27,19:08,20:28
tripoli,9,23,05:31,06:55,13:03,16:26,19:07,20:26
tripoli,9,24,05:32,06:56,13:02,16:25,19:05,20:25
tripoli,9,25,05:33,06:56,13:02,16:24,19:04,20:24
tripoli,9,26,05:33,06:57,13:02,16:23,19:02,20:22
tripoli,9,27,05:34,06:58,13:01,16:22,19:01,20:21
tripoli,9,28,05:35,06:58,13:01,16:22,19:00,20:19
tripoli,9,29,05:35,06:59,13:01,16:21,18:58,20:18
tripoli,9,30,05:36,07:00,13:00,16:20,18:57,20:17
tripoli,10,1,05:37,07:00,13:00,16:19,18:56,20:15
tripoli,10,2,05:37,07:01,13:00,16:18,18:54,20:14
tripoli,10,3,05:38,07:02,12:59,16:17,18:53,20:13
tripoli,10,4,05:39,07:02,12:59,16:16,18:52,20:11
tripoli,10,5,05:40,07:03,12:59,16:15,18:50,20:10
tripoli,10,6,05:40,07:04,12:58,16:14,18:49,20:09
tripoli,10,7,05:41,07:04,12:58,16:13,18:48,20:07
tripoli,10,8,05:42,07:05,12:58,16:12,18:46,20:06
tripoli,10,9,05:42,07:06,12:58,16:12,18:45,20:05
tripoli,10,10,05:43,07:07,12:57,16:11,18:44,20:03
tripoli,10,11,05:44,07:07,12:57,16:10,18:43,20:02
tripoli,10,12,05:44,07:08,12:57,16:09,18:41,20:01
tripoli,10,13,05:45,07:09,12:56,16:08,18:40,20:00
tripoli,10,14,05:46,07:09,12:56,16:07,18:39,19:59
tripoli,10,15,05:46,07:10,12:56,16:06,18:38,19:58
tripoli,10,16,05:47,07:11,12:56,16:05,18:37,19:56
tripoli,10,17,05:48,07:12,12:56,16:04,18:35,19:55
tripoli,10,18,05:49,07:13,12:55,16:04,18:34,19:54
tripoli,10,19,05:49,07:13,12:55,16:03,18:33,19:53
tripoli,10,20,05:50,07:14,12:55,16:02,18:32,19:52
tripoli,10,21,05:51,07:15,12:55,16:01,18:31,19:51
tripoli,10,22,05:51,07:16,12:55,16:00,18:30,19:50
tripoli,10,23,05:52,07:17,12:55,15:59,18:29,19:49
tripoli,10,24,05:53,07:17,12:54,15:59,18:28,19:48
tripoli,10,25,05:54,07:18,12:54,15:58,18:26,19:47
tripoli,10,26,05:54,07:19,12:54,15:57,18:25,19:46
tripoli,10,27,05:55,07:20,12:54,15:56,18:24,19:45
tripoli,10,28,05:56,07:21,12:54,15:56,18:23,19:44
tripoli,10,29,05:57,07:22,12:54,15:55,18:22,19:43
tripoli,10,30,05:57,07:22,12:54,15:54,18:22,19:43
tripoli,10,31,05:58,07:23,12:54,15:53,18:21,19:42
tripoli,11,1,05:59,07:24,12:54,15:53,18:20,19:41
tripoli,11,2,06:00,07:25,12:54,15:52,18:19,19:40
tripoli,11,3,06:00,07:26,12:54,15:51,18:18,19:39
tripoli,11,4,06:01,07:27,12:54,15:51,18:17,19:39
tripoli,11,5,06:02,07:28,12:54,15:50,18:16,19:38
tripoli,11,6,06:03,07:29,12:54,15:49,18:15,19:37
tripoli,11,7,06:03,07:29,12:54,15:49,18:15,19:37
tripoli,11,8,06:04,07:30,12:54,15:48,18:14,19:36
tripoli,11,9,06:05,07:31,12:54,15:48,18:13,19:35
tripoli,11,10,06:06,07:32,12:54,15:47,18:13,19:35
tripoli,11,11,06:07,07:33,12:54,15:47,18:12,19:34
tripoli,11,12,06:07,07:34,12:55,15:46,18:11,19:34
tripoli,11,13,06:08,07:35,12:55,15:46,18:11,19:33
tripoli,11,14,06:09,07:36,12:55,15:45,18:10,19:33
tripoli,11,15,06:10,07:37,12:55,15:45,18:09,19:32
tripoli,11,16,06:10,07:38,12:55,15:44,18:09,19:32
tripoli,11,17,06:11,07:39,12:55,15:44,18:08,19:32
tripoli,11,18,06:12,07:40,12:56,15:44,18:08,19:31
tripoli,11,19,06:13,07:40,12:56,15:43,18:07,19:31
tripoli,11,20,06:14,07:41,12:56,15:43,18:07,19:31
tripoli,11,21,06:14,07:42,12:56,15:43,18:07,19:30
tripoli,11,22,06:15,07:43,12:57,15:43,18:06,19:30
tripoli,11,23,06:16,07:44,12:57,15:42,18:06,19:30
tripoli,11,24,06:17,07:45,12:57,15:42,18:05,19:30
tripoli,11,25,06:18,07:46,12:58,15:42,18:05,19:30
tripoli,11,26,06:18,07:47,12:58,15:42,18:05,19:30
tripoli,11,27,06:19,07:48,12:58,15:42,18:05,19:29
tripoli,11,28,06:20,07:49,12:59,15:41,18:04,19:29
tripoli,11,29,06:21,07:50,12:59,15:41,18:04,19:29
tripoli,11,30,06:21,07:50,12:59,15:41,18:04,19:29
tripoli,12,1,06:22,07:51,13:00,15:41,18:04,19:29
tripoli,12,2,06:23,07:52,13:00,15:41,18:04,19:29
tripoli,12,3,06:24,07:53,13:00,15:41,18:04,19:29
tripoli,12,4,06:24,07:54,13:01,15:41,18:04,19:29
tripoli,12,5,06:25,07:55,13:01,15:41,18:04,19:29
tripoli,12,6,06:26,07:55,13:02,15:41,18:04,19:30
tripoli,12,7,06:26,07:56,13:02,15:42,18:04,19:30
tripoli,12,8,06:27,07:57,13:02,15:42,18:04,19:30
tripoli,12,9,06:28,07:58,13:03,15:42,18:04,19:30
tripoli,12,10,06:28,07:58,13:03,15:42,18:04,19:30
tripoli,12,11,06:29,07:59,13:04,15:42,18:05,19:31
tripoli,12,12,06:30,08:00,13:04,15:43,18:05,19:31
tripoli,12,13,06:30,08:00,13:05,15:43,18:05,19:31
tripoli,12,14,06:31,08:01,13:05,15:43,18:05,19:31
tripoli,12,15,06:32,08:02,13:06,15:43,18:06,19:32
tripoli,12,16,06:32,08:02,13:06,15:44,18:06,19:32
tripoli,12,17,06:33,08:03,13:07,15:44,18:06,19:33
tripoli,12,18,06:33,08:04,13:07,15:45,18:07,19:33
tripoli,12,19,06:34,08:04,13:08,15:45,18:07,19:33
tripoli,12,20,06:34,08:05,13:08,15:45,18:07,19:34
tripoli,12,21,06:35,08:05,13:09,15:46,18:08,19:34
tripoli,12,22,06:35,08:06,13:09,15:46,18:08,19:35
tripoli,12,23,06:36,08:06,13:10,15:47,18:09,19:35
tripoli,12,24,06:36,08:07,13:10,15:47,18:09,19:36
tripoli,12,25,06:37,08:07,13:10,15:48,18:10,19:36
tripoli,12,26,06:37,08:07,13:11,15:49,18:11,19:37
tripoli,12,27,06:37,08:08,13:11,15:49,18:11,19:37
tripoli,12,28,06:38,08:08,13:12,15:50,18:12,19:38
tripoli,12,29,06:38,08:08,13:12,15:50,18:12,19:39
tripoli,12,30,06:38,08:09,13:13,15:51,18:13,19:39
tripoli,12,31,06:39,08:09,13:13,15:52,18:14,19:40
ubari,1,1,06:33,07:57,13:16,16:08,18:31,19:51
ubari,1,2,06:33,07:57,13:16,16:08,18:32,19:52
ubari,1,3,06:33,07:57,13:17,16:09,18:32,19:53
ubari,1,4,06:34,07:58,13:17,16:10,18:33,19:53
ubari,1,5,06:34,07:58,13:18,16:10,18:34,19:54
ubari,1,6,06:34,07:58,13:18,16:11,18:35,19:54
ubari,1,7,06:34,07:58,13:19,16:12,18:35,19:55
ubari,1,8,06:34,07:58,13:19,16:12,18:36,19:56
ubari,1,9,06:35,07:58,13:20,16:13,18:37,19:56
ubari,1,10,06:35,07:58,13:20,16:14,18:38,19:57
ubari,1,11,06:35,07:58,13:20,16:14,18:38,19:58
ubari,1,12,06:35,07:58,13:21,16:15,18:39,19:58
ubari,1,13,06:35,07:58,13:21,16:16,18:40,19:59
ubari,1,14,06:35,07:58,13:21,16:17,18:41,20:00
ubari,1,15,06:35,07:58,13:22,16:17,18:41,20:00
ubari,1,16,06:35,07:58,13:22,16:18,18:42,20:01
ubari,1,17,06:35,07:58,13:23,16:19,18:43,20:02
ubari,1,18,06:35,07:58,13:23,16:19,18:44,20:02
ubari,1,19,06:35,07:58,13:23,16:20,18:45,20:03
ubari,1,20,06:35,07:58,13:24,16:21,18:45,20:04
ubari,1,21,06:35,07:58,13:24,16:21,18:46,20:05
ubari,1,22,06:35,07:57,13:24,16:22,18:47,20:05
ubari,1,23,06:35,07:57,13:24,16:23,18:48,20:06
ubari,1,24,06:35,07:57,13:25,16:24,18:49,20:07
ubari,1,25,06:35,07:56,13:25,16:24,18:49,20:07
ubari,1,26,06:34,07:56,13:25,16:25,18:50,20:08
ubari,1,27,06:34,07:56,13:25,16:26,18:51,20:09
ubari,1,28,06:34,07:55,13:26,16:26,18:52,20:09
ubari,1,29,06:34,07:55,13:26,16:27,18:52,20:10
ubari,1,30,06:33,07:55,13:26,16:28,18:53,20:11
ubari,1,31,06:33,07:54,13:26,16:28,18:54,20:11
ubari,2,1,06:33,07:54,13:26,16:29,18:55,20:12
ubari,2,2,06:32,07:53,13:26,16:29,18:56,20:13
ubari,2,3,06:31,07:53,13:27,16:30,18:56,20:13
ubari,2,4,06:31,07:52,13:27,16:31,18:57,20:14
ubari,2,5,06:31,07:52,13:27,16:31,18:58,20:14
ubari,2,6,06:30,07:51,13:27,16:32,18:59,20:15
ubari,2,7,06:30,07:50,13:27,16:32,18:59,20:16
ubari,2,8,06:29,07:50,13:27,16:33,19:00,20:16
ubari,2,9,06:29,07:49,13:27,16:33,19:01,20:17
ubari,2,10,06:29,07:49,13:27,16:34,19:02,20:18
ubari,2,11,06:28,07:48,13:27,16:34,19:02,20:18
ubari,2,12,06:27,07:47,13:27,16:35,19:03,20:19
ubari,2,13,06:27,07:46,13:27,16:35,19:04,20:19
ubari,2,14,06:26,07:46,13:27,16:36,19:04,20:20
ubari,2,15,06:25,07:45,13:27,16:36,19:05,20:21
ubari,2,16,06:25,07:44,13:27,16:37,19:06,20:21
ubari,2,17,06:24,07:43,13:27,16:37,19:06,20:22
ubari,2,18,06:23,07:43,13:27,16:38,19:07,20:22
ubari,2,19,06:23,07:42,13:27,16:38,19:08,20:23
ubari,2,20,06:22,07:41,13:27,16:38,19:08,20:23
ubari,2,21,06:21,07:40,13:27,16:39,19:09,20:24
ubari,2,22,06:20,07:39,13:26,16:39,19:10,20:25
ubari,2,23,06:19,07:38,13:26,16:39,19:10,20:25
ubari,2,24,06:19,07:37,13:26,16:40,19:11,20:26
ubari,2,25,06:18,07:37,13:26,16:40,19:11,20:26
ubari,2,26,06:17,07:36,13:26,16:40,19:12,20:27
ubari,2,27,06:16,07:35,13:26,16:40,19:13,20:27
ubari,2,28,06:15,07:34,13:25,16:41,19:13,20:28
ubari,2,29,06:15,07:34,13:25,16:41,19:13,20:28
ubari,3,1,06:14,07:33,13:25,16:41,19:14,20:28
ubari,3,2,06:13,07:32,13:25,16:41,19:14,20:29
ubari,3,3,06:12,07:31,13:25,16:41,19:15,20:29
ubari,3,4,06:11,07:30,13:25,16:42,19:15,20:30
ubari,3,5,06:10,07:29,13:24,16:42,19:16,20:30
ubari,3,6,06:09,07:28,13:24,16:42,19:17,20:31
ubari,3,7,06:08,07:27,13:24,16:42,19:17,20:31
ubari,3,8,06:07,07:26,13:24,16:42,19:18,20:32
ubari,3,9,06:06,07:25,13:23,16:42,19:18,20:33
ubari,3,10,06:05,07:24,13:23,16:42,19:19,20:33
ubari,3,11,06:04,07:22,13:23,16:42,19:19,20:34
ubari,3,12,06:03,07:21,13:23,16:43,19:20,20:34
ubari,3,13,06:02,07:20,13:22,16:43,19:20,20:35
ubari,3,14,06:01,07:19,13:22,16:43,19:21,20:35
ubari,3,15,06:00,07:18,13:22,16:43,19:21,20:36
ubari,3,16,05:59,07:17,13:21,16:43,19:22,20:36
ubari,3,17,05:58,07:16,13:21,16:43,19:22,20:37
ubari,3,18,05:56,07:15,13:21,16:43,19:23,20:37
ubari,3,19,05:55,07:14,13:20,16:43,19:23,20:38
ubari,3,20,05:54,07:13,13:20,16:43,19:24,20:38
ubari,3,21,05:53,07:12,13:20,16:43,19:24,20:39
ubari,3,22,05:52,07:10,13:20,16:43,19:25,20:39
ubari,3,23,05:51,07:09,13:19,16:43,19:25,20:40
ubari,3,24,05:49,07:08,13:19,16:43,19:25,20:40
ubari,3,25,05:48,07:07,13:19,16:42,19:26,20:41
ubari,3,26,05:47,07:06,13:18,16:42,19:26,20:41
ubari,3,27,05:46,07:05,13:18,16:42,19:27,20:42
ubari,3,28,05:45,07:04,13:18,16:42,19:27,20:42
ubari,3,29,05:43,07:03,13:17,16:42,19:28,20:43
ubari,3,30,05:42,07:02,13:17,16:42,19:28,20:44
ubari,3,31,05:41,07:01,13:17,16:42,19:29,20:44
ubari,4,1,05:40,06:59,13:16,16:42,19:29,20:45
ubari,4,2,05:39,06:58,13:16,16:42,19:30,20:45
ubari,4,3,05:37,06:57,13:16,16:41,19:30,20:46
ubari,4,4,05:36,06:56,13:15,16:41,19:31,20:46
ubari,4,5,05:35,06:55,13:15,16:41,19:31,20:47
ubari,4,6,05:34,06:54,13:15,16:41,19:32,20:48
ubari,4,7,05:33,06:53,13:15,16:41,19:32,20:48
ubari,4,8,05:31,06:52,13:14,16:41,19:33,20:49
ubari,4,9,05:30,06:51,13:14,16:41,19:33,20:50
ubari,4,10,05:29,06:50,13:14,16:40,19:34,20:50
ubari,4,11,05:28,06:49,13:13,16:40,19:34,20:51
ubari,4,12,05:27,06:48,13:13,16:40,19:34,20:51
ubari,4,13,05:26,06:47,13:13,16:40,19:35,20:52
ubari,4,14,05:24,06:46,13:13,16:40,19:35,20:53
ubari,4,15,05:23,06:45,13:12,16:39,19:36,20:53
ubari,4,16,05:22,06:44,13:12,16:39,19:37,20:54
ubari,4,17,05:21,06:43,13:12,16:39,19:37,20:55
ubari,4,18,05:20,06:42,13:12,16:39,19:38,20:55
ubari,4,19,05:19,06:41,13:11,16:39,19:38,20:56
ubari,4,20,05:18,06:40,13:11,16:39,19:39,20:57
ubari,4,21,05:16,06:39,13:11,16:38,19:39,20:58
ubari,4,22,05:15,06:38,13:11,16:38,19:40,20:58
ubari,4,23,05:14,06:37,13:11,16:38,19:40,20:59
ubari,4,24,05:13,06:36,13:10,16:38,19:41,21:00
ubari,4,25,05:12,06:35,13:10,16:38,19:41,21:00
ubari,4,26,05:11,06:35,13:10,16:37,19:42,21:01
ubari,4,27,05:10,06:34,13:10,16:37,19:42,21:02
ubari,4,28,05:09,06:33,13:10,16:37,19:43,21:02
ubari,4,29,05:08,06:32,13:10,16:37,19:43,21:03
ubari,4,30,05:07,06:31,13:10,16:37,19:44,21:04
ubari,5,1,05:06,06:30,13:09,16:36,19:44,21:05
ubari,5,2,05:05,06:30,13:09,16:36,19:45,21:06
ubari,5,3,05:04,06:29,13:09,16:36,19:46,21:07
ubari,5,4,05:03,06:28,13:09,16:36,19:46,21:07
ubari,5,5,05:02,06:28,13:09,16:36,19:47,21:08
ubari,5,6,05:01,06:27,13:09,16:36,19:47,21:09
ubari,5,7,05:00,06:26,13:09,16:35,19:48,21:10
ubari,5,8,04:59,06:25,13:09,16:35,19:48,21:10
ubari,5,9,04:58,06:25,13:09,16:35,19:49,21:11
ubari,5,10,04:58,06:24,13:09,16:35,19:49,21:12
ubari,5,11,04:57,06:24,13:09,16:35,19:50,21:13
ubari,5,12,04:56,06:23,13:09,16:35,19:51,21:14
ubari,5,13,04:55,06:22,13:09,16:35,19:51,21:14
ubari,5,14,04:54,06:22,13:09,16:35,19:52,21:15
ubari,5,15,04:54,06:21,13:09,16:34,19:52,21:16
ubari,5,16,04:53,06:21,13:09,16:34,19:53,21:17
ubari,5,17,04:52,06:20,13:09,16:34,19:53,21:18
ubari,5,18,04:52,06:20,13:09,16:34,19:54,21:18
ubari,5,19,04:51,06:19,13:09,16:34,19:55,21:19
ubari,5,20,04:50,06:19,13:09,16:34,19:55,21:20
ubari,5,21,04:50,06:19,13:09,16:34,19:56,21:21
ubari,5,22,04:49,06:18,13:09,16:34,19:56,21:21
ubari,5,23,04:48,06:18,13:09,16:34,19:57,21:22
ubari,5,24,04:48,06:17,13:09,16:34,19:57,21:23
ubari,5,25,04:47,06:17,13:09,16:34,19:58,21:24
ubari,5,26,04:47,06:17,13:10,16:34,19:58,21:24
ubari,5,27,04:46,06:17,13:10,16:34,19:59,21:25
ubari,5,28,04:46,06:16,13:10,16:34,19:59,21:26
ubari,5,29,04:46,06:16,13:10,16:34,20:00,21:26
ubari,5,30,04:45,06:16,13:10,16:34,20:00,21:27
ubari,5,31,04:45,06:16,13:10,16:34,20:01,21:28
ubari,6,1,04:44,06:15,13:10,16:34,20:01,21:28
ubari,6,2,04:44,06:15,13:10,16:34,20:02,21:29
ubari,6,3,04:44,06:15,13:11,16:34,20:02,21:30
ubari,6,4,04:44,06:15,13:11,16:34,20:03,21:30
ubari,6,5,04:43,06:15,13:11,16:34,20:03,21:31
ubari,6,6,04:43,06:15,13:11,16:34,20:04,21:31
ubari,6,7,04:43,06:15,13:11,16:34,20:04,21:32
ubari,6,8,04:43,06:15,13:12,16:34,20:04,21:32
ubari,6,9,04:43,06:15,13:12,16:34,20:05,21:33
ubari,6,10,04:42,06:15,13:12,16:35,20:05,21:33
ubari,6,11,04:42,06:15,13:12,16:35,20:06,21:34
ubari,6,12,04:42,06:15,13:12,16:35,20:06,21:34
ubari,6,13,04:42,06:15,13:12,16:35,20:06,21:35
ubari,6,14,04:42,06:15,13:13,16:35,20:07,21:35
ubari,6,15,04:42,06:15,13:13,16:35,20:07,21:35
ubari,6,16,04:42,06:15,13:13,16:35,20:07,21:36
ubari,6,17,04:42,06:15,13:13,16:36,20:07,21:36
ubari,6,18,04:43,06:15,13:13,16:36,20:08,21:36
ubari,6,19,04:43,06:15,13:14,16:36,20:08,21:37
ubari,6,20,04:43,06:16,13:14,16:36,20:08,21:37
ubari,6,21,04:43,06:16,13:14,16:36,20:08,21:37
ubari,6,22,04:43,06:16,13:14,16:37,20:09,21:37
ubari,6,23,04:44,06:16,13:14,16:37,20:09,21:37
ubari,6,24,04:44,06:16,13:15,16:37,20:09,21:38
ubari,6,25,04:44,06:17,13:15,16:37,20:09,21:38
ubari,6,26,04:44,06:17,13:15,16:38,20:09,21:38
ubari,6,27,04:45,06:17,13:15,16:38,20:09,21:38
ubari,6,28,04:45,06:18,13:15,16:38,20:09,21:38
ubari,6,29,04:45,06:18,13:16,16:38,20:09,21:38
ubari,6,30,04:46,06:18,13:16,16:38,20:10,21:38
ubari,7,1,04:46,06:19,13:16,16:39,20:10,21:38
ubari,7,2,04:47,06:19,13:16,16:39,20:10,21:38
ubari,7,3,04:47,06:19,13:16,16:39,20:10,21:38
ubari,7,4,04:48,06:20,13:17,16:39,20:09,21:37
ubari,7,5,04:48,06:20,13:17,16:40,20:09,21:37
ubari,7,6,04:49,06:20,13:17,16:40,20:09,21:37
ubari,7,7,04:49,06:21,13:17,16:40,20:09,21:37
ubari,7,8,04:50,06:21,13:17,16:40,20:09,21:37
ubari,7,9,04:50,06:22,13:17,16:41,20:09,21:36
ubari,7,10,04:51,06:22,13:18,16:41,20:09,21:36
ubari,7,11,04:52,06:23,13:18,16:41,20:09,21:36
ubari,7,12,04:52,06:23,13:18,16:41,20:08,21:35
ubari,7,13,04:53,06:24,13:18,16:42,20:08,21:35
ubari,7,14,04:53,06:24,13:18,16:42,20:08,21:35
ubari,7,15,04:54,06:24,13:18,16:42,20:08,21:34
ubari,7,16,04:55,06:25,13:18,16:42,20:07,21:34
ubari,7,17,04:55,06:25,13:18,16:43,20:07,21:33
ubari,7,18,04:56,06:26,13:18,16:43,20:07,21:33
ubari,7,19,04:57,06:26,13:18,16:43,20:06,21:32
ubari,7,20,04:58,06:27,13:19,16:43,20:06,21:32
ubari,7,21,04:58,06:27,13:19,16:43,20:06,21:31
ubari,7,22,04:59,06:28,13:19,16:44,20:05,21:30
ubari,7,23,05:00,06:29,13:19,16:44,20:05,21:30
ubari,7,24,05:00,06:29,13:19,16:44,20:04,21:29
ubari,7,25,05:01,06:30,13:19,16:44,20:04,21:28
ubari,7,26,05:02,06:30,13:19,16:44,20:03,21:28
ubari,7,27,05:03,06:31,13:19,16:44,20:03,21:27
ubari,7,28,05:03,06:31,13:19,16:44,20:02,21:26
ubari,7,29,05:04,06:32,13:19,16:45,20:02,21:25
ubari,7,30,05:05,06:32,13:19,16:45,20:01,21:25
ubari,7,31,05:06,06:33,13:19,16:45,20:01,21:24
ubari,8,1,05:06,06:33,13:19,16:45,20:00,21:23
ubari,8,2,05:07,06:34,13:19,16:45,20:00,21:22
ubari,8,3,05:08,06:34,13:19,16:45,19:59,21:21
ubari,8,4,05:09,06:35,13:19,16:45,19:58,21:20
ubari,8,5,05:09,06:35,13:18,16:45,19:58,21:20
ubari,8,6,05:10,06:36,13:18,16:45,19:57,21:19
ubari,8,7,05:11,06:36,13:18,16:45,19:56,21:18
ubari,8,8,05:12,06:37,13:18,16:45,19:55,21:17
ubari,8,9,05:12,06:37,13:18,16:45,19:55,21:16
ubari,8,10,05:13,06:38,13:18,16:45,19:54,21:15
ubari,8,11,05:14,06:38,13:18,16:45,19:53,21:14
ubari,8,12,05:14,06:39,13:18,16:45,19:52,21:13
ubari,8,13,05:15,06:39,13:17,16:45,19:51,21:12
ubari,8,14,05:16,06:40,13:17,16:44,19:51,21:11
ubari,8,15,05:17,06:40,13:17,16:44,19:50,21:10
ubari,8,16,05:17,06:41,13:17,16:44,19:49,21:09
ubari,8,17,05:18,06:41,13:17,16:44,19:48,21:07
ubari,8,18,05:19,06:42,13:16,16:44,19:47,21:06
ubari,8,19,05:19,06:42,13:16,16:44,19:46,21:05
ubari,8,20,05:20,06:43,13:16,16:43,19:45,21:04
ubari,8,21,05:21,06:43,13:16,16:43,19:44,21:03
ubari,8,22,05:21,06:44,13:16,16:43,19:43,21:02
ubari,8,23,05:22,06:44,13:15,16:43,19:42,21:01
ubari,8,24,05:23,06:45,13:15,16:42,19:41,21:00
ubari,8,25,05:23,06:45,13:15,16:42,19:40,20:58
ubari,8,26,05:24,06:46,13:15,16:42,19:39,20:57
ubari,8,27,05:24,06:46,13:14,16:41,19:38,20:56
ubari,8,28,05:25,06:47,13:14,16:41,19:37,20:55
ubari,8,29,05:26,06:47,13:14,16:41,19:36,20:54
ubari,8,30,05:26,06:47,13:13,16:40,19:35,20:52
ubari,8,31,05:27,06:48,13:13,16:40,19:34,20:51
ubari,9,1,05:27,06:48,13:13,16:40,19:33,20:50
ubari,9,2,05:28,06:49,13:12,16:39,19:32,20:49
ubari,9,3,05:29,06:49,13:12,16:39,19:31,20:48
ubari,9,4,05:29,06:50,13:12,16:38,19:30,20:46
ubari,9,5,05:30,06:50,13:11,16:38,19:29,20:45
ubari,9,6,05:30,06:50,13:11,16:37,19:28,20:44
ubari,9,7,05:31,06:51,13:11,16:37,19:27,20:43
ubari,9,8,05:31,06:51,13:10,16:36,19:26,20:41
ubari,9,9,05:32,06:52,13:10,16:36,19:24,20:40
ubari,9,10,05:32,06:52,13:10,16:35,19:23,20:39
ubari,9,11,05:33,06:52,13:09,16:35,19:22,20:38
ubari,9,12,05:33,06:53,13:09,16:34,19:21,20:36
ubari,9,13,05:34,06:53,13:09,16:34,19:20,20:35
ubari,9,14,05:34,06:54,13:08,16:33,19:19,20:34
ubari,9,15,05:35,06:54,13:08,16:32,19:18,20:33
ubari,9,16,05:35,06:54,13:07,16:32,19:16,20:32
ubari,9,17,05:36,06:55,13:07,16:31,19:15,20:30
ubari,9,18,05:36,06:55,13:07,16:31,19:14,20:29
ubari,9,19,05:37,06:56,13:06,16:30,19:13,20:28
ubari,9,20,05:37,06:56,13:06,16:29,19:12,20:27
ubari,9,21,05:38,06:57,13:06,16:29,19:11,20:25
ubari,9,22,05:38,06:57,13:05,16:28,19:10,20:24
ubari,9,23,05:39,06:57,13:05,16:28,19:08,20:23
ubari,9,24,05:39,06:58,13:05,16:27,19:07,20:22
ubari,9,25,05:40,06:58,13:04,16:26,19:06,20:21
ubari,9,26,05:40,06:59,13:04,16:26,19:05,20:19
ubari,9,27,05:41,06:59,13:03,16:25,19:04,20:18
ubari,9,28,05:41,06:59,13:03,16:24,19:03,20:17
ubari,9,29,05:41,07:00,13:03,16:24,19:02,20:16
ubari,9,30,05:42,07:00,13:02,16:23,19:00,20:15
ubari,10,1,05:42,07:01,13:02,16:22,18:59,20:14
ubari,10,2,05:43,07:01,13:02,16:21,18:58,20:13
ubari,10,3,05:43,07:02,13:01,16:21,18:57,20:12
ubari,10,4,05:44,07:02,13:01,16:20,18:56,20:10
ubari,10,5,05:44,07:03,13:01,16:19,18:55,20:09
ubari,10,6,05:45,07:03,13:00,16:19,18:54,20:08
ubari,10,7,05:45,07:03,13:00,16:18,18:53,20:07
ubari,10,8,05:46,07:04,13:00,16:17,18:52,20:06
ubari,10,9,05:46,07:04,13:00,16:17,18:51,20:05
ubari,10,10,05:46,07:05,12:59,16:16,18:50,20:04
ubari,10,11,05:47,07:05,12:59,16:15,18:49,20:03
ubari,10,12,05:47,07:06,12:59,16:15,18:48,20:02
ubari,10,13,05:48,07:06,12:59,16:14,18:47,20:01
ubari,10,14,05:48,07:07,12:58,16:13,18:46,20:00
ubari,10,15,05:49,07:08,12:58,16:13,18:45,19:59
ubari,10,16,05:49,07:08,12:58,16:12,18:44,19:58
ubari,10,17,05:50,07:09,12:58,16:11,18:43,19:57
ubari,10,18,05:50,07:09,12:57,16:11,18:42,19:57
ubari,10,19,05:51,07:10,12:57,16:10,18:41,19:56
ubari,10,20,05:51,07:10,12:57,16:09,18:40,19:55
ubari,10,21,05:52,07:11,12:57,16:09,18:39,19:54
ubari,10,22,05:52,07:11,12:57,16:08,18:38,19:53
ubari,10,23,05:53,07:12,12:57,16:08,18:37,19:52
ubari,10,24,05:53,07:13,12:56,16:07,18:36,19:52
ubari,10,25,05:54,07:13,12:56,16:06,18:36,19:51
ubari,10,26,05:54,07:14,12:56,16:06,18:35,19:50
ubari,10,27,05:55,07:14,12:56,16:05,18:34,19:49
ubari,10,28,05:55,07:15,12:56,16:05,18:33,19:49
ubari,10,29,05:56,07:16,12:56,16:04,18:32,19:48
ubari,10,30,05:57,07:16,12:56,16:04,18:32,19:47
ubari,10,31,05:57,07:17,12:56,16:03,18:31,19:47
ubari,11,1,05:58,07:18,12:56,16:03,18:30,19:46
ubari,11,2,05:58,07:18,12:56,16:02,18:30,19:46
ubari,11,3,05:59,07:19,12:56,16:02,18:29,19:45
ubari,11,4,05:59,07:20,12:56,16:01,18:28,19:45
ubari,11,5,06:00,07:20,12:56,16:01,18:28,19:44
ubari,11,6,06:01,07:21,12:56,16:00,18:27,19:44
ubari,11,7,06:01,07:22,12:56,16:00,18:26,19:43
ubari,11,8,06:02,07:23,12:56,16:00,18:26,19:43
ubari,11,9,06:02,07:23,12:56,15:59,18:25,19:42
ubari,11,10,06:03,07:24,12:56,15:59,18:25,19:42
ubari,11,11,06:04,07:25,12:57,15:58,18:24,19:42
ubari,11,12,06:04,07:26,12:57,15:58,18:24,19:41
ubari,11,13,06:05,07:26,12:57,15:58,18:23,19:41
ubari,11,14,06:05,07:27,12:57,15:58,18:23,19:41
ubari,11,15,06:06,07:28,12:57,15:57,18:23,19:40
ubari,11,16,06:07,07:28,12:57,15:57,18:22,19:40
ubari,11,17,06:07,07:29,12:58,15:57,18:22,19:40
ubari,11,18,06:08,07:30,12:58,15:57,18:22,19:40
ubari,11,19,06:09,07:31,12:58,15:56,18:21,19:39
ubari,11,20,06:09,07:32,12:58,15:56,18:21,19:39
ubari,11,21,06:10,07:32,12:59,15:56,18:21,19:39
ubari,11,22,06:11,07:33,12:59,15:56,18:20,19:39
ubari,11,23,06:11,07:34,12:59,15:56,18:20,19:39
ubari,11,24,06:12,07:35,12:59,15:56,18:20,19:39
ubari,11,25,06:12,07:35,13:00,15:56,18:20,19:39
ubari,11,26,06:13,07:36,13:00,15:56,18:20,19:39
ubari,11,27,06:14,07:37,13:00,15:56,18:20,19:39
ubari,11,28,06:14,07:38,13:01,15:56,18:20,19:39
ubari,11,29,06:15,07:38,13:01,15:56,18:20,19:39
ubari,11,30,06:16,07:39,13:01,15:56,18:20,19:39
ubari,12,1,06:16,07:40,13:02,15:56,18:20,19:39
ubari,12,2,06:17,07:41,13:02,15:56,18:20,19:39
ubari,12,3,06:18,07:41,13:02,15:56,18:20,19:39
ubari,12,4,06:18,07:42,13:03,15:56,18:20,19:40
ubari,12,5,06:19,07:43,13:03,15:56,18:20,19:40
ubari,12,6,06:20,07:43,13:04,15:56,18:20,19:40
ubari,12,7,06:20,07:44,13:04,15:57,18:20,19:40
ubari,12,8,06:21,07:45,13:05,15:57,18:20,19:40
ubari,12,9,06:21,07:46,13:05,15:57,18:20,19:41
ubari,12,10,06:22,07:46,13:05,15:57,18:21,19:41
ubari,12,11,06:23,07:47,13:06,15:58,18:21,19:41
ubari,12,12,06:23,07:47,13:06,15:58,18:21,19:42
ubari,12,13,06:24,07:48,13:07,15:58,18:22,19:42
ubari,12,14,06:24,07:49,13:07,15:59,18:22,19:42
ubari,12,15,06:25,07:49,13:08,15:59,18:22,19:43
ubari,12,16,06:25,07:50,13:08,15:59,18:23,19:43
ubari,12,17,06:26,07:50,13:09,16:00,18:23,19:43
ubari,12,18,06:27,07:51,13:09,16:00,18:23,19:44
ubari,12,19,06:27,07:52,13:10,16:01,18:24,19:44
ubari,12,20,06:28,07:52,13:10,16:01,18:24,19:45
ubari,12,21,06:28,07:53,13:11,16:01,18:25,19:45
ubari,12,22,06:29,07:53,13:11,16:02,18:25,19:46
ubari,12,23,06:29,07:54,13:12,16:02,18:26,19:46
ubari,12,24,06:29,07:54,13:12,16:03,18:26,19:47
ubari,12,25,06:30,07:54,13:13,16:04,18:27,19:47
ubari,12,26,06:30,07:55,13:13,16:04,18:27,19:48
ubari,12,27,06:31,07:55,13:14,16:05,18:28,19:48
ubari,12,28,06:31,07:56,13:14,16:05,18:28,19:49
ubari,12,29,06:32,07:56,13:14,16:06,18:29,19:49
ubari,12,30,06:32,07:56,13:15,16:06,18:30,19:50
ubari,12,31,06:32,07:57,13:15,16:07,18:30,19:51
yefren,1,1,6:41,8:10,13:17,15:57,18:20,19:45
yefren,1,2,6:41,8:10,13:17,15:58,18:20,19:46
yefren,1,3,6:42,8:11,13:18,15:59,18:21,19:46
yefren,1,4,6:42,8:11,13:18,15:59,18:22,19:47
yefren,1,5,6:42,8:11,13:19,16:00,18:23,19:48
yefren,1,6,6:42,8:11,13:19,16:01,18:24,19:48
yefren,1,7,6:42,8:11,13:20,16:02,18:24,19:49
yefren,1,8,6:42,8:11,13:20,16:02,18:25,19:50
yefren,1,9,6:42,8:11,13:20,16:03,18:26,19:50
yefren,1,10,6:43,8:11,13:21,16:04,18:27,19:51
yefren,1,11,6:43,8:11,13:21,16:05,18:28,19:52
yefren,1,12,6:43,8:11,13:22,16:06,18:29,19:53
yefren,1,13,6:43,8:11,13:22,16:06,18:29,19:53
yefren,1,14,6:43,8:11,13:22,16:07,18:30,19:54
yefren,1,15,6:43,8:10,13:23,16:08,18:31,19:55
yefren,1,16,6:43,8:10,13:23,16:09,18:32,19:56
yefren,1,17,6:42,8:10,13:23,16:10,18:33,19:57
yefren,1,18,6:42,8:10,13:24,16:10,18:34,19:57
yefren,1,19,6:42,8:09,13:24,16:11,18:35,19:58
yefren,1,20,6:42,8:09,13:24,16:12,18:36,19:59
yefren,1,21,6:42,8:09,13:25,16:13,18:37,20:00
yefren,1,22,6:42,8:08,13:25,16:14,18:38,20:01
yefren,1,23,6:41,8:08,13:25,16:14,18:39,20:01
yefren,1,24,6:41,8:08,13:26,16:15,18:39,20:02
yefren,1,25,6:41,8:07,13:26,16:16,18:40,20:03
yefren,1,26,6:40,8:07,13:26,16:17,18:41,20:04
yefren,1,27,6:40,8:06,13:26,16:18,18:42,20:05
yefren,1,28,6:40,8:06,13:26,16:19,18:43,20:05
yefren,1,29,6:39,8:05,13:27,16:19,18:44,20:06
yefren,1,30,6:39,8:05,13:27,16:20,18:45,20:07
yefren,1,31,6:38,8:04,13:27,16:21,18:46,20:08
yefren,2,1,6:38,8:03,13:27,16:22,18:47,20:09
yefren,2,2,6:37,8:03,13:27,16:22,18:48,20:09
yefren,2,3,6:37,8:02,13:27,16:23,18:49,20:10
yefren,2,4,6:36,8:01,13:28,16:24,18:50,20:11
yefren,2,5,6:36,8:01,13:28,16:25,18:51,20:12
yefren,2,6,6:35,8:00,13:28,16:25,18:52,20:13
yefren,2,7,6:34,7:59,13:28,16:26,18:53,20:13
yefren,2,8,6:34,7:58,13:28,16:27,18:53,20:14
yefren,2,9,6:33,7:58,13:28,16:27,18:54,20:15
yefren,2,10,6:32,7:57,13:28,16:28,18:55,20:16
yefren,2,11,6:32,7:56,13:28,16:29,18:56,20:16
yefren,2,12,6:31,7:55,13:28,16:30,18:57,20:17
yefren,2,13,6:30,7:54,13:28,16:30,18:58,20:18
yefren,2,14,6:29,7:53,13:28,16:31,18:59,20:19
yefren,2,15,6:28,7:52,13:28,16:31,19:00,20:20
yefren,2,16,6:27,7:51,13:28,16:32,19:01,20:20
yefren,2,17,6:27,7:50,13:28,16:33,19:01,20:21
yefren,2,18,6:26,7:49,13:28,16:33,19:02,20:22
yefren,2,19,6:25,7:48,13:28,16:34,19:03,20:23
yefren,2,20,6:24,7:47,13:28,16:34,19:04,20:23
yefren,2,21,6:23,7:46,13:27,16:35,19:05,20:24
yefren,2,22,6:22,7:45,13:27,16:35,19:06,20:25
yefren,2,23,6:21,7:44,13:27,16:36,19:06,20:26
yefren,2,24,6:20,7:43,13:27,16:36,19:07,20:26
yefren,2,25,6:19,7:42,13:27,16:37,19:08,20:27
yefren,2,26,6:18,7:41,13:27,16:37,19:09,20:28
yefren,2,27,6:17,7:40,13:27,16:38,19:10,20:29
yefren,2,28,6:16,7:38,13:26,16:38,19:10,20:29
yefren,2,29,6:16,7:38,13:26,16:38,19:10,20:29
yefren,3,1,6:14,7:37,13:26,16:39,19:11,20:30
yefren,3,2,6:13,7:36,13:26,16:39,19:12,20:31
yefren,3,3,6:12,7:35,13:26,16:39,19:13,20:31
yefren,3,4,6:11,7:34,13:26,16:40,19:13,20:32
yefren,3,5,6:10,7:33,13:25,16:40,19:14,20:33
yefren,3,6,6:09,7:31,13:25,16:41,19:15,20:34
yefren,3,7,6:07,7:30,13:25,16:41,19:16,20:34
yefren,3,8,6:06,7:29,13:25,16:41,19:16,20:35
yefren,3,9,6:05,7:28,13:24,16:42,19:17,20:36
yefren,3,10,6:04,7:26,13:24,16:42,19:18,20:36
yefren,3,11,6:02,7:25,13:24,16:42,19:18,20:37
yefren,3,12,6:01,7:24,13:23,16:42,19:19,20:38
yefren,3,13,6:00,7:23,13:23,16:43,19:20,20:39
yefren,3,14,5:58,7:21,13:23,16:43,19:21,20:39
yefren,3,15,5:57,7:20,13:23,16:43,19:21,20:40
yefren,3,16,5:56,7:19,13:22,16:43,19:22,20:41
yefren,3,17,5:54,7:17,13:22,16:44,19:23,20:42
yefren,3,18,5:53,7:16,13:22,16:44,19:23,20:42
yefren,3,19,5:52,7:15,13:21,16:44,19:24,20:43
yefren,3,20,5:50,7:13,13:21,16:44,19:25,20:44
yefren,3,21,5:49,7:12,13:21,16:44,19:25,20:45
yefren,3,22,5:48,7:11,13:20,16:45,19:26,20:45
yefren,3,23,5:46,7:10,13:20,16:45,19:27,20:46
yefren,3,24,5:45,7:08,13:20,16:45,19:27,20:47
yefren,3,25,5:43,7:07,13:19,16:45,19:28,20:48
yefren,3,26,5:42,7:06,13:19,16:45,19:29,20:48
yefren,3,27,5:41,7:04,13:19,16:45,19:29,20:49
yefren,3,28,5:39,7:03,13:19,16:45,19:30,20:50
yefren,3,29,5:38,7:02,13:18,16:45,19:31,20:51
yefren,3,30,5:36,7:00,13:18,16:45,19:31,20:51
yefren,3,31,5:35,6:59,13:18,16:46,19:32,20:52
yefren,4,1,5:33,6:58,13:17,16:46,19:33,20:53
yefren,4,2,5:32,6:57,13:17,16:46,19:33,20:54
yefren,4,3,5:31,6:55,13:17,16:46,19:34,20:55
yefren,4,4,5:29,6:54,13:16,16:46,19:35,20:55
yefren,4,5,5:28,6:53,13:16,16:46,19:35,20:56
yefren,4,6,5:26,6:51,13:16,16:46,19:36,20:57
yefren,4,7,5:25,6:50,13:15,16:46,19:37,20:58
yefren,4,8,5:23,6:49,13:15,16:46,19:37,20:59
yefren,4,9,5:22,6:48,13:15,16:46,19:38,21:00
yefren,4,10,5:21,6:46,13:15,16:46,19:39,21:01
yefren,4,11,5:19,6:45,13:14,16:46,19:39,21:01
yefren,4,12,5:18,6:44,13:14,16:46,19:40,21:02
yefren,4,13,5:16,6:43,13:14,16:46,19:41,21:03
yefren,4,14,5:15,6:42,13:14,16:46,19:41,21:04
yefren,4,15,5:14,6:40,13:13,16:46,19:42,21:05
yefren,4,16,5:12,6:39,13:13,16:46,19:43,21:06
yefren,4,17,5:11,6:38,13:13,16:46,19:44,21:07
yefren,4,18,5:09,6:37,13:13,16:46,19:44,21:08
yefren,4,19,5:08,6:36,13:12,16:46,19:45,21:09
yefren,4,20,5:07,6:35,13:12,16:46,19:46,21:10
yefren,4,21,5:05,6:34,13:12,16:46,19:46,21:11
yefren,4,22,5:04,6:32,13:12,16:46,19:47,21:11
yefren,4,23,5:03,6:31,13:12,16:46,19:48,21:12
yefren,4,24,5:01,6:30,13:11,16:46,19:48,21:13
yefren,4,25,5:00,6:29,13:11,16:46,19:49,21:14
yefren,4,26,4:59,6:28,13:11,16:46,19:50,21:15
yefren,4,27,4:57,6:27,13:11,16:46,19:51,21:16
yefren,4,28,4:56,6:26,13:11,16:46,19:51,21:17
yefren,4,29,4:55,6:25,13:11,16:46,19:52,21:18
yefren,4,30,4:54,6:24,13:10,16:46,19:53,21:19
yefren,5,1,4:52,6:23,13:10,16:46,19:53,21:20
yefren,5,2,4:51,6:22,13:10,16:46,19:54,21:21
yefren,5,3,4:50,6:21,13:10,16:46,19:55,21:22
yefren,5,4,4:49,6:21,13:10,16:46,19:56,21:23
yefren,5,5,4:48,6:20,13:10,16:46,19:56,21:24
yefren,5,6,4:47,6:19,13:10,16:46,19:57,21:25
yefren,5,7,4:45,6:18,13:10,16:46,19:58,21:26
yefren,5,8,4:44,6:17,13:10,16:46,19:58,21:27
yefren,5,9,4:43,6:16,13:10,16:46,19:59,21:28
yefren,5,10,4:42,6:16,13:10,16:46,20:00,21:29
yefren,5,11,4:41,6:15,13:10,16:46,20:01,21:30
yefren,5,12,4:40,6:14,13:10,16:46,20:01,21:31
yefren,5,13,4:39,6:13,13:10,16:46,20:02,21:32
yefren,5,14,4:38,6:13,13:10,16:46,20:03,21:33
yefren,5,15,4:37,6:12,13:10,16:47,20:04,21:34
yefren,5,16,4:36,6:11,13:10,16:47,20:04,21:35
yefren,5,17,4:35,6:11,13:10,16:47,20:05,21:36
yefren,5,18,4:34,6:10,13:10,16:47,20:06,21:37
yefren,5,19,4:33,6:10,13:10,16:47,20:06,21:38
yefren,5,20,4:33,6:09,13:10,16:47,20:07,21:39
yefren,5,21,4:32,6:08,13:10,16:47,20:08,21:40
yefren,5,22,4:31,6:08,13:10,16:47,20:08,21:41
yefren,5,23,4:30,6:07,13:10,16:47,20:09,21:42
yefren,5,24,4:29,6:07,13:10,16:47,20:10,21:43
yefren,5,25,4:29,6:06,13:10,16:47,20:10,21:44
yefren,5,26,4:28,6:06,13:10,16:47,20:11,21:45
yefren,5,27,4:27,6:06,13:11,16:47,20:12,21:46
yefren,5,28,4:27,6:05,13:11,16:48,20:12,21:47
yefren,5,29,4:26,6:05,13:11,16:48,20:13,21:47
yefren,5,30,4:26,6:05,13:11,16:48,20:13,21:48
yefren,5,31,4:25,6:04,13:11,16:48,20:14,21:49
yefren,6,1,4:25,6:04,13:11,16:48,20:14,21:50
yefren,6,2,4:24,6:04,13:11,16:48,20:15,21:51
yefren,6,3,4:24,6:04,13:12,16:48,20:16,21:51
yefren,6,4,4:23,6:03,13:12,16:48,20:16,21:52
yefren,6,5,4:23,6:03,13:12,16:49,20:17,21:53
yefren,6,6,4:23,6:03,13:12,16:49,20:17,21:53
yefren,6,7,4:22,6:03,13:12,16:49,20:18,21:54
yefren,6,8,4:22,6:03,13:12,16:49,20:18,21:55
yefren,6,9,4:22,6:03,13:13,16:49,20:19,21:55
yefren,6,10,4:22,6:03,13:13,16:49,20:19,21:56
yefren,6,11,4:22,6:03,13:13,16:50,20:19,21:56
yefren,6,12,4:21,6:03,13:13,16:50,20:20,21:57
yefren,6,13,4:21,6:03,13:13,16:50,20:20,21:57
yefren,6,14,4:21,6:03,13:14,16:50,20:21,21:58
yefren,6,15,4:21,6:03,13:14,16:50,20:21,21:58
yefren,6,16,4:21,6:03,13:14,16:51,20:21,21:59
yefren,6,17,4:21,6:03,13:14,16:51,20:22,21:59
yefren,6,18,4:21,6:03,13:14,16:51,20:22,21:59
yefren,6,19,4:22,6:03,13:15,16:51,20:22,22:00
yefren,6,20,4:22,6:03,13:15,16:51,20:22,22:00
yefren,6,21,4:22,6:04,13:15,16:52,20:23,22:00
yefren,6,22,4:22,6:04,13:15,16:52,20:23,22:00
yefren,6,23,4:22,6:04,13:15,16:52,20:23,22:01
yefren,6,24,4:23,6:04,13:16,16:52,20:23,22:01
yefren,6,25,4:23,6:04,13:16,16:52,20:23,22:01
yefren,6,26,4:23,6:05,13:16,16:53,20:23,22:01
yefren,6,27,4:24,6:05,13:16,16:53,20:23,22:01
yefren,6,28,4:24,6:05,13:16,16:53,20:23,22:01
yefren,6,29,4:24,6:06,13:17,16:53,20:23,22:01
yefren,6,30,4:25,6:06,13:17,16:53,20:23,22:01
yefren,7,1,4:25,6:07,13:17,16:54,20:23,22:01
yefren,7,2,4:26,6:07,13:17,16:54,20:23,22:00
yefren,7,3,4:27,6:07,13:17,16:54,20:23,22:00
yefren,7,4,4:27,6:08,13:18,16:54,20:23,22:00
yefren,7,5,4:28,6:08,13:18,16:54,20:23,22:00
yefren,7,6,4:28,6:09,13:18,16:55,20:23,21:59
yefren,7,7,4:29,6:09,13:18,16:55,20:23,21:59
yefren,7,8,4:30,6:10,13:18,16:55,20:23,21:59
yefren,7,9,4:30,6:10,13:18,16:55,20:22,21:58
yefren,7,10,4:31,6:11,13:18,16:55,20:22,21:58
yefren,7,11,4:32,6:11,13:19,16:55,20:22,21:57
yefren,7,12,4:33,6:12,13:19,16:56,20:22,21:57
yefren,7,13,4:33,6:12,13:19,16:56,20:21,21:56
yefren,7,14,4:34,6:13,13:19,16:56,20:21,21:56
yefren,7,15,4:35,6:13,13:19,16:56,20:21,21:55
yefren,7,16,4:36,6:14,13:19,16:56,20:20,21:55
yefren,7,17,4:37,6:15,13:19,16:56,20:20,21:54
yefren,7,18,4:37,6:15,13:19,16:56,20:19,21:53
yefren,7,19,4:38,6:16,13:19,16:56,20:19,21:52
yefren,7,20,4:39,6:17,13:19,16:56,20:18,21:52
yefren,7,21,4:40,6:17,13:20,16:56,20:18,21:51
yefren,7,22,4:41,6:18,13:20,16:56,20:17,21:50
yefren,7,23,4:42,6:18,13:20,16:57,20:17,21:49
yefren,7,24,4:43,6:19,13:20,16:57,20:16,21:48
yefren,7,25,4:44,6:20,13:20,16:57,20:16,21:48
yefren,7,26,4:45,6:20,13:20,16:57,20:15,21:47
yefren,7,27,4:46,6:21,13:20,16:57,20:14,21:46
yefren,7,28,4:47,6:22,13:20,16:57,20:14,21:45
yefren,7,29,4:48,6:22,13:20,16:56,20:13,21:44
yefren,7,30,4:49,6:23,13:20,16:56,20:12,21:43
yefren,7,31,4:50,6:24,13:20,16:56,20:12,21:42
yefren,8,1,4:50,6:24,13:20,16:56,20:11,21:41
yefren,8,2,4:51,6:25,13:20,16:56,20:10,21:40
yefren,8,3,4:52,6:26,13:20,16:56,20:09,21:39
yefren,8,4,4:53,6:26,13:19,16:56,20:08,21:37
yefren,8,5,4:54,6:27,13:19,16:56,20:08,21:36
yefren,8,6,4:55,6:28,13:19,16:56,20:07,21:35
yefren,8,7,4:56,6:28,13:19,16:55,20:06,21:34
yefren,8,8,4:57,6:29,13:19,16:55,20:05,21:33
yefren,8,9,4:58,6:30,13:19,16:55,20:04,21:32
yefren,8,10,4:59,6:30,13:19,16:55,20:03,21:30
yefren,8,11,5:00,6:31,13:19,16:55,20:02,21:29
yefren,8,12,5:01,6:32,13:19,16:54,20:01,21:28
yefren,8,13,5:02,6:33,13:18,16:54,20:00,21:27
yefren,8,14,5:03,6:33,13:18,16:54,19:59,21:25
yefren,8,15,5:04,6:34,13:18,16:53,19:58,21:24
yefren,8,16,5:05,6:35,13:18,16:53,19:57,21:23
yefren,8,17,5:06,6:35,13:18,16:53,19:56,21:21
yefren,8,18,5:07,6:36,13:17,16:52,19:55,21:20
yefren,8,19,5:08,6:36,13:17,16:52,19:54,21:19
yefren,8,20,5:09,6:37,13:17,16:52,19:53,21:17
yefren,8,21,5:09,6:38,13:17,16:51,19:52,21:16
yefren,8,22,5:10,6:38,13:17,16:51,19:51,21:15
yefren,8,23,5:11,6:39,13:16,16:50,19:49,21:13
yefren,8,24,5:12,6:40,13:16,16:50,19:48,21:12
yefren,8,25,5:13,6:40,13:16,16:49,19:47,21:11
yefren,8,26,5:14,6:41,13:15,16:49,19:46,21:09
yefren,8,27,5:15,6:42,13:15,16:48,19:45,21:08
yefren,8,28,5:15,6:42,13:15,16:48,19:43,21:06
yefren,8,29,5:16,6:43,13:15,16:47,19:42,21:05
yefren,8,30,5:17,6:44,13:14,16:47,19:41,21:03
yefren,8,31,5:18,6:44,13:14,16:46,19:40,21:02
yefren,9,1,5:19,6:45,13:14,16:45,19:39,21:01
yefren,9,2,5:20,6:45,13:13,16:45,19:37,20:59
yefren,9,3,5:20,6:46,13:13,16:44,19:36,20:58
yefren,9,4,5:21,6:47,13:13,16:43,19:35,20:56
yefren,9,5,5:22,6:47,13:12,16:43,19:33,20:55
yefren,9,6,5:23,6:48,13:12,16:42,19:32,20:53
yefren,9,7,5:24,6:48,13:12,16:41,19:31,20:52
yefren,9,8,5:24,6:49,13:11,16:41,19:30,20:50
yefren,9,9,5:25,6:50,13:11,16:40,19:28,20:49
yefren,9,10,5:26,6:50,13:11,16:39,19:27,20:47
yefren,9,11,5:27,6:51,13:10,16:39,19:26,20:46
yefren,9,12,5:27,6:51,13:10,16:38,19:24,20:44
yefren,9,13,5:28,6:52,13:10,16:37,19:23,20:43
yefren,9,14,5:29,6:53,13:09,16:36,19:22,20:42
yefren,9,15,5:29,6:53,13:09,16:36,19:20,20:40
yefren,9,16,5:30,6:54,13:08,16:35,19:19,20:39
yefren,9,17,5:31,6:54,13:08,16:34,19:18,20:37
yefren,9,18,5:32,6:55,13:08,16:33,19:16,20:36
yefren,9,19,5:32,6:56,13:07,16:32,19:15,20:34
yefren,9,20,5:33,6:56,13:07,16:32,19:14,20:33
yefren,9,21,5:34,6:57,13:07,16:31,19:12,20:31
yefren,9,22,5:34,6:57,13:06,16:30,19:11,20:30
yefren,9,23,5:35,6:58,13:06,16:29,19:10,20:29
yefren,9,24,5:36,6:59,13:05,16:28,19:08,20:27
yefren,9,25,5:36,6:59,13:05,16:27,19:07,20:26
yefren,9,26,5:37,7:00,13:05,16:26,19:06,20:24
yefren,9,27,5:38,7:01,13:04,16:26,19:04,20:23
yefren,9,28,5:38,7:01,13:04,16:25,19:03,20:22
yefren,9,29,5:39,7:02,13:04,16:24,19:02,20:20
yefren,9,30,5:40,7:02,13:03,16:23,19:00,20:19
yefren,10,1,5:40,7:03,13:03,16:22,18:59,20:18
yefren,10,2,5:41,7:04,13:03,16:21,18:58,20:16
yefren,10,3,5:42,7:04,13:02,16:20,18:56,20:15
yefren,10,4,5:42,7:05,13:02,16:19,18:55,20:14
yefren,10,5,5:43,7:06,13:02,16:19,18:54,20:12
yefren,10,6,5:44,7:06,13:01,16:18,18:52,20:11
yefren,10,7,5:44,7:07,13:01,16:17,18:51,20:10
yefren,10,8,5:45,7:08,13:01,16:16,18:50,20:09
yefren,10,9,5:46,7:08,13:01,16:15,18:49,20:07
yefren,10,10,5:46,7:09,13:00,16:14,18:47,20:06
yefren,10,11,5:47,7:10,13:00,16:13,18:46,20:05
yefren,10,12,5:48,7:10,13:00,16:12,18:45,20:04
yefren,10,13,5:48,7:11,12:59,16:12,18:44,20:03
yefren,10,14,5:49,7:12,12:59,16:11,18:43,20:02
yefren,10,15,5:50,7:13,12:59,16:10,18:41,20:00
yefren,10,16,5:50,7:13,12:59,16:09,18:40,19:59
yefren,10,17,5:51,7:14,12:59,16:08,18:39,19:58
yefren,10,18,5:52,7:15,12:58,16:07,18:38,19:57
yefren,10,19,5:52,7:16,12:58,16:07,18:37,19:56
yefren,10,20,5:53,7:16,12:58,16:06,18:36,19:55
yefren,10,21,5:54,7:17,12:58,16:05,18:35,19:54
yefren,10,22,5:54,7:18,12:58,16:04,18:34,19:53
yefren,10,23,5:55,7:19,12:58,16:03,18:33,19:52
yefren,10,24,5:56,7:19,12:57,16:03,18:31,19:51
yefren,10,25,5:56,7:20,12:57,16:02,18:30,19:50
yefren,10,26,5:57,7:21,12:57,16:01,18:29,19:49
yefren,10,27,5:58,7:22,12:57,16:00,18:28,19:48
yefren,10,28,5:59,7:23,12:57,16:00,18:28,19:48
yefren,10,29,5:59,7:23,12:57,15:59,18:27,19:47
yefren,10,30,6:00,7:24,12:57,15:58,18:26,19:46
yefren,10,31,6:01,7:25,12:57,15:58,18:25,19:45
yefren,11,1,6:01,7:26,12:57,15:57,18:24,19:44
yefren,11,2,6:02,7:27,12:57,15:56,18:23,19:44
yefren,11,3,6:03,7:28,12:57,15:56,18:22,19:43
yefren,11,4,6:04,7:28,12:57,15:55,18:21,19:42
yefren,11,5,6:04,7:29,12:57,15:54,18:21,19:42
yefren,11,6,6:05,7:30,12:57,15:54,18:20,19:41
yefren,11,7,6:06,7:31,12:57,15:53,18:19,19:40
yefren,11,8,6:07,7:32,12:57,15:53,18:18,19:40
yefren,11,9,6:07,7:33,12:57,15:52,18:18,19:39
yefren,11,10,6:08,7:34,12:57,15:52,18:17,19:39
yefren,11,11,6:09,7:35,12:57,15:51,18:16,19:38
yefren,11,12,6:10,7:36,12:58,15:51,18:16,19:38
yefren,11,13,6:10,7:36,12:58,15:50,18:15,19:37
yefren,11,14,6:11,7:37,12:58,15:50,18:14,19:37
yefren,11,15,6:12,7:38,12:58,15:49,18:14,19:36
yefren,11,16,6:13,7:39,12:58,15:49,18:13,19:36
yefren,11,17,6:13,7:40,12:58,15:49,18:13,19:35
yefren,11,18,6:14,7:41,12:59,15:48,18:12,19:35
yefren,11,19,6:15,7:42,12:59,15:48,18:12,19:35
yefren,11,20,6:16,7:43,12:59,15:48,18:12,19:35
yefren,11,21,6:17,7:44,12:59,15:47,18:11,19:34
yefren,11,22,6:17,7:45,13:00,15:47,18:11,19:34
yefren,11,23,6:18,7:45,13:00,15:47,18:11,19:34
yefren,11,24,6:19,7:46,13:00,15:47,18:10,19:34
yefren,11,25,6:20,7:47,13:01,15:47,18:10,19:34
yefren,11,26,6:20,7:48,13:01,15:46,18:10,19:33
yefren,11,27,6:21,7:49,13:01,15:46,18:10,19:33
yefren,11,28,6:22,7:50,13:02,15:46,18:09,19:33
yefren,11,29,6:23,7:51,13:02,15:46,18:09,19:33
yefren,11,30,6:23,7:52,13:02,15:46,18:09,19:33
yefren,12,1,6:24,7:52,13:03,15:46,18:09,19:33
yefren,12,2,6:25,7:53,13:03,15:46,18:09,19:33
yefren,12,3,6:25,7:54,13:03,15:46,18:09,19:33
yefren,12,4,6:26,7:55,13:04,15:46,18:09,19:33
yefren,12,5,6:27,7:56,13:04,15:46,18:09,19:34
yefren,12,6,6:28,7:56,13:05,15:46,18:09,19:34
yefren,12,7,6:28,7:57,13:05,15:46,18:09,19:34
yefren,12,8,6:29,7:58,13:05,15:47,18:09,19:34
yefren,12,9,6:30,7:59,13:06,15:47,18:09,19:34
yefren,12,10,6:30,7:59,13:06,15:47,18:09,19:34
yefren,12,11,6:31,8:00,13:07,15:47,18:10,19:35
yefren,12,12,6:32,8:01,13:07,15:47,18:10,19:35
yefren,12,13,6:32,8:01,13:08,15:48,18:10,19:35
yefren,12,14,6:33,8:02,13:08,15:48,18:10,19:36
yefren,12,15,6:33,8:03,13:09,15:48,18:11,19:36
yefren,12,16,6:34,8:03,13:09,15:49,18:11,19:36
yefren,12,17,6:35,8:04,13:10,15:49,18:11,19:37
yefren,12,18,6:35,8:05,13:10,15:50,18:12,19:37
yefren,12,19,6:36,8:05,13:11,15:50,18:12,19:38
yefren,12,20,6:36,8:06,13:11,15:50,18:13,19:38
yefren,12,21,6:37,8:06,13:12,15:51,18:13,19:38
yefren,12,22,6:37,8:07,13:12,15:51,18:13,19:39
yefren,12,23,6:38,8:07,13:13,15:52,18:14,19:39
yefren,12,24,6:38,8:08,13:13,15:52,18:15,19:40
yefren,12,25,6:38,8:08,13:13,15:53,18:15,19:41
yefren,12,26,6:39,8:08,13:14,15:53,18:16,19:41
yefren,12,27,6:39,8:09,13:14,15:54,18:16,19:42
yefren,12,28,6:40,8:09,13:15,15:55,18:17,19:42
yefren,12,29,6:40,8:09,13:15,15:55,18:18,19:43
yefren,12,30,6:40,8:10,13:16,15:56,18:18,19:43
yefren,12,31,6:41,8:10,13:16,15:57,18:19,19:44
zawia,1,1,06:41,08:11,13:16,15:55,18:17,19:43
zawia,1,2,06:41,08:11,13:16,15:56,18:18,19:44
zawia,1,3,06:41,08:11,13:17,15:56,18:19,19:44
zawia,1,4,06:42,08:11,13:17,15:57,18:19,19:45
zawia,1,5,06:42,08:11,13:18,15:58,18:20,19:46
zawia,1,6,06:42,08:12,13:18,15:58,18:21,19:46
zawia,1,7,06:42,08:12,13:19,15:59,18:22,19:47
zawia,1,8,06:42,08:12,13:19,16:00,18:23,19:48
zawia,1,9,06:42,08:12,13:20,16:01,18:23,19:49
zawia,1,10,06:42,08:12,13:20,16:02,18:24,19:49
zawia,1,11,06:43,08:12,13:20,16:02,18:25,19:50
zawia,1,12,06:43,08:11,13:21,16:03,18:26,19:51
zawia,1,13,06:43,08:11,13:21,16:04,18:27,19:52
zawia,1,14,06:42,08:11,13:21,16:05,18:28,19:52
zawia,1,15,06:42,08:11,13:22,16:06,18:29,19:53
zawia,1,16,06:42,08:11,13:22,16:06,18:30,19:54
zawia,1,17,06:42,08:11,13:23,16:07,18:31,19:55
zawia,1,18,06:42,08:10,13:23,16:08,18:32,19:56
zawia,1,19,06:42,08:10,13:23,16:09,18:32,19:56
zawia,1,20,06:42,08:10,13:24,16:10,18:33,19:57
zawia,1,21,06:42,08:09,13:24,16:11,18:34,19:58
zawia,1,22,06:41,08:09,13:24,16:11,18:35,19:59
zawia,1,23,06:41,08:08,13:24,16:12,18:36,20:00
zawia,1,24,06:41,08:08,13:25,16:13,18:37,20:01
zawia,1,25,06:40,08:08,13:25,16:14,18:38,20:01
zawia,1,26,06:40,08:07,13:25,16:15,18:39,20:02
zawia,1,27,06:40,08:07,13:25,16:16,18:40,20:03
zawia,1,28,06:39,08:06,13:26,16:16,18:41,20:04
zawia,1,29,06:39,08:05,13:26,16:17,18:42,20:05
zawia,1,30,06:38,08:05,13:26,16:18,18:43,20:05
zawia,1,31,06:38,08:04,13:26,16:19,18:44,20:06
zawia,2,1,06:37,08:04,13:26,16:20,18:45,20:07
zawia,2,2,06:37,08:03,13:26,16:20,18:46,20:08
zawia,2,3,06:36,08:02,13:27,16:21,18:47,20:09
zawia,2,4,06:36,08:02,13:27,16:22,18:48,20:10
zawia,2,5,06:35,08:01,13:27,16:23,18:49,20:10
zawia,2,6,06:34,08:00,13:27,16:23,18:50,20:11
zawia,2,7,06:34,07:59,13:27,16:24,18:51,20:12
zawia,2,8,06:33,07:58,13:27,16:25,18:52,20:13
zawia,2,9,06:32,07:58,13:27,16:26,18:52,20:14
zawia,2,10,06:32,07:57,13:27,16:26,18:53,20:14
zawia,2,11,06:31,07:56,13:27,16:27,18:54,20:15
zawia,2,12,06:30,07:55,13:27,16:28,18:55,20:16
zawia,2,13,06:29,07:54,13:27,16:28,18:56,20:17
zawia,2,14,06:28,07:53,13:27,16:29,18:57,20:18
zawia,2,15,06:28,07:52,13:27,16:30,18:58,20:18
zawia,2,16,06:27,07:51,13:27,16:30,18:59,20:19
zawia,2,17,06:26,07:50,13:27,16:31,19:00,20:20
zawia,2,18,06:25,07:49,13:27,16:31,19:01,20:21
zawia,2,19,06:24,07:48,13:27,16:32,19:01,20:22
zawia,2,20,06:23,07:47,13:27,16:33,19:02,20:22
zawia,2,21,06:22,07:46,13:27,16:33,19:03,20:23
zawia,2,22,06:21,07:45,13:26,16:34,19:04,20:24
zawia,2,23,06:20,07:44,13:26,16:34,19:05,20:25
zawia,2,24,06:19,07:43,13:26,16:35,19:06,20:25
zawia,2,25,06:18,07:42,13:26,16:35,19:06,20:26
zawia,2,26,06:17,07:40,13:26,16:36,19:07,20:27
zawia,2,27,06:16,07:39,13:26,16:36,19:08,20:28
zawia,2,28,06:14,07:38,13:25,16:37,19:09,20:28
zawia,2,29,06:14,07:38,13:25,16:37,19:09,20:28
zawia,3,1,06:13,07:37,13:25,16:37,19:10,20:29
zawia,3,2,06:12,07:36,13:25,16:38,19:10,20:30
zawia,3,3,06:11,07:34,13:25,16:38,19:11,20:31
zawia,3,4,06:10,07:33,13:25,16:38,19:12,20:31
zawia,3,5,06:09,07:32,13:24,16:39,19:13,20:32
zawia,3,6,06:07,07:31,13:24,16:39,19:14,20:33
zawia,3,7,06:06,07:29,13:24,16:40,19:14,20:34
zawia,3,8,06:05,07:28,13:24,16:40,19:15,20:34
zawia,3,9,06:04,07:27,13:23,16:40,19:16,20:35
zawia,3,10,06:02,07:26,13:23,16:41,19:17,20:36
zawia,3,11,06:01,07:24,13:23,16:41,19:17,20:37
zawia,3,12,06:00,07:23,13:23,16:41,19:18,20:37
zawia,3,13,05:58,07:22,13:22,16:42,19:19,20:38
zawia,3,14,05:57,07:20,13:22,16:42,19:19,20:39
zawia,3,15,05:56,07:19,13:22,16:42,19:20,20:40
zawia,3,16,05:54,07:18,13:21,16:42,19:21,20:40
zawia,3,17,05:53,07:17,13:21,16:43,19:22,20:41
zawia,3,18,05:52,07:15,13:21,16:43,19:22,20:42
zawia,3,19,05:50,07:14,13:20,16:43,19:23,20:43
zawia,3,20,05:49,07:13,13:20,16:43,19:24,20:44
zawia,3,21,05:47,07:11,13:20,16:43,19:24,20:44
zawia,3,22,05:46,07:10,13:20,16:44,19:25,20:45
zawia,3,23,05:45,07:09,13:19,16:44,19:26,20:46
zawia,3,24,05:43,07:07,13:19,16:44,19:27,20:47
zawia,3,25,05:42,07:06,13:19,16:44,19:27,20:47
zawia,3,26,05:40,07:05,13:18,16:44,19:28,20:48
zawia,3,27,05:39,07:03,13:18,16:44,19:29,20:49
zawia,3,28,05:37,07:02,13:18,16:45,19:29,20:50
zawia,3,29,05:36,07:01,13:17,16:45,19:30,20:51
zawia,3,30,05:34,06:59,13:17,16:45,19:31,20:51
zawia,3,31,05:33,06:58,13:17,16:45,19:31,20:52
zawia,4,1,05:32,06:57,13:16,16:45,19:32,20:53
zawia,4,2,05:30,06:55,13:16,16:45,19:33,20:54
zawia,4,3,05:29,06:54,13:16,16:45,19:33,20:55
zawia,4,4,05:27,06:53,13:15,16:45,19:34,20:56
zawia,4,5,05:26,06:51,13:15,16:45,19:35,20:57
zawia,4,6,05:24,06:50,13:15,16:45,19:36,20:57
zawia,4,7,05:23,06:49,13:15,16:45,19:36,20:58
zawia,4,8,05:21,06:47,13:14,16:46,19:37,20:59
zawia,4,9,05:20,06:46,13:14,16:46,19:38,21:00
zawia,4,10,05:18,06:45,13:14,16:46,19:38,21:01
zawia,4,11,05:17,06:44,13:13,16:46,19:39,21:02
zawia,4,12,05:15,06:42,13:13,16:46,19:40,21:03
zawia,4,13,05:14,06:41,13:13,16:46,19:40,21:04
zawia,4,14,05:13,06:40,13:13,16:46,19:41,21:05
zawia,4,15,05:11,06:39,13:12,16:46,19:42,21:06
zawia,4,16,05:10,06:38,13:12,16:46,19:43,21:06
zawia,4,17,05:08,06:36,13:12,16:46,19:43,21:07
zawia,4,18,05:07,06:35,13:12,16:46,19:44,21:08
zawia,4,19,05:06,06:34,13:11,16:46,19:45,21:09
zawia,4,20,05:04,06:33,13:11,16:46,19:45,21:10
zawia,4,21,05:03,06:32,13:11,16:46,19:46,21:11
zawia,4,22,05:01,06:31,13:11,16:46,19:47,21:12
zawia,4,23,05:00,06:30,13:11,16:46,19:48,21:13
zawia,4,24,04:59,06:28,13:10,16:46,19:48,21:14
zawia,4,25,04:57,06:27,13:10,16:46,19:49,21:15
zawia,4,26,04:56,06:26,13:10,16:46,19:50,21:16
zawia,4,27,04:55,06:25,13:10,16:46,19:51,21:17
zawia,4,28,04:53,06:24,13:10,16:46,19:51,21:18
zawia,4,29,04:52,06:23,13:10,16:46,19:52,21:19
zawia,4,30,04:51,06:22,13:10,16:46,19:53,21:20
zawia,5,1,04:49,06:21,13:09,16:46,19:54,21:21
zawia,5,2,04:48,06:20,13:09,16:46,19:54,21:22
zawia,5,3,04:47,06:19,13:09,16:46,19:55,21:23
zawia,5,4,04:46,06:18,13:09,16:46,19:56,21:25
zawia,5,5,04:45,06:18,13:09,16:46,19:57,21:26
zawia,5,6,04:43,06:17,13:09,16:46,19:57,21:27
zawia,5,7,04:42,06:16,13:09,16:46,19:58,21:28
zawia,5,8,04:41,06:15,13:09,16:46,19:59,21:29
zawia,5,9,04:40,06:14,13:09,16:47,20:00,21:30
zawia,5,10,04:39,06:13,13:09,16:47,20:00,21:31
zawia,5,11,04:38,06:13,13:09,16:47,20:01,21:32
zawia,5,12,04:37,06:12,13:09,16:47,20:02,21:33
zawia,5,13,04:36,06:11,13:09,16:47,20:02,21:34
zawia,5,14,04:35,06:10,13:09,16:47,20:03,21:35
zawia,5,15,04:34,06:10,13:09,16:47,20:04,21:36
zawia,5,16,04:33,06:09,13:09,16:47,20:05,21:37
zawia,5,17,04:32,06:08,13:09,16:47,20:05,21:38
zawia,5,18,04:31,06:08,13:09,16:47,20:06,21:39
zawia,5,19,04:30,06:07,13:09,16:47,20:07,21:40
zawia,5,20,04:29,06:07,13:09,16:47,20:08,21:41
zawia,5,21,04:28,06:06,13:09,16:47,20:08,21:42
zawia,5,22,04:27,06:05,13:09,16:47,20:09,21:43
zawia,5,23,04:27,06:05,13:09,16:48,20:10,21:44
zawia,5,24,04:26,06:04,13:09,16:48,20:10,21:45
zawia,5,25,04:25,06:04,13:09,16:48,20:11,21:46
zawia,5,26,04:24,06:04,13:10,16:48,20:12,21:47
zawia,5,27,04:24,06:03,13:10,16:48,20:12,21:48
zawia,5,28,04:23,06:03,13:10,16:48,20:13,21:49
zawia,5,29,04:22,06:02,13:10,16:48,20:13,21:49
zawia,5,30,04:22,06:02,13:10,16:48,20:14,21:50
zawia,5,31,04:21,06:02,13:10,16:49,20:15,21:51
zawia,6,1,04:21,06:01,13:10,16:49,20:15,21:52
zawia,6,2,04:20,06:01,13:10,16:49,20:16,21:53
zawia,6,3,04:20,06:01,13:11,16:49,20:16,21:53
zawia,6,4,04:19,06:01,13:11,16:49,20:17,21:54
zawia,6,5,04:19,06:01,13:11,16:49,20:17,21:55
zawia,6,6,04:19,06:00,13:11,16:49,20:18,21:56
zawia,6,7,04:18,06:00,13:11,16:50,20:18,21:56
zawia,6,8,04:18,06:00,13:12,16:50,20:19,21:57
zawia,6,9,04:18,06:00,13:12,16:50,20:19,21:57
zawia,6,10,04:18,06:00,13:12,16:50,20:20,21:58
zawia,6,11,04:18,06:00,13:12,16:50,20:20,21:59
zawia,6,12,04:17,06:00,13:12,16:51,20:21,21:59
zawia,6,13,04:17,06:00,13:12,16:51,20:21,22:00
zawia,6,14,04:17,06:00,13:13,16:51,20:21,22:00
zawia,6,15,04:17,06:00,13:13,16:51,20:22,22:01
zawia,6,16,04:17,06:00,13:13,16:51,20:22,22:01
zawia,6,17,04:17,06:00,13:13,16:51,20:22,22:01
zawia,6,18,04:17,06:00,13:13,16:52,20:23,22:02
zawia,6,19,04:17,06:00,13:14,16:52,20:23,22:02
zawia,6,20,04:18,06:01,13:14,16:52,20:23,22:02
zawia,6,21,04:18,06:01,13:14,16:52,20:23,22:02
zawia,6,22,04:18,06:01,13:14,16:52,20:24,22:03
zawia,6,23,04:18,06:01,13:14,16:53,20:24,22:03
zawia,6,24,04:19,06:02,13:15,16:53,20:24,22:03
zawia,6,25,04:19,06:02,13:15,16:53,20:24,22:03
zawia,6,26,04:19,06:02,13:15,16:53,20:24,22:03
zawia,6,27,04:20,06:02,13:15,16:54,20:24,22:03
zawia,6,28,04:20,06:03,13:15,16:54,20:24,22:03
zawia,6,29,04:20,06:03,13:16,16:54,20:24,22:03
zawia,6,30,04:21,06:03,13:16,16:54,20:24,22:03
zawia,7,1,04:21,06:04,13:16,16:54,20:24,22:03
zawia,7,2,04:22,06:04,13:16,16:54,20:24,22:03
zawia,7,3,04:23,06:05,13:16,16:55,20:24,22:02
zawia,7,4,04:23,06:05,13:17,16:55,20:24,22:02
zawia,7,5,04:24,06:06,13:17,16:55,20:24,22:02
zawia,7,6,04:24,06:06,13:17,16:55,20:24,22:01
zawia,7,7,04:25,06:07,13:17,16:55,20:24,22:01
zawia,7,8,04:26,06:07,13:17,16:56,20:23,22:01
zawia,7,9,04:26,06:08,13:17,16:56,20:23,22:00
zawia,7,10,04:27,06:08,13:18,16:56,20:23,22:00
zawia,7,11,04:28,06:09,13:18,16:56,20:23,21:59
zawia,7,12,04:29,06:09,13:18,16:56,20:22,21:59
zawia,7,13,04:30,06:10,13:18,16:56,20:22,21:58
zawia,7,14,04:30,06:10,13:18,16:56,20:22,21:58
zawia,7,15,04:31,06:11,13:18,16:56,20:21,21:57
zawia,7,16,04:32,06:12,13:18,16:57,20:21,21:56
zawia,7,17,04:33,06:12,13:18,16:57,20:20,21:56
zawia,7,18,04:34,06:13,13:18,16:57,20:20,21:55
zawia,7,19,04:35,06:13,13:18,16:57,20:20,21:54
zawia,7,20,04:36,06:14,13:19,16:57,20:19,21:54
zawia,7,21,04:37,06:15,13:19,16:57,20:19,21:53
zawia,7,22,04:37,06:15,13:19,16:57,20:18,21:52
zawia,7,23,04:38,06:16,13:19,16:57,20:17,21:51
zawia,7,24,04:39,06:17,13:19,16:57,20:17,21:50
zawia,7,25,04:40,06:17,13:19,16:57,20:16,21:49
zawia,7,26,04:41,06:18,13:19,16:57,20:16,21:48
zawia,7,27,04:42,06:19,13:19,16:57,20:15,21:47
zawia,7,28,04:43,06:19,13:19,16:57,20:14,21:46
zawia,7,29,04:44,06:20,13:19,16:57,20:13,21:45
zawia,7,30,04:45,06:21,13:19,16:57,20:13,21:44
zawia,7,31,04:46,06:21,13:19,16:57,20:12,21:43
zawia,8,1,04:47,06:22,13:19,16:57,20:11,21:42
zawia,8,2,04:48,06:23,13:19,16:56,20:10,21:41
zawia,8,3,04:49,06:24,13:19,16:56,20:10,21:40
zawia,8,4,04:50,06:24,13:19,16:56,20:09,21:39
zawia,8,5,04:51,06:25,13:18,16:56,20:08,21:38
zawia,8,6,04:52,06:26,13:18,16:56,20:07,21:36
zawia,8,7,04:53,06:26,13:18,16:56,20:06,21:35
zawia,8,8,04:54,06:27,13:18,16:55,20:05,21:34
zawia,8,9,04:55,06:28,13:18,16:55,20:04,21:33
zawia,8,10,04:56,06:28,13:18,16:55,20:03,21:32
zawia,8,11,04:57,06:29,13:18,16:55,20:02,21:30
zawia,8,12,04:58,06:30,13:18,16:54,20:01,21:29
zawia,8,13,04:59,06:31,13:17,16:54,20:00,21:28
zawia,8,14,05:00,06:31,13:17,16:54,19:59,21:26
zawia,8,15,05:01,06:32,13:17,16:53,19:58,21:25
zawia,8,16,05:02,06:33,13:17,16:53,19:57,21:24
zawia,8,17,05:03,06:33,13:17,16:53,19:56,21:22
zawia,8,18,05:04,06:34,13:16,16:52,19:55,21:21
zawia,8,19,05:05,06:35,13:16,16:52,19:54,21:20
zawia,8,20,05:06,06:35,13:16,16:51,19:53,21:18
zawia,8,21,05:07,06:36,13:16,16:51,19:52,21:17
zawia,8,22,05:08,06:37,13:16,16:50,19:50,21:15
zawia,8,23,05:09,06:37,13:15,16:50,19:49,21:14
zawia,8,24,05:10,06:38,13:15,16:50,19:48,21:13
zawia,8,25,05:10,06:39,13:15,16:49,19:47,21:11
zawia,8,26,05:11,06:39,13:15,16:48,19:46,21:10
zawia,8,27,05:12,06:40,13:14,16:48,19:44,21:08
zawia,8,28,05:13,06:41,13:14,16:47,19:43,21:07
zawia,8,29,05:14,06:41,13:14,16:47,19:42,21:05
zawia,8,30,05:15,06:42,13:13,16:46,19:41,21:04
zawia,8,31,05:16,06:43,13:13,16:46,19:39,21:02
zawia,9,1,05:17,06:43,13:13,16:45,19:38,21:01
zawia,9,2,05:17,06:44,13:12,16:44,19:37,20:59
zawia,9,3,05:18,06:45,13:12,16:44,19:36,20:58
zawia,9,4,05:19,06:45,13:12,16:43,19:34,20:57
zawia,9,5,05:20,06:46,13:11,16:42,19:33,20:55
zawia,9,6,05:21,06:46,13:11,16:42,19:32,20:54
zawia,9,7,05:21,06:47,13:11,16:41,19:30,20:52
zawia,9,8,05:22,06:48,13:10,16:40,19:29,20:51
zawia,9,9,05:23,06:48,13:10,16:39,19:28,20:49
zawia,9,10,05:24,06:49,13:10,16:39,19:26,20:48
zawia,9,11,05:25,06:50,13:09,16:38,19:25,20:46
zawia,9,12,05:25,06:50,13:09,16:37,19:24,20:45
zawia,9,13,05:26,06:51,13:09,16:36,19:22,20:43
zawia,9,14,05:27,06:51,13:08,16:36,19:21,20:42
zawia,9,15,05:28,06:52,13:08,16:35,19:20,20:40
zawia,9,16,05:28,06:53,13:07,16:34,19:18,20:39
zawia,9,17,05:29,06:53,13:07,16:33,19:17,20:37
zawia,9,18,05:30,06:54,13:07,16:32,19:15,20:36
zawia,9,19,05:31,06:55,13:06,16:31,19:14,20:34
zawia,9,20,05:31,06:55,13:06,16:31,19:13,20:33
zawia,9,21,05:32,06:56,13:06,16:30,19:11,20:31
zawia,9,22,05:33,06:57,13:05,16:29,19:10,20:30
zawia,9,23,05:33,06:57,13:05,16:28,19:09,20:28
zawia,9,24,05:34,06:58,13:05,16:27,19:07,20:27
zawia,9,25,05:35,06:58,13:04,16:26,19:06,20:26
zawia,9,26,05:35,06:59,13:04,16:25,19:05,20:24
zawia,9,27,05:36,07:00,13:03,16:25,19:03,20:23
zawia,9,28,05:37,07:00,13:03,16:24,19:02,20:21
zawia,9,29,05:38,07:01,13:03,16:23,19:00,20:20
zawia,9,30,05:38,07:02,13:02,16:22,18:59,20:19
zawia,10,1,05:39,07:02,13:02,16:21,18:58,20:17
zawia,10,2,05:40,07:03,13:02,16:20,18:56,20:16
zawia,10,3,05:40,07:04,13:01,16:19,18:55,20:15
zawia,10,4,05:41,07:04,13:01,16:18,18:54,20:13
zawia,10,5,05:42,07:05,13:01,16:17,18:52,20:12
zawia,10,6,05:42,07:06,13:00,16:16,18:51,20:11
zawia,10,7,05:43,07:06,13:00,16:15,18:50,20:09
zawia,10,8,05:44,07:07,13:00,16:15,18:49,20:08
zawia,10,9,05:44,07:08,13:00,16:14,18:47,20:07
zawia,10,10,05:45,07:09,12:59,16:13,18:46,20:06
zawia,10,11,05:46,07:09,12:59,16:12,18:45,20:04
zawia,10,12,05:46,07:10,12:59,16:11,18:44,20:03
zawia,10,13,05:47,07:11,12:59,16:10,18:42,20:02
zawia,10,14,05:48,07:11,12:58,16:09,18:41,20:01
zawia,10,15,05:49,07:12,12:58,16:08,18:40,20:00
zawia,10,16,05:49,07:13,12:58,16:07,18:39,19:58
zawia,10,17,05:50,07:14,12:58,16:07,18:38,19:57
zawia,10,18,05:51,07:14,12:57,16:06,18:36,19:56
zawia,10,19,05:51,07:15,12:57,16:05,18:35,19:55
zawia,10,20,05:52,07:16,12:57,16:04,18:34,19:54
zawia,10,21,05:53,07:17,12:57,16:03,18:33,19:53
zawia,10,22,05:53,07:18,12:57,16:02,18:32,19:52
zawia,10,23,05:54,07:18,12:57,16:02,18:31,19:51
zawia,10,24,05:55,07:19,12:56,16:01,18:30,19:50
zawia,10,25,05:56,07:20,12:56,16:00,18:29,19:49
zawia,10,26,05:56,07:21,12:56,15:59,18:28,19:48
zawia,10,27,05:57,07:22,12:56,15:59,18:27,19:47
zawia,10,28,05:58,07:23,12:56,15:58,18:26,19:46
zawia,10,29,05:59,07:23,12:56,15:57,18:25,19:46
zawia,10,30,05:59,07:24,12:56,15:56,18:24,19:45
zawia,10,31,06:00,07:25,12:56,15:56,18:23,19:44
zawia,11,1,06:01,07:26,12:56,15:55,18:22,19:43
zawia,11,2,06:02,07:27,12:56,15:54,18:21,19:42
zawia,11,3,06:02,07:28,12:56,15:54,18:20,19:42
zawia,11,4,06:03,07:29,12:56,15:53,18:19,19:41
zawia,11,5,06:04,07:29,12:56,15:52,18:19,19:40
zawia,11,6,06:05,07:30,12:56,15:52,18:18,19:40
zawia,11,7,06:05,07:31,12:56,15:51,18:17,19:39
zawia,11,8,06:06,07:32,12:56,15:51,18:16,19:38
zawia,11,9,06:07,07:33,12:56,15:50,18:16,19:38
zawia,11,10,06:08,07:34,12:56,15:50,18:15,19:37
zawia,11,11,06:08,07:35,12:57,15:49,18:14,19:37
zawia,11,12,06:09,07:36,12:57,15:49,18:14,19:36
zawia,11,13,06:10,07:37,12:57,15:48,18:13,19:36
zawia,11,14,06:11,07:38,12:57,15:48,18:12,19:35
zawia,11,15,06:12,07:39,12:57,15:47,18:12,19:35
zawia,11,16,06:12,07:40,12:57,15:47,18:11,19:34
zawia,11,17,06:13,07:40,12:58,15:46,18:11,19:34
zawia,11,18,06:14,07:41,12:58,15:46,18:10,19:34
zawia,11,19,06:15,07:42,12:58,15:46,18:10,19:33
zawia,11,20,06:16,07:43,12:58,15:45,18:09,19:33
zawia,11,21,06:16,07:44,12:59,15:45,18:09,19:33
zawia,11,22,06:17,07:45,12:59,15:45,18:09,19:32
zawia,11,23,06:18,07:46,12:59,15:45,18:08,19:32
zawia,11,24,06:19,07:47,12:59,15:44,18:08,19:32
zawia,11,25,06:19,07:48,13:00,15:44,18:08,19:32
zawia,11,26,06:20,07:49,13:00,15:44,18:07,19:32
zawia,11,27,06:21,07:49,13:00,15:44,18:07,19:32
zawia,11,28,06:22,07:50,13:01,15:44,18:07,19:32
zawia,11,29,06:22,07:51,13:01,15:44,18:07,19:32
zawia,11,30,06:23,07:52,13:01,15:44,18:07,19:31
zawia,12,1,06:24,07:53,13:02,15:44,18:06,19:31
zawia,12,2,06:25,07:54,13:02,15:44,18:06,19:32
zawia,12,3,06:25,07:55,13:02,15:44,18:06,19:32
zawia,12,4,06:26,07:55,13:03,15:44,18:06,19:32
zawia,12,5,06:27,07:56,13:03,15:44,18:06,19:32
zawia,12,6,06:28,07:57,13:04,15:44,18:06,19:32
zawia,12,7,06:28,07:58,13:04,15:44,18:06,19:32
zawia,12,8,06:29,07:59,13:05,15:44,18:07,19:32
zawia,12,9,06:30,07:59,13:05,15:44,18:07,19:32
zawia,12,10,06:30,08:00,13:05,15:45,18:07,19:33
zawia,12,11,06:31,08:01,13:06,15:45,18:07,19:33
zawia,12,12,06:32,08:01,13:06,15:45,18:07,19:33
zawia,12,13,06:32,08:02,13:07,15:45,18:07,19:33
zawia,12,14,06:33,08:03,13:07,15:46,18:08,19:34
zawia,12,15,06:33,08:03,13:08,15:46,18:08,19:34
zawia,12,16,06:34,08:04,13:08,15:46,18:08,19:34
zawia,12,17,06:35,08:05,13:09,15:47,18:09,19:35
zawia,12,18,06:35,08:05,13:09,15:47,18:09,19:35
zawia,12,19,06:36,08:06,13:10,15:47,18:09,19:36
zawia,12,20,06:36,08:06,13:10,15:48,18:10,19:36
zawia,12,21,06:37,08:07,13:11,15:48,18:10,19:37
zawia,12,22,06:37,08:07,13:11,15:49,18:11,19:37
zawia,12,23,06:38,08:08,13:12,15:49,18:11,19:38
zawia,12,24,06:38,08:08,13:12,15:50,18:12,19:38
zawia,12,25,06:38,08:09,13:13,15:50,18:12,19:39
zawia,12,26,06:39,08:09,13:13,15:51,18:13,19:39
zawia,12,27,06:39,08:09,13:14,15:52,18:14,19:40
zawia,12,28,06:40,08:10,13:14,15:52,18:14,19:40
zawia,12,29,06:40,08:10,13:14,15:53,18:15,19:41
zawia,12,30,06:40,08:10,13:15,15:53,18:16,19:42
zawia,12,31,06:41,08:11,13:15,15:54,18:16,19:42
zleatin,1,1,06:33,08:03,13:09,15:48,18:11,19:36
zleatin,1,2,06:33,08:03,13:09,15:49,18:11,19:37
zleatin,1,3,06:34,08:03,13:10,15:50,18:12,19:37
zleatin,1,4,06:34,08:03,13:10,15:50,18:13,19:38
zleatin,1,5,06:34,08:03,13:10,15:51,18:14,19:39
zleatin,1,6,06:34,08:03,13:11,15:52,18:14,19:40
zleatin,1,7,06:34,08:03,13:11,15:53,18:15,19:40
zleatin,1,8,06:35,08:04,13:12,15:53,18:16,19:41
zleatin,1,9,06:35,08:04,13:12,15:54,18:17,19:42
zleatin,1,10,06:35,08:03,13:13,15:55,18:18,19:42
zleatin,1,11,06:35,08:03,13:13,15:56,18:19,19:43
zleatin,1,12,06:35,08:03,13:13,15:57,18:19,19:44
zleatin,1,13,06:35,08:03,13:14,15:57,18:20,19:45
zleatin,1,14,06:35,08:03,13:14,15:58,18:21,19:46
zleatin,1,15,06:35,08:03,13:15,15:59,18:22,19:46
zleatin,1,16,06:35,08:03,13:15,16:00,18:23,19:47
zleatin,1,17,06:35,08:02,13:15,16:01,18:24,19:48
zleatin,1,18,06:34,08:02,13:16,16:01,18:25,19:49
zleatin,1,19,06:34,08:02,13:16,16:02,18:26,19:50
zleatin,1,20,06:34,08:02,13:16,16:03,18:27,19:50
zleatin,1,21,06:34,08:01,13:16,16:04,18:28,19:51
zleatin,1,22,06:34,08:01,13:17,16:05,18:29,19:52
zleatin,1,23,06:33,08:00,13:17,16:06,18:30,19:53
zleatin,1,24,06:33,08:00,13:17,16:06,18:31,19:54
zleatin,1,25,06:33,08:00,13:18,16:07,18:31,19:54
zleatin,1,26,06:32,07:59,13:18,16:08,18:32,19:55
zleatin,1,27,06:32,07:59,13:18,16:09,18:33,19:56
zleatin,1,28,06:32,07:58,13:18,16:10,18:34,19:57
zleatin,1,29,06:31,07:58,13:18,16:10,18:35,19:58
zleatin,1,30,06:31,07:57,13:19,16:11,18:36,19:58
zleatin,1,31,06:30,07:56,13:19,16:12,18:37,19:59
zleatin,2,1,06:30,07:56,13:19,16:13,18:38,20:00
zleatin,2,2,06:29,07:55,13:19,16:14,18:39,20:01
zleatin,2,3,06:29,07:54,13:19,16:14,18:40,20:02
zleatin,2,4,06:28,07:54,13:19,16:15,18:41,20:02
zleatin,2,5,06:28,07:53,13:19,16:16,18:42,20:03
zleatin,2,6,06:27,07:52,13:19,16:17,18:43,20:04
zleatin,2,7,06:26,07:51,13:20,16:17,18:44,20:05
zleatin,2,8,06:26,07:51,13:20,16:18,18:45,20:06
zleatin,2,9,06:25,07:50,13:20,16:19,18:46,20:06
zleatin,2,10,06:24,07:49,13:20,16:19,18:47,20:07
zleatin,2,11,06:23,07:48,13:20,16:20,18:47,20:08
zleatin,2,12,06:23,07:47,13:20,16:21,18:48,20:09
zleatin,2,13,06:22,07:46,13:20,16:21,18:49,20:10
zleatin,2,14,06:21,07:45,13:20,16:22,18:50,20:10
zleatin,2,15,06:20,07:44,13:20,16:23,18:51,20:11
zleatin,2,16,06:19,07:43,13:20,16:23,18:52,20:12
zleatin,2,17,06:18,07:42,13:20,16:24,18:53,20:13
zleatin,2,18,06:17,07:41,13:19,16:25,18:54,20:14
zleatin,2,19,06:17,07:40,13:19,16:25,18:54,20:14
zleatin,2,20,06:16,07:39,13:19,16:26,18:55,20:15
zleatin,2,21,06:15,07:38,13:19,16:26,18:56,20:16
zleatin,2,22,06:14,07:37,13:19,16:27,18:57,20:17
zleatin,2,23,06:13,07:36,13:19,16:27,18:58,20:17
zleatin,2,24,06:12,07:35,13:19,16:28,18:59,20:18
zleatin,2,25,06:10,07:34,13:19,16:28,18:59,20:19
zleatin,2,26,06:09,07:33,13:18,16:29,19:00,20:20
zleatin,2,27,06:08,07:32,13:18,16:29,19:01,20:20
zleatin,2,28,06:07,07:30,13:18,16:30,19:02,20:21
zleatin,2,29,06:07,07:30,13:18,16:30,19:02,20:21
zleatin,3,1,06:06,07:29,13:18,16:30,19:03,20:22
zleatin,3,2,06:05,07:28,13:18,16:31,19:03,20:23
zleatin,3,3,06:04,07:27,13:18,16:31,19:04,20:23
zleatin,3,4,06:03,07:26,13:17,16:31,19:05,20:24
zleatin,3,5,06:01,07:24,13:17,16:32,19:06,20:25
zleatin,3,6,06:00,07:23,13:17,16:32,19:06,20:25
zleatin,3,7,05:59,07:22,13:17,16:32,19:07,20:26
zleatin,3,8,05:58,07:21,13:16,16:33,19:08,20:27
zleatin,3,9,05:56,07:19,13:16,16:33,19:09,20:28
zleatin,3,10,05:55,07:18,13:16,16:33,19:09,20:28
zleatin,3,11,05:54,07:17,13:16,16:34,19:10,20:29
zleatin,3,12,05:53,07:16,13:15,16:34,19:11,20:30
zleatin,3,13,05:51,07:14,13:15,16:34,19:12,20:31
zleatin,3,14,05:50,07:13,13:15,16:35,19:12,20:31
zleatin,3,15,05:49,07:12,13:14,16:35,19:13,20:32
zleatin,3,16,05:47,07:10,13:14,16:35,19:14,20:33
zleatin,3,17,05:46,07:09,13:14,16:35,19:14,20:34
zleatin,3,18,05:45,07:08,13:13,16:36,19:15,20:34
zleatin,3,19,05:43,07:07,13:13,16:36,19:16,20:35
zleatin,3,20,05:42,07:05,13:13,16:36,19:16,20:36
zleatin,3,21,05:40,07:04,13:12,16:36,19:17,20:37
zleatin,3,22,05:39,07:03,13:12,16:36,19:18,20:37
zleatin,3,23,05:38,07:01,13:12,16:36,19:18,20:38
zleatin,3,24,05:36,07:00,13:12,16:37,19:19,20:39
zleatin,3,25,05:35,06:59,13:11,16:37,19:20,20:40
zleatin,3,26,05:33,06:57,13:11,16:37,19:21,20:40
zleatin,3,27,05:32,06:56,13:11,16:37,19:21,20:41
zleatin,3,28,05:30,06:55,13:10,16:37,19:22,20:42
zleatin,3,29,05:29,06:53,13:10,16:37,19:23,20:43
zleatin,3,30,05:28,06:52,13:10,16:37,19:23,20:44
zleatin,3,31,05:26,06:51,13:09,16:37,19:24,20:44
zleatin,4,1,05:25,06:49,13:09,16:38,19:25,20:45
zleatin,4,2,05:23,06:48,13:09,16:38,19:25,20:46
zleatin,4,3,05:22,06:47,13:08,16:38,19:26,20:47
zleatin,4,4,05:20,06:46,13:08,16:38,19:27,20:48
zleatin,4,5,05:19,06:44,13:08,16:38,19:27,20:49
zleatin,4,6,05:17,06:43,13:07,16:38,19:28,20:49
zleatin,4,7,05:16,06:42,13:07,16:38,19:29,20:50
zleatin,4,8,05:15,06:40,13:07,16:38,19:29,20:51
zleatin,4,9,05:13,06:39,13:07,16:38,19:30,20:52
zleatin,4,10,05:12,06:38,13:06,16:38,19:31,20:53
zleatin,4,11,05:10,06:37,13:06,16:38,19:31,20:54
zleatin,4,12,05:09,06:35,13:06,16:38,19:32,20:55
zleatin,4,13,05:07,06:34,13:06,16:38,19:33,20:56
zleatin,4,14,05:06,06:33,13:05,16:38,19:34,20:57
zleatin,4,15,05:05,06:32,13:05,16:38,19:34,20:57
zleatin,4,16,05:03,06:31,13:05,16:38,19:35,20:58
zleatin,4,17,05:02,06:29,13:05,16:38,19:36,20:59
zleatin,4,18,05:00,06:28,13:04,16:38,19:36,21:00
zleatin,4,19,04:59,06:27,13:04,16:38,19:37,21:01
zleatin,4,20,04:58,06:26,13:04,16:38,19:38,21:02
zleatin,4,21,04:56,06:25,13:04,16:38,19:38,21:03
zleatin,4,22,04:55,06:24,13:03,16:38,19:39,21:04
zleatin,4,23,04:54,06:23,13:03,16:38,19:40,21:05
zleatin,4,24,04:52,06:22,13:03,16:38,19:41,21:06
zleatin,4,25,04:51,06:21,13:03,16:38,19:41,21:07
zleatin,4,26,04:50,06:19,13:03,16:38,19:42,21:08
zleatin,4,27,04:48,06:18,13:03,16:38,19:43,21:09
zleatin,4,28,04:47,06:17,13:02,16:38,19:44,21:10
zleatin,4,29,04:46,06:16,13:02,16:38,19:44,21:11
zleatin,4,30,04:44,06:15,13:02,16:38,19:45,21:12
zleatin,5,1,04:43,06:14,13:02,16:38,19:46,21:13
zleatin,5,2,04:42,06:14,13:02,16:38,19:46,21:14
zleatin,5,3,04:41,06:13,13:02,16:38,19:47,21:15
zleatin,5,4,04:39,06:12,13:02,16:38,19:48,21:16
zleatin,5,5,04:38,06:11,13:02,16:38,19:49,21:17
zleatin,5,6,04:37,06:10,13:02,16:39,19:49,21:18
zleatin,5,7,04:36,06:09,13:02,16:39,19:50,21:19
zleatin,5,8,04:35,06:08,13:02,16:39,19:51,21:20
zleatin,5,9,04:34,06:07,13:02,16:39,19:52,21:21
zleatin,5,10,04:33,06:07,13:01,16:39,19:52,21:22
zleatin,5,11,04:32,06:06,13:01,16:39,19:53,21:23
zleatin,5,12,04:31,06:05,13:01,16:39,19:54,21:24
zleatin,5,13,04:30,06:04,13:01,16:39,19:55,21:25
zleatin,5,14,04:29,06:04,13:01,16:39,19:55,21:26
zleatin,5,15,04:28,06:03,13:01,16:39,19:56,21:27
zleatin,5,16,04:27,06:02,13:02,16:39,19:57,21:28
zleatin,5,17,04:26,06:02,13:02,16:39,19:57,21:29
zleatin,5,18,04:25,06:01,13:02,16:39,19:58,21:30
zleatin,5,19,04:24,06:01,13:02,16:39,19:59,21:31
zleatin,5,20,04:23,06:00,13:02,16:39,19:59,21:32
zleatin,5,21,04:22,05:59,13:02,16:39,20:00,21:33
zleatin,5,22,04:21,05:59,13:02,16:39,20:01,21:34
zleatin,5,23,04:21,05:58,13:02,16:40,20:01,21:35
zleatin,5,24,04:20,05:58,13:02,16:40,20:02,21:36
zleatin,5,25,04:19,05:57,13:02,16:40,20:03,21:37
zleatin,5,26,04:18,05:57,13:02,16:40,20:03,21:38
zleatin,5,27,04:18,05:57,13:02,16:40,20:04,21:39
zleatin,5,28,04:17,05:56,13:02,16:40,20:05,21:40
zleatin,5,29,04:17,05:56,13:03,16:40,20:05,21:41
zleatin,5,30,04:16,05:56,13:03,16:40,20:06,21:41
zleatin,5,31,04:15,05:55,13:03,16:40,20:06,21:42
zleatin,6,1,04:15,05:55,13:03,16:41,20:07,21:43
zleatin,6,2,04:14,05:55,13:03,16:41,20:08,21:44
zleatin,6,3,04:14,05:54,13:03,16:41,20:08,21:45
zleatin,6,4,04:14,05:54,13:03,16:41,20:09,21:45
zleatin,6,5,04:13,05:54,13:04,16:41,20:09,21:46
zleatin,6,6,04:13,05:54,13:04,16:41,20:10,21:47
zleatin,6,7,04:13,05:54,13:04,16:42,20:10,21:47
zleatin,6,8,04:12,05:54,13:04,16:42,20:11,21:48
zleatin,6,9,04:12,05:54,13:04,16:42,20:11,21:49
zleatin,6,10,04:12,05:53,13:05,16:42,20:12,21:49
zleatin,6,11,04:12,05:53,13:05,16:42,20:12,21:50
zleatin,6,12,04:12,05:53,13:05,16:42,20:12,21:50
zleatin,6,13,04:11,05:53,13:05,16:43,20:13,21:51
zleatin,6,14,04:11,05:53,13:05,16:43,20:13,21:51
zleatin,6,15,04:11,05:54,13:06,16:43,20:14,21:52
zleatin,6,16,04:11,05:54,13:06,16:43,20:14,21:52
zleatin,6,17,04:11,05:54,13:06,16:43,20:14,21:52
zleatin,6,18,04:12,05:54,13:06,16:44,20:14,21:53
zleatin,6,19,04:12,05:54,13:06,16:44,20:15,21:53
zleatin,6,20,04:12,05:54,13:07,16:44,20:15,21:53
zleatin,6,21,04:12,05:54,13:07,16:44,20:15,21:54
zleatin,6,22,04:12,05:55,13:07,16:44,20:15,21:54
zleatin,6,23,04:12,05:55,13:07,16:45,20:16,21:54
zleatin,6,24,04:13,05:55,13:07,16:45,20:16,21:54
zleatin,6,25,04:13,05:55,13:08,16:45,20:16,21:54
zleatin,6,26,04:13,05:56,13:08,16:45,20:16,21:54
zleatin,6,27,04:14,05:56,13:08,16:45,20:16,21:54
zleatin,6,28,04:14,05:56,13:08,16:46,20:16,21:54
zleatin,6,29,04:15,05:57,13:08,16:46,20:16,21:54
zleatin,6,30,04:15,05:57,13:09,16:46,20:16,21:54
zleatin,7,1,04:16,05:57,13:09,16:46,20:16,21:54
zleatin,7,2,04:16,05:58,13:09,16:46,20:16,21:54
zleatin,7,3,04:17,05:58,13:09,16:47,20:16,21:53
zleatin,7,4,04:17,05:59,13:09,16:47,20:16,21:53
zleatin,7,5,04:18,05:59,13:09,16:47,20:16,21:53
zleatin,7,6,04:19,06:00,13:10,16:47,20:16,21:53
zleatin,7,7,04:19,06:00,13:10,16:47,20:15,21:52
zleatin,7,8,04:20,06:01,13:10,16:47,20:15,21:52
zleatin,7,9,04:21,06:01,13:10,16:48,20:15,21:52
zleatin,7,10,04:21,06:02,13:10,16:48,20:15,21:51
zleatin,7,11,04:22,06:02,13:10,16:48,20:14,21:51
zleatin,7,12,04:23,06:03,13:10,16:48,20:14,21:50
zleatin,7,13,04:24,06:03,13:11,16:48,20:14,21:50
zleatin,7,14,04:24,06:04,13:11,16:48,20:14,21:49
zleatin,7,15,04:25,06:04,13:11,16:48,20:13,21:48
zleatin,7,16,04:26,06:05,13:11,16:49,20:13,21:48
zleatin,7,17,04:27,06:06,13:11,16:49,20:12,21:47
zleatin,7,18,04:28,06:06,13:11,16:49,20:12,21:46
zleatin,7,19,04:29,06:07,13:11,16:49,20:11,21:46
zleatin,7,20,04:30,06:07,13:11,16:49,20:11,21:45
zleatin,7,21,04:30,06:08,13:11,16:49,20:10,21:44
zleatin,7,22,04:31,06:09,13:11,16:49,20:10,21:43
zleatin,7,23,04:32,06:09,13:11,16:49,20:09,21:42
zleatin,7,24,04:33,06:10,13:11,16:49,20:09,21:42
zleatin,7,25,04:34,06:11,13:11,16:49,20:08,21:41
zleatin,7,26,04:35,06:11,13:11,16:49,20:08,21:40
zleatin,7,27,04:36,06:12,13:11,16:49,20:07,21:39
zleatin,7,28,04:37,06:13,13:11,16:49,20:06,21:38
zleatin,7,29,04:38,06:13,13:11,16:49,20:05,21:37
zleatin,7,30,04:39,06:14,13:11,16:49,20:05,21:36
zleatin,7,31,04:40,06:15,13:11,16:49,20:04,21:35
zleatin,8,1,04:41,06:15,13:11,16:49,20:03,21:34
zleatin,8,2,04:42,06:16,13:11,16:49,20:02,21:33
zleatin,8,3,04:43,06:17,13:11,16:48,20:02,21:31
zleatin,8,4,04:44,06:18,13:11,16:48,20:01,21:30
zleatin,8,5,04:45,06:18,13:11,16:48,20:00,21:29
zleatin,8,6,04:46,06:19,13:11,16:48,19:59,21:28
zleatin,8,7,04:47,06:20,13:11,16:48,19:58,21:27
zleatin,8,8,04:48,06:20,13:11,16:47,19:57,21:26
zleatin,8,9,04:49,06:21,13:11,16:47,19:56,21:24
zleatin,8,10,04:50,06:22,13:11,16:47,19:55,21:23
zleatin,8,11,04:51,06:22,13:10,16:47,19:54,21:22
zleatin,8,12,04:52,06:23,13:10,16:46,19:53,21:21
zleatin,8,13,04:53,06:24,13:10,16:46,19:52,21:19
zleatin,8,14,04:54,06:24,13:10,16:46,19:51,21:18
zleatin,8,15,04:55,06:25,13:10,16:46,19:50,21:17
zleatin,8,16,04:56,06:26,13:10,16:45,19:49,21:15
zleatin,8,17,04:57,06:26,13:09,16:45,19:48,21:14
zleatin,8,18,04:57,06:27,13:09,16:44,19:47,21:13
zleatin,8,19,04:58,06:28,13:09,16:44,19:46,21:11
zleatin,8,20,04:59,06:28,13:09,16:44,19:45,21:10
zleatin,8,21,05:00,06:29,13:08,16:43,19:44,21:09
zleatin,8,22,05:01,06:30,13:08,16:43,19:43,21:07
zleatin,8,23,05:02,06:30,13:08,16:42,19:42,21:06
zleatin,8,24,05:03,06:31,13:08,16:42,19:40,21:04
zleatin,8,25,05:04,06:32,13:07,16:41,19:39,21:03
zleatin,8,26,05:05,06:32,13:07,16:41,19:38,21:02
zleatin,8,27,05:06,06:33,13:07,16:40,19:37,21:00
zleatin,8,28,05:06,06:34,13:07,16:40,19:36,20:59
zleatin,8,29,05:07,06:34,13:06,16:39,19:34,20:57
zleatin,8,30,05:08,06:35,13:06,16:39,19:33,20:56
zleatin,8,31,05:09,06:36,13:06,16:38,19:32,20:54
zleatin,9,1,05:10,06:36,13:05,16:37,19:31,20:53
zleatin,9,2,05:11,06:37,13:05,16:37,19:29,20:51
zleatin,9,3,05:11,06:37,13:05,16:36,19:28,20:50
zleatin,9,4,05:12,06:38,13:04,16:35,19:27,20:49
zleatin,9,5,05:13,06:39,13:04,16:35,19:25,20:47
zleatin,9,6,05:14,06:39,13:04,16:34,19:24,20:46
zleatin,9,7,05:15,06:40,13:03,16:33,19:23,20:44
zleatin,9,8,05:15,06:41,13:03,16:33,19:22,20:43
zleatin,9,9,05:16,06:41,13:03,16:32,19:20,20:41
zleatin,9,10,05:17,06:42,13:02,16:31,19:19,20:40
zleatin,9,11,05:18,06:42,13:02,16:30,19:18,20:38
zleatin,9,12,05:18,06:43,13:02,16:30,19:16,20:37
zleatin,9,13,05:19,06:44,13:01,16:29,19:15,20:35
zleatin,9,14,05:20,06:44,13:01,16:28,19:13,20:34
zleatin,9,15,05:21,06:45,13:01,16:27,19:12,20:32
zleatin,9,16,05:21,06:45,13:00,16:27,19:11,20:31
zleatin,9,17,05:22,06:46,13:00,16:26,19:09,20:29
zleatin,9,18,05:23,06:47,12:59,16:25,19:08,20:28
zleatin,9,19,05:24,06:47,12:59,16:24,19:07,20:26
zleatin,9,20,05:24,06:48,12:59,16:23,19:05,20:25
zleatin,9,21,05:25,06:49,12:58,16:22,19:04,20:24
zleatin,9,22,05:26,06:49,12:58,16:22,19:03,20:22
zleatin,9,23,05:26,06:50,12:58,16:21,19:01,20:21
zleatin,9,24,05:27,06:50,12:57,16:20,19:00,20:19
zleatin,9,25,05:28,06:51,12:57,16:19,18:59,20:18
zleatin,9,26,05:28,06:52,12:56,16:18,18:57,20:17
zleatin,9,27,05:29,06:52,12:56,16:17,18:56,20:15
zleatin,9,28,05:30,06:53,12:56,16:16,18:55,20:14
zleatin,9,29,05:30,06:54,12:55,16:15,18:53,20:12
zleatin,9,30,05:31,06:54,12:55,16:15,18:52,20:11
zleatin,10,1,05:32,06:55,12:55,16:14,18:51,20:10
zleatin,10,2,05:32,06:56,12:54,16:13,18:49,20:08
zleatin,10,3,05:33,06:56,12:54,16:12,18:48,20:07
zleatin,10,4,05:34,06:57,12:54,16:11,18:47,20:06
zleatin,10,5,05:35,06:58,12:53,16:10,18:45,20:04
zleatin,10,6,05:35,06:58,12:53,16:09,18:44,20:03
zleatin,10,7,05:36,06:59,12:53,16:08,18:43,20:02
zleatin,10,8,05:37,07:00,12:53,16:07,18:41,20:01
zleatin,10,9,05:37,07:00,12:52,16:07,18:40,19:59
zleatin,10,10,05:38,07:01,12:52,16:06,18:39,19:58
zleatin,10,11,05:39,07:02,12:52,16:05,18:38,19:57
zleatin,10,12,05:39,07:02,12:51,16:04,18:36,19:56
zleatin,10,13,05:40,07:03,12:51,16:03,18:35,19:54
zleatin,10,14,05:41,07:04,12:51,16:02,18:34,19:53
zleatin,10,15,05:41,07:05,12:51,16:01,18:33,19:52
zleatin,10,16,05:42,07:05,12:51,16:00,18:32,19:51
zleatin,10,17,05:43,07:06,12:50,16:00,18:31,19:50
zleatin,10,18,05:43,07:07,12:50,15:59,18:29,19:49
zleatin,10,19,05:44,07:08,12:50,15:58,18:28,19:48
zleatin,10,20,05:45,07:08,12:50,15:57,18:27,19:47
zleatin,10,21,05:45,07:09,12:50,15:56,18:26,19:46
zleatin,10,22,05:46,07:10,12:49,15:55,18:25,19:45
zleatin,10,23,05:47,07:11,12:49,15:55,18:24,19:44
zleatin,10,24,05:48,07:12,12:49,15:54,18:23,19:43
zleatin,10,25,05:48,07:12,12:49,15:53,18:22,19:42
zleatin,10,26,05:49,07:13,12:49,15:52,18:21,19:41
zleatin,10,27,05:50,07:14,12:49,15:52,18:20,19:40
zleatin,10,28,05:50,07:15,12:49,15:51,18:19,19:39
zleatin,10,29,05:51,07:16,12:49,15:50,18:18,19:38
zleatin,10,30,05:52,07:16,12:49,15:49,18:17,19:37
zleatin,10,31,05:53,07:17,12:49,15:49,18:16,19:37
zleatin,11,1,05:53,07:18,12:49,15:48,18:15,19:36
zleatin,11,2,05:54,07:19,12:49,15:47,18:14,19:35
zleatin,11,3,05:55,07:20,12:49,15:47,18:13,19:34
zleatin,11,4,05:56,07:21,12:49,15:46,18:13,19:34
zleatin,11,5,05:56,07:22,12:49,15:46,18:12,19:33
zleatin,11,6,05:57,07:23,12:49,15:45,18:11,19:32
zleatin,11,7,05:58,07:23,12:49,15:44,18:10,19:32
zleatin,11,8,05:59,07:24,12:49,15:44,18:09,19:31
zleatin,11,9,05:59,07:25,12:49,15:43,18:09,19:31
zleatin,11,10,06:00,07:26,12:49,15:43,18:08,19:30
zleatin,11,11,06:01,07:27,12:49,15:42,18:07,19:29
zleatin,11,12,06:02,07:28,12:49,15:42,18:07,19:29
zleatin,11,13,06:02,07:29,12:49,15:41,18:06,19:29
zleatin,11,14,06:03,07:30,12:50,15:41,18:06,19:28
zleatin,11,15,06:04,07:31,12:50,15:40,18:05,19:28
zleatin,11,16,06:05,07:32,12:50,15:40,18:04,19:27
zleatin,11,17,06:06,07:32,12:50,15:40,18:04,19:27
zleatin,11,18,06:06,07:33,12:50,15:39,18:04,19:27
zleatin,11,19,06:07,07:34,12:51,15:39,18:03,19:26
zleatin,11,20,06:08,07:35,12:51,15:39,18:03,19:26
zleatin,11,21,06:09,07:36,12:51,15:38,18:02,19:26
zleatin,11,22,06:09,07:37,12:51,15:38,18:02,19:25
zleatin,11,23,06:10,07:38,12:52,15:38,18:02,19:25
zleatin,11,24,06:11,07:39,12:52,15:38,18:01,19:25
zleatin,11,25,06:12,07:40,12:52,15:38,18:01,19:25
zleatin,11,26,06:12,07:41,12:53,15:37,18:01,19:25
zleatin,11,27,06:13,07:41,12:53,15:37,18:00,19:25
zleatin,11,28,06:14,07:42,12:53,15:37,18:00,19:25
zleatin,11,29,06:15,07:43,12:54,15:37,18:00,19:25
zleatin,11,30,06:15,07:44,12:54,15:37,18:00,19:25
zleatin,12,1,06:16,07:45,12:54,15:37,18:00,19:25
zleatin,12,2,06:17,07:46,12:55,15:37,18:00,19:25
zleatin,12,3,06:18,07:47,12:55,15:37,18:00,19:25
zleatin,12,4,06:18,07:47,12:56,15:37,18:00,19:25
zleatin,12,5,06:19,07:48,12:56,15:37,18:00,19:25
zleatin,12,6,06:20,07:49,12:56,15:37,18:00,19:25
zleatin,12,7,06:20,07:50,12:57,15:37,18:00,19:25
zleatin,12,8,06:21,07:50,12:57,15:38,18:00,19:25
zleatin,12,9,06:22,07:51,12:58,15:38,18:00,19:26
zleatin,12,10,06:22,07:52,12:58,15:38,18:00,19:26
zleatin,12,11,06:23,07:53,12:59,15:38,18:00,19:26
zleatin,12,12,06:24,07:53,12:59,15:38,18:01,19:26
zleatin,12,13,06:24,07:54,12:59,15:39,18:01,19:27
zleatin,12,14,06:25,07:55,13:00,15:39,18:01,19:27
zleatin,12,15,06:26,07:55,13:00,15:39,18:01,19:27
zleatin,12,16,06:26,07:56,13:01,15:40,18:02,19:28
zleatin,12,17,06:27,07:57,13:01,15:40,18:02,19:28
zleatin,12,18,06:27,07:57,13:02,15:40,18:03,19:28
zleatin,12,19,06:28,07:58,13:02,15:41,18:03,19:29
zleatin,12,20,06:28,07:58,13:03,15:41,18:03,19:29
zleatin,12,21,06:29,07:59,13:03,15:42,18:04,19:30
zleatin,12,22,06:29,07:59,13:04,15:42,18:04,19:30
zleatin,12,23,06:30,08:00,13:04,15:43,18:05,19:31
zleatin,12,24,06:30,08:00,13:05,15:43,18:05,19:31
zleatin,12,25,06:31,08:01,13:05,15:44,18:06,19:32
zleatin,12,26,06:31,08:01,13:06,15:44,18:07,19:32
zleatin,12,27,06:31,08:01,13:06,15:45,18:07,19:33
zleatin,12,28,06:32,08:02,13:07,15:46,18:08,19:33
zleatin,12,29,06:32,08:02,13:07,15:46,18:08,19:34
zleatin,12,30,06:33,08:02,13:08,15:47,18:09,19:35
zleatin,12,31,06:33,08:02,13:08,15:47,18:10,19:35
zwara,1,1,06:44,08:14,13:19,15:57,18:19,19:45
zwara,1,2,06:44,08:14,13:19,15:58,18:20,19:46
zwara,1,3,06:44,08:14,13:20,15:59,18:21,19:47
zwara,1,4,06:45,08:14,13:20,15:59,18:22,19:47
zwara,1,5,06:45,08:15,13:20,16:00,18:22,19:48
zwara,1,6,06:45,08:15,13:21,16:01,18:23,19:49
zwara,1,7,06:45,08:15,13:21,16:01,18:24,19:50
zwara,1,8,06:45,08:15,13:22,16:02,18:25,19:50
zwara,1,9,06:45,08:15,13:22,16:03,18:26,19:51
zwara,1,10,06:45,08:15,13:23,16:04,18:27,19:52
zwara,1,11,06:45,08:15,13:23,16:05,18:27,19:53
zwara,1,12,06:45,08:15,13:23,16:05,18:28,19:53
zwara,1,13,06:45,08:14,13:24,16:06,18:29,19:54
zwara,1,14,06:45,08:14,13:24,16:07,18:30,19:55
zwara,1,15,06:45,08:14,13:25,16:08,18:31,19:56
zwara,1,16,06:45,08:14,13:25,16:09,18:32,19:57
zwara,1,17,06:45,08:14,13:25,16:10,18:33,19:57
zwara,1,18,06:45,08:13,13:26,16:10,18:34,19:58
zwara,1,19,06:45,08:13,13:26,16:11,18:35,19:59
zwara,1,20,06:45,08:13,13:26,16:12,18:36,20:00
zwara,1,21,06:44,08:12,13:26,16:13,18:37,20:01
zwara,1,22,06:44,08:12,13:27,16:14,18:38,20:01
zwara,1,23,06:44,08:12,13:27,16:15,18:39,20:02
zwara,1,24,06:44,08:11,13:27,16:15,18:40,20:03
zwara,1,25,06:43,08:11,13:28,16:16,18:40,20:04
zwara,1,26,06:43,08:10,13:28,16:17,18:41,20:05
zwara,1,27,06:42,08:10,13:28,16:18,18:42,20:06
zwara,1,28,06:42,08:09,13:28,16:19,18:43,20:06
zwara,1,29,06:42,08:08,13:28,16:19,18:44,20:07
zwara,1,30,06:41,08:08,13:29,16:20,18:45,20:08
zwara,1,31,06:41,08:07,13:29,16:21,18:46,20:09
zwara,2,1,06:40,08:07,13:29,16:22,18:47,20:10
zwara,2,2,06:40,08:06,13:29,16:23,18:48,20:10
zwara,2,3,06:39,08:05,13:29,16:23,18:49,20:11
zwara,2,4,06:38,08:04,13:29,16:24,18:50,20:12
zwara,2,5,06:38,08:04,13:29,16:25,18:51,20:13
zwara,2,6,06:37,08:03,13:29,16:26,18:52,20:14
zwara,2,7,06:37,08:02,13:30,16:27,18:53,20:15
zwara,2,8,06:36,08:01,13:30,16:27,18:54,20:15
zwara,2,9,06:35,08:01,13:30,16:28,18:55,20:16
zwara,2,10,06:34,08:00,13:30,16:29,18:56,20:17
zwara,2,11,06:34,07:59,13:30,16:29,18:57,20:18
zwara,2,12,06:33,07:58,13:30,16:30,18:58,20:19
zwara,2,13,06:32,07:57,13:30,16:31,18:59,20:19
zwara,2,14,06:31,07:56,13:30,16:31,18:59,20:20
zwara,2,15,06:30,07:55,13:30,16:32,19:00,20:21
zwara,2,16,06:29,07:54,13:30,16:33,19:01,20:22
zwara,2,17,06:29,07:53,13:30,16:33,19:02,20:23
zwara,2,18,06:28,07:52,13:29,16:34,19:03,20:23
zwara,2,19,06:27,07:51,13:29,16:35,19:04,20:24
zwara,2,20,06:26,07:50,13:29,16:35,19:05,20:25
zwara,2,21,06:25,07:49,13:29,16:36,19:06,20:26
zwara,2,22,06:24,07:48,13:29,16:36,19:06,20:27
zwara,2,23,06:23,07:47,13:29,16:37,19:07,20:27
zwara,2,24,06:22,07:45,13:29,16:37,19:08,20:28
zwara,2,25,06:20,07:44,13:29,16:38,19:09,20:29
zwara,2,26,06:19,07:43,13:28,16:38,19:10,20:30
zwara,2,27,06:18,07:42,13:28,16:39,19:11,20:30
zwara,2,28,06:17,07:41,13:28,16:39,19:11,20:31
zwara,3,1,06:16,07:40,13:28,16:40,19:12,20:32
zwara,3,2,06:15,07:38,13:28,16:40,19:13,20:33
zwara,3,3,06:14,07:37,13:28,16:41,19:14,20:33
zwara,3,4,06:12,07:36,13:27,16:41,19:15,20:34
zwara,3,5,06:11,07:35,13:27,16:41,19:15,20:35
zwara,3,6,06:10,07:33,13:27,16:42,19:16,20:36
zwara,3,7,06:09,07:32,13:27,16:42,19:17,20:36
zwara,3,8,06:07,07:31,13:26,16:43,19:18,20:37
zwara,3,9,06:06,07:30,13:26,16:43,19:18,20:38
zwara,3,10,06:05,07:28,13:26,16:43,19:19,20:39
zwara,3,11,06:04,07:27,13:26,16:44,19:20,20:39
zwara,3,12,06:02,07:26,13:25,16:44,19:21,20:40
zwara,3,13,06:01,07:24,13:25,16:44,19:21,20:41
zwara,3,14,06:00,07:23,13:25,16:44,19:22,20:42
zwara,3,15,05:58,07:22,13:24,16:45,19:23,20:43
zwara,3,16,05:57,07:21,13:24,16:45,19:24,20:43
zwara,3,17,05:55,07:19,13:24,16:45,19:24,20:44
zwara,3,18,05:54,07:18,13:23,16:45,19:25,20:45
zwara,3,19,05:53,07:17,13:23,16:46,19:26,20:46
zwara,3,20,05:51,07:15,13:23,16:46,19:26,20:46
zwara,3,21,05:50,07:14,13:22,16:46,19:27,20:47
zwara,3,22,05:48,07:13,13:22,16:46,19:28,20:48
zwara,3,23,05:47,07:11,13:22,16:46,19:29,20:49
zwara,3,24,05:46,07:10,13:22,16:47,19:29,20:50
zwara,3,25,05:44,07:08,13:21,16:47,19:30,20:50
zwara,3,26,05:43,07:07,13:21,16:47,19:31,20:51
zwara,3,27,05:41,07:06,13:21,16:47,19:31,20:52
zwara,3,28,05:40,07:04,13:20,16:47,19:32,20:53
zwara,3,29,05:38,07:03,13:20,16:47,19:33,20:54
zwara,3,30,05:37,07:02,13:20,16:48,19:33,20:54
zwara,3,31,05:35,07:00,13:19,16:48,19:34,20:55
zwara,4,1,05:34,06:59,13:19,16:48,19:35,20:56
zwara,4,2,05:32,06:58,13:19,16:48,19:36,20:57
zwara,4,3,05:31,06:56,13:18,16:48,19:36,20:58
zwara,4,4,05:29,06:55,13:18,16:48,19:37,20:59
zwara,4,5,05:28,06:54,13:18,16:48,19:38,21:00
zwara,4,6,05:27,06:53,13:17,16:48,19:38,21:00
zwara,4,7,05:25,06:51,13:17,16:48,19:39,21:01
zwara,4,8,05:24,06:50,13:17,16:48,19:40,21:02
zwara,4,9,05:22,06:49,13:17,16:48,19:40,21:03
zwara,4,10,05:21,06:47,13:16,16:48,19:41,21:04
zwara,4,11,05:19,06:46,13:16,16:48,19:42,21:05
zwara,4,12,05:18,06:45,13:16,16:49,19:43,21:06
zwara,4,13,05:16,06:44,13:16,16:49,19:43,21:07
zwara,4,14,05:15,06:42,13:15,16:49,19:44,21:08
zwara,4,15,05:13,06:41,13:15,16:49,19:45,21:09
zwara,4,16,05:12,06:40,13:15,16:49,19:45,21:10
zwara,4,17,05:11,06:39,13:15,16:49,19:46,21:11
zwara,4,18,05:09,06:38,13:14,16:49,19:47,21:11
zwara,4,19,05:08,06:37,13:14,16:49,19:48,21:12
zwara,4,20,05:06,06:35,13:14,16:49,19:48,21:13
zwara,4,21,05:05,06:34,13:14,16:49,19:49,21:14
zwara,4,22,05:04,06:33,13:13,16:49,19:50,21:15
zwara,4,23,05:02,06:32,13:13,16:49,19:51,21:16
zwara,4,24,05:01,06:31,13:13,16:49,19:51,21:17
zwara,4,25,04:59,06:30,13:13,16:49,19:52,21:18
zwara,4,26,04:58,06:29,13:13,16:49,19:53,21:19
zwara,4,27,04:57,06:28,13:13,16:49,19:54,21:20
zwara,4,28,04:55,06:27,13:12,16:49,19:54,21:22
zwara,4,29,04:54,06:26,13:12,16:49,19:55,21:23
zwara,4,30,04:53,06:25,13:12,16:49,19:56,21:24
zwara,5,1,04:52,06:24,13:12,16:49,19:57,21:25
zwara,5,2,04:50,06:23,13:12,16:49,19:57,21:26
zwara,5,3,04:49,06:22,13:12,16:49,19:58,21:27
zwara,5,4,04:48,06:21,13:12,16:49,19:59,21:28
zwara,5,5,04:47,06:20,13:12,16:49,20:00,21:29
zwara,5,6,04:45,06:19,13:12,16:49,20:00,21:30
zwara,5,7,04:44,06:18,13:12,16:49,20:01,21:31
zwara,5,8,04:43,06:17,13:12,16:49,20:02,21:32
zwara,5,9,04:42,06:16,13:12,16:50,20:03,21:33
zwara,5,10,04:41,06:16,13:11,16:50,20:03,21:34
zwara,5,11,04:40,06:15,13:11,16:50,20:04,21:35
zwara,5,12,04:39,06:14,13:11,16:50,20:05,21:36
zwara,5,13,04:38,06:13,13:11,16:50,20:06,21:37
zwara,5,14,04:37,06:13,13:11,16:50,20:06,21:38
zwara,5,15,04:36,06:12,13:11,16:50,20:07,21:39
zwara,5,16,04:35,06:11,13:12,16:50,20:08,21:40
zwara,5,17,04:34,06:11,13:12,16:50,20:08,21:41
zwara,5,18,04:33,06:10,13:12,16:50,20:09,21:42
zwara,5,19,04:32,06:09,13:12,16:50,20:10,21:43
zwara,5,20,04:31,06:09,13:12,16:50,20:11,21:44
zwara,5,21,04:30,06:08,13:12,16:50,20:11,21:45
zwara,5,22,04:29,06:08,13:12,16:50,20:12,21:46
zwara,5,23,04:28,06:07,13:12,16:51,20:13,21:47
zwara,5,24,04:28,06:07,13:12,16:51,20:13,21:48
zwara,5,25,04:27,06:06,13:12,16:51,20:14,21:49
zwara,5,26,04:26,06:06,13:12,16:51,20:15,21:50
zwara,5,27,04:26,06:05,13:12,16:51,20:15,21:51
zwara,5,28,04:25,06:05,13:12,16:51,20:16,21:52
zwara,5,29,04:24,06:05,13:13,16:51,20:17,21:53
zwara,5,30,04:24,06:04,13:13,16:51,20:17,21:54
zwara,5,31,04:23,06:04,13:13,16:52,20:18,21:55
zwara,6,1,04:23,06:04,13:13,16:52,20:18,21:55
zwara,6,2,04:22,06:03,13:13,16:52,20:19,21:56
zwara,6,3,04:22,06:03,13:13,16:52,20:19,21:57
zwara,6,4,04:21,06:03,13:13,16:52,20:20,21:58
zwara,6,5,04:21,06:03,13:14,16:52,20:21,21:58
zwara,6,6,04:21,06:03,13:14,16:53,20:21,21:59
zwara,6,7,04:20,06:02,13:14,16:53,20:22,22:00
zwara,6,8,04:20,06:02,13:14,16:53,20:22,22:00
zwara,6,9,04:20,06:02,13:14,16:53,20:22,22:01
zwara,6,10,04:19,06:02,13:15,16:53,20:23,22:02
zwara,6,11,04:19,06:02,13:15,16:53,20:23,22:02
zwara,6,12,04:19,06:02,13:15,16:54,20:24,22:03
zwara,6,13,04:19,06:02,13:15,16:54,20:24,22:03
zwara,6,14,04:19,06:02,13:15,16:54,20:25,22:04
zwara,6,15,04:19,06:02,13:16,16:54,20:25,22:04
zwara,6,16,04:19,06:02,13:16,16:54,20:25,22:04
zwara,6,17,04:19,06:02,13:16,16:55,20:25,22:05
zwara,6,18,04:19,06:02,13:16,16:55,20:26,22:05
zwara,6,19,04:19,06:03,13:16,16:55,20:26,22:05
zwara,6,20,04:19,06:03,13:17,16:55,20:26,22:06
zwara,6,21,04:20,06:03,13:17,16:55,20:26,22:06
zwara,6,22,04:20,06:03,13:17,16:56,20:27,22:06
zwara,6,23,04:20,06:03,13:17,16:56,20:27,22:06
zwara,6,24,04:20,06:04,13:17,16:56,20:27,22:06
zwara,6,25,04:21,06:04,13:18,16:56,20:27,22:06
zwara,6,26,04:21,06:04,13:18,16:56,20:27,22:07
zwara,6,27,04:21,06:05,13:18,16:57,20:27,22:07
zwara,6,28,04:22,06:05,13:18,16:57,20:27,22:07
zwara,6,29,04:22,06:05,13:18,16:57,20:27,22:06
zwara,6,30,04:23,06:06,13:19,16:57,20:27,22:06
zwara,7,1,04:23,06:06,13:19,16:57,20:27,22:06
zwara,7,2,04:24,06:06,13:19,16:58,20:27,22:06
zwara,7,3,04:24,06:07,13:19,16:58,20:27,22:06
zwara,7,4,04:25,06:07,13:19,16:58,20:27,22:06
zwara,7,5,04:26,06:08,13:19,16:58,20:27,22:05
zwara,7,6,04:26,06:08,13:20,16:58,20:27,22:05
zwara,7,7,04:27,06:09,13:20,16:58,20:27,22:05
zwara,7,8,04:28,06:09,13:20,16:59,20:27,22:04
zwara,7,9,04:28,06:10,13:20,16:59,20:26,22:04
zwara,7,10,04:29,06:10,13:20,16:59,20:26,22:03
zwara,7,11,04:30,06:11,13:20,16:59,20:26,22:03
zwara,7,12,04:31,06:11,13:20,16:59,20:25,22:02
zwara,7,13,04:31,06:12,13:21,16:59,20:25,22:02
zwara,7,14,04:32,06:13,13:21,16:59,20:25,22:01
zwara,7,15,04:33,06:13,13:21,17:00,20:24,22:01
zwara,7,16,04:34,06:14,13:21,17:00,20:24,22:00
zwara,7,17,04:35,06:14,13:21,17:00,20:24,21:59
zwara,7,18,04:36,06:15,13:21,17:00,20:23,21:58
zwara,7,19,04:37,06:16,13:21,17:00,20:23,21:58
zwara,7,20,04:38,06:16,13:21,17:00,20:22,21:57
zwara,7,21,04:38,06:17,13:21,17:00,20:22,21:56
zwara,7,22,04:39,06:18,13:21,17:00,20:21,21:55
zwara,7,23,04:40,06:18,13:21,17:00,20:20,21:54
zwara,7,24,04:41,06:19,13:21,17:00,20:20,21:54
zwara,7,25,04:42,06:20,13:21,17:00,20:19,21:53
zwara,7,26,04:43,06:20,13:21,17:00,20:19,21:52
zwara,7,27,04:44,06:21,13:21,17:00,20:18,21:51
zwara,7,28,04:45,06:22,13:21,17:00,20:17,21:50
zwara,7,29,04:46,06:22,13:21,17:00,20:17,21:49
zwara,7,30,04:47,06:23,13:21,17:00,20:16,21:48
zwara,7,31,04:48,06:24,13:21,17:00,20:15,21:47
zwara,8,1,04:49,06:24,13:21,17:00,20:14,21:45
zwara,8,2,04:50,06:25,13:21,16:59,20:13,21:44
zwara,8,3,04:51,06:26,13:21,16:59,20:13,21:43
zwara,8,4,04:52,06:27,13:21,16:59,20:12,21:42
zwara,8,5,04:53,06:27,13:21,16:59,20:11,21:41
zwara,8,6,04:54,06:28,13:21,16:59,20:10,21:40
zwara,8,7,04:55,06:29,13:21,16:59,20:09,21:39
zwara,8,8,04:56,06:29,13:21,16:58,20:08,21:37
zwara,8,9,04:57,06:30,13:21,16:58,20:07,21:36
zwara,8,10,04:58,06:31,13:21,16:58,20:06,21:35
zwara,8,11,04:59,06:32,13:20,16:58,20:05,21:34
zwara,8,12,05:00,06:32,13:20,16:57,20:04,21:32
zwara,8,13,05:01,06:33,13:20,16:57,20:03,21:31
zwara,8,14,05:02,06:34,13:20,16:57,20:02,21:30
zwara,8,15,05:03,06:34,13:20,16:56,20:01,21:28
zwara,8,16,05:04,06:35,13:20,16:56,20:00,21:27
zwara,8,17,05:05,06:36,13:19,16:56,19:59,21:26
zwara,8,18,05:06,06:36,13:19,16:55,19:58,21:24
zwara,8,19,05:07,06:37,13:19,16:55,19:57,21:23
zwara,8,20,05:08,06:38,13:19,16:54,19:56,21:21
zwara,8,21,05:09,06:38,13:18,16:54,19:55,21:20
zwara,8,22,05:10,06:39,13:18,16:53,19:53,21:19
zwara,8,23,05:11,06:40,13:18,16:53,19:52,21:17
zwara,8,24,05:12,06:40,13:18,16:52,19:51,21:16
zwara,8,25,05:13,06:41,13:17,16:52,19:50,21:14
zwara,8,26,05:14,06:42,13:17,16:51,19:49,21:13
zwara,8,27,05:14,06:42,13:17,16:51,19:47,21:11
zwara,8,28,05:15,06:43,13:17,16:50,19:46,21:10
zwara,8,29,05:16,06:44,13:16,16:50,19:45,21:08
zwara,8,30,05:17,06:44,13:16,16:49,19:44,21:07
zwara,8,31,05:18,06:45,13:16,16:48,19:42,21:05
zwara,9,1,05:19,06:46,13:15,16:48,19:41,21:04
zwara,9,2,05:20,06:46,13:15,16:47,19:40,21:03
zwara,9,3,05:20,06:47,13:15,16:46,19:38,21:01
zwara,9,4,05:21,06:48,13:14,16:46,19:37,21:00
zwara,9,5,05:22,06:48,13:14,16:45,19:36,20:58
zwara,9,6,05:23,06:49,13:14,16:44,19:34,20:57
zwara,9,7,05:24,06:50,13:13,16:44,19:33,20:55
zwara,9,8,05:25,06:50,13:13,16:43,19:32,20:54
zwara,9,9,05:25,06:51,13:13,16:42,19:30,20:52
zwara,9,10,05:26,06:52,13:12,16:41,19:29,20:51
zwara,9,11,05:27,06:52,13:12,16:41,19:28,20:49
zwara,9,12,05:28,06:53,13:12,16:40,19:26,20:48
zwara,9,13,05:28,06:53,13:11,16:39,19:25,20:46
zwara,9,14,05:29,06:54,13:11,16:38,19:24,20:45
zwara,9,15,05:30,06:55,13:11,16:38,19:22,20:43
zwara,9,16,05:31,06:55,13:10,16:37,19:21,20:42
zwara,9,17,05:31,06:56,13:10,16:36,19:20,20:40
zwara,9,18,05:32,06:57,13:09,16:35,19:18,20:39
zwara,9,19,05:33,06:57,13:09,16:34,19:17,20:37
zwara,9,20,05:34,06:58,13:09,16:33,19:15,20:36
zwara,9,21,05:34,06:59,13:08,16:32,19:14,20:34
zwara,9,22,05:35,06:59,13:08,16:32,19:13,20:33
zwara,9,23,05:36,07:00,13:08,16:31,19:11,20:31
zwara,9,24,05:37,07:00,13:07,16:30,19:10,20:30
zwara,9,25,05:37,07:01,13:07,16:29,19:09,20:28
zwara,9,26,05:38,07:02,13:06,16:28,19:07,20:27
zwara,9,27,05:39,07:02,13:06,16:27,19:06,20:26
zwara,9,28,05:39,07:03,13:06,16:26,19:04,20:24
zwara,9,29,05:40,07:04,13:05,16:25,19:03,20:23
zwara,9,30,05:41,07:04,13:05,16:24,19:02,20:21
zwara,10,1,05:41,07:05,13:05,16:24,19:00,20:20
zwara,10,2,05:42,07:06,13:04,16:23,18:59,20:19
zwara,10,3,05:43,07:06,13:04,16:22,18:58,20:17
zwara,10,4,05:44,07:07,13:04,16:21,18:56,20:16
zwara,10,5,05:44,07:08,13:03,16:20,18:55,20:15
zwara,10,6,05:45,07:08,13:03,16:19,18:54,20:13
zwara,10,7,05:46,07:09,13:03,16:18,18:52,20:12
zwara,10,8,05:46,07:10,13:03,16:17,18:51,20:11
zwara,10,9,05:47,07:11,13:02,16:16,18:50,20:09
zwara,10,10,05:48,07:11,13:02,16:15,18:49,20:08
zwara,10,11,05:48,07:12,13:02,16:14,18:47,20:07
zwara,10,12,05:49,07:13,13:01,16:14,18:46,20:06
zwara,10,13,05:50,07:14,13:01,16:13,18:45,20:05
zwara,10,14,05:50,07:14,13:01,16:12,18:44,20:03
zwara,10,15,05:51,07:15,13:01,16:11,18:42,20:02
zwara,10,16,05:52,07:16,13:01,16:10,18:41,20:01
zwara,10,17,05:53,07:17,13:00,16:09,18:40,20:00
zwara,10,18,05:53,07:17,13:00,16:08,18:39,19:59
zwara,10,19,05:54,07:18,13:00,16:07,18:38,19:58
zwara,10,20,05:55,07:19,13:00,16:07,18:37,19:57
zwara,10,21,05:55,07:20,13:00,16:06,18:35,19:56
zwara,10,22,05:56,07:20,12:59,16:05,18:34,19:55
zwara,10,23,05:57,07:21,12:59,16:04,18:33,19:54
zwara,10,24,05:58,07:22,12:59,16:03,18:32,19:53
zwara,10,25,05:58,07:23,12:59,16:03,18:31,19:52
zwara,10,26,05:59,07:24,12:59,16:02,18:30,19:51
zwara,10,27,06:00,07:25,12:59,16:01,18:29,19:50
zwara,10,28,06:01,07:25,12:59,16:00,18:28,19:49
zwara,10,29,06:01,07:26,12:59,15:59,18:27,19:48
zwara,10,30,06:02,07:27,12:59,15:59,18:26,19:47
zwara,10,31,06:03,07:28,12:59,15:58,18:25,19:46
zwara,11,1,06:04,07:29,12:59,15:57,18:24,19:46
zwara,11,2,06:04,07:30,12:59,15:57,18:23,19:45
zwara,11,3,06:05,07:31,12:59,15:56,18:23,19:44
zwara,11,4,06:06,07:32,12:59,15:55,18:22,19:43
zwara,11,5,06:07,07:32,12:59,15:55,18:21,19:43
zwara,11,6,06:07,07:33,12:59,15:54,18:20,19:42
zwara,11,7,06:08,07:34,12:59,15:54,18:19,19:41
zwara,11,8,06:09,07:35,12:59,15:53,18:19,19:41
zwara,11,9,06:10,07:36,12:59,15:52,18:18,19:40
zwara,11,10,06:11,07:37,12:59,15:52,18:17,19:40
zwara,11,11,06:11,07:38,12:59,15:51,18:17,19:39
zwara,11,12,06:12,07:39,12:59,15:51,18:16,19:39
zwara,11,13,06:13,07:40,12:59,15:50,18:15,19:38
zwara,11,14,06:14,07:41,13:00,15:50,18:15,19:38
zwara,11,15,06:14,07:42,13:00,15:50,18:14,19:37
zwara,11,16,06:15,07:43,13:00,15:49,18:14,19:37
zwara,11,17,06:16,07:43,13:00,15:49,18:13,19:36
zwara,11,18,06:17,07:44,13:00,15:48,18:12,19:36
zwara,11,19,06:18,07:45,13:01,15:48,18:12,19:36
zwara,11,20,06:18,07:46,13:01,15:48,18:12,19:35
zwara,11,21,06:19,07:47,13:01,15:47,18:11,19:35
zwara,11,22,06:20,07:48,13:01,15:47,18:11,19:35
zwara,11,23,06:21,07:49,13:02,15:47,18:10,19:35
zwara,11,24,06:22,07:50,13:02,15:47,18:10,19:35
zwara,11,25,06:22,07:51,13:02,15:47,18:10,19:34
zwara,11,26,06:23,07:52,13:03,15:46,18:10,19:34
zwara,11,27,06:24,07:53,13:03,15:46,18:09,19:34
zwara,11,28,06:25,07:53,13:03,15:46,18:09,19:34
zwara,11,29,06:25,07:54,13:04,15:46,18:09,19:34
zwara,11,30,06:26,07:55,13:04,15:46,18:09,19:34
zwara,12,1,06:27,07:56,13:04,15:46,18:09,19:34
zwara,12,2,06:28,07:57,13:05,15:46,18:09,19:34
zwara,12,3,06:28,07:58,13:05,15:46,18:09,19:34
zwara,12,4,06:29,07:59,13:06,15:46,18:09,19:34
zwara,12,5,06:30,07:59,13:06,15:46,18:09,19:34
zwara,12,6,06:30,08:00,13:06,15:46,18:09,19:34
zwara,12,7,06:31,08:01,13:07,15:46,18:09,19:34
zwara,12,8,06:32,08:02,13:07,15:46,18:09,19:35
zwara,12,9,06:32,08:02,13:08,15:47,18:09,19:35
zwara,12,10,06:33,08:03,13:08,15:47,18:09,19:35
zwara,12,11,06:34,08:04,13:09,15:47,18:09,19:35
zwara,12,12,06:34,08:05,13:09,15:47,18:09,19:36
zwara,12,13,06:35,08:05,13:09,15:47,18:10,19:36
zwara,12,14,06:36,08:06,13:10,15:48,18:10,19:36
zwara,12,15,06:36,08:07,13:10,15:48,18:10,19:37
zwara,12,16,06:37,08:07,13:11,15:48,18:11,19:37
zwara,12,17,06:37,08:08,13:11,15:49,18:11,19:37
zwara,12,18,06:38,08:08,13:12,15:49,18:11,19:38
zwara,12,19,06:39,08:09,13:12,15:50,18:12,19:38
zwara,12,20,06:39,08:09,13:13,15:50,18:12,19:39
zwara,12,21,06:40,08:10,13:13,15:51,18:13,19:39
zwara,12,22,06:40,08:10,13:14,15:51,18:13,19:39
zwara,12,23,06:41,08:11,13:14,15:52,18:14,19:40
zwara,12,24,06:41,08:11,13:15,15:52,18:14,19:41
zwara,12,25,06:41,08:12,13:15,15:53,18:15,19:41
zwara,12,26,06:42,08:12,13:16,15:53,18:15,19:42
zwara,12,27,06:42,08:13,13:16,15:54,18:16,19:42
zwara,12,28,06:43,08:13,13:17,15:54,18:16,19:43
zwara,12,29,06:43,08:13,13:17,15:55,18:17,19:43
zwara,12,30,06:43,08:13,13:18,15:56,18:18,19:44
zwara,12,31,06:44,08:14,13:18,15:56,18:18,19:45
zwara,2,29,06:11,07:33,13:17,16:32,19:01,20:18
hoon,6,5,04:14,05:50,13:02,16:40,20:15,21:44
